﻿{
  "tracker_broadcast": {
    "type": "array",
    "orientation": "vertical",
    "margin": "0,0",
    "content": [
      {
        "type": "array",
        "orientation": "horizontal",
        "margin": "0,0",
        "content": [
          {
            "type": "itemgrid",
            "item_margin": "6,1",
            "h_alignment": "left",
            "item_size": 48,
            "rows": [
              [ "emp", "etank", "missile", "supermissile", "powerbomb", "metroid" ],
              [ "varia", "gravity", "highjump", "spacejump", "screw", "speed" ],
              [ "charge", "wave", "ice", "plasma", "spazer" ],
              [ "bomb",  "spider", "spring", "easy", "classicp" ]
            ]
          }
        ]
      }
    ]
  }
}