﻿{
	"name": "XenoWars EmoTracker Packs",
	"packages": [
		{
			"name": "AM2R Randomizer Tracker",
			"author": "XenoWars",
			"game_name": "AM2R Randomizer",
			"version": "2.0.0",
			"flags": [ "map", "pins" ],
			"uid": "am2r_xenowars",
			"link": "https://xenowars.github.io/Xeno_EmoPacks/am2r_xenowars.zip",
			"variants": [
				{
					"name": "Map Tracker",
					"flags": [ "map", "pins" ]
				},
				{
					"name": "Items Only"
				}
			]
		},
		{
			"name": "Metroid Prime 2: Echoes Randomizer Tracker",
			"author": "XenoWars, Emblem, anxiousCrescendo",
			"game_name": "Metroid Prime 2: Echoes",
			"version": "1.2.3",
			"flags": [ "map", "pins" ],
			"uid": "prime2_xenowars_emblem_anxiouscrescendo",
			"link": "https://xenowars.github.io/Xeno_EmoPacks/prime2_xenowars_emblem_anxiouscrescendo.zip",
			"variants": [
				{
					"name": "Map Tracker",
					"flags": [ "map", "pins" ]
				},
				{
					"name": "Item Tracker"
				},
				{
					"name": "Extra Settings"
				}
			]
		}
	]
}