[
  {
    "name": "sr388",
    "location_size": 40,
    "location_border_thickness": 5,
    "img": "images/maps/sr388.png"
  },
  {
    "name": "goldentemple",
    "location_size": 40,
    "location_border_thickness": 5,
    "img": "images/maps/goldentemple.png"
  },
  {
    "name": "hydrostation",
    "location_size": 40,
    "location_border_thickness": 5,
    "img": "images/maps/hydrostation.png"
  },
  {
    "name": "industrialcomplex",
    "location_size": 40,
    "location_border_thickness": 5,
    "img": "images/maps/industrialcomplex.png"
  },
  {
    "name": "thetower",
    "location_size": 40,
    "location_border_thickness": 5,
    "img": "images/maps/thetower.png"
  },
  {
    "name": "distributioncenter",
    "location_size": 40,
    "location_border_thickness": 5,
    "img": "images/maps/distributioncenter.png"
  },
  {
    "name": "gfsthoth",
    "location_size": 40,
    "location_border_thickness": 5,
    "img": "images/maps/gfsthoth.png"
  }
]