[ // Dark Torvus
  {
    "name": "From Agon - Ground Level",
	"color": "#559966",
	"chest_unopened_img": "images/Beams/unopened.png",
	"chest_opened_img": "images/Beams/opened.png",
	"access_rules": [ "violet, seeker, bomb, boostball, spacejump, supermissile, lightbeam" ],
	"children": [
      {
        "name": "Dark Torvus Temple",
        "map_locations": [
          {
            "map": "darktorvus",
            "x": 675,
            "y": 1277
          }
        ],
        "sections": [
          {
            "name": "Chykka",
            "capture_item": true,
            "access_rules": [
				"darkbeam, grapple",
				"annihilator, grapple" ],
            "item_count": 1
          }
        ]
      },
      {
        "name": "Dark Torvus Arena",
        "map_locations": [
          {
            "map": "darktorvus",
            "x": 1115,
            "y": 92
          }
        ],
        "sections": [
          {
            "name": "Boost Guardian",
            "capture_item": true,
            "access_rules": [
			    "emerald, darkbeam, darksuit",
				"emerald, darkbeam, lightsuit"
			],
            "item_count": 1
          }
        ]
      },
      {
        "name": "Putrid Alcove",
        "map_locations": [
          {
            "map": "darktorvus",
            "x": 1380,
            "y": 1066
          }
        ],
        "sections": [
          {
            "name": "Power Bomb",
            "capture_item": true,
            "access_rules": [
			    "darkbeam, powerbomb",
				"annihilator, powerbomb" ],
            "item_count": 1
          }
        ]
      },
      {
        "name": "Cache B",
        "map_locations": [
          {
            "map": "darktorvus",
            "x": 473,
            "y": 1305
          }
        ],
        "sections": [
          {
            "name": "E-Tank",
            "capture_item": true,
            "access_rules": [
				"darkbeam",
				"annihilator" ],
            "item_count": 1
          }
        ]
      },
      {
        "name": "Cache A",
        "map_locations": [
          {
            "map": "darktorvus",
            "x": 1475,
            "y": 1289
          }
        ],
        "sections": [
          {
            "name": "Beam Ammo Expansion",
            "capture_item": true,
            "access_rules": [
			    "darkbeam",
				"annihilator, powerbomb" ],
            "item_count": 1
          }
        ]
      },
      {
        "name": "Dark Torvus Arena",
        "map_locations": [
          {
            "map": "darktorvus",
            "x": 1139,
            "y": 312
          }
        ],
        "sections": [
          {
            "name": "Dark Torvus Bog Temple Key 1",
            "capture_item": true,
            "access_rules": [ "emerald, darkbeam" ],
            "item_count": 1
          }
        ]
      },
      {
        "name": "Venomous Pond",
        "map_locations": [
          {
            "map": "darktorvus",
            "x": 1110,
            "y": 1276
          }
        ],
        "sections": [
          {
            "name": "Dark Torvus Bog Temple Key 3",
            "capture_item": true,
            "access_rules": [
			    "darkbeam, grapple",
				"annihilator, grapple",
				"darkbeam, screwattack",
				"annihilator, screwattack",
				"{darkbeam}",
				"{annihilator}"
			],
            "item_count": 1
          }
        ]
      },
      {
        "name": "Poisoned Bog",
        "map_locations": [
          {
            "map": "darktorvus",
            "x": 1580,
            "y": 1200
          }
        ],
        "sections": [
          {
            "name": "Sky Temple Key 3",
            "capture_item": true,
            "access_rules": [
			    "darkbeam, lightsuit, gravity, darkvisor",
				"lightsuit, annihilator, powerbomb, gravity, darkvisor",
			    "{darkbeam, lightsuit, darkvisor}",
				"{lightsuit, annihilator, powerbomb, darkvisor}"
			],
            "item_count": 1
          }
        ]
      }
	]
  },
  {
    "name": "From Agon - Depths",
	"color": "#559966",
	"chest_unopened_img": "images/Beams/unopened.png",
	"chest_opened_img": "images/Beams/opened.png",
	"access_rules": [ "violet, seeker, bomb, boostball, spacejump, supermissile" ],
	"children": [
      {
        "name": "Undertemple Access",
        "map_locations": [
          {
            "map": "darktorvus",
            "x": 2341,
            "y": 916
          }
        ],
        "sections": [
          {
            "name": "Dark Torvus Bog Temple Key 2",
            "capture_item": true,
            "access_rules": [
				"powerbomb, lightbeam, darkbeam, darksuit",
				"powerbomb, lightbeam, darkbeam, lightsuit",
				"powerbomb, lightbeam, annihilator, darksuit",
				"powerbomb, lightbeam, annihilator, lightsuit",
				"gravity, darkbeam",
				"gravity, annihilator"
			],
            "item_count": 1
          }
        ]
      },
      {
        "name": "Dungeon",
        "map_locations": [
          {
            "map": "darktorvus",
            "x": 3158,
            "y": 1373
          }
        ],
        "sections": [
          {
            "name": "Sky Temple Key 4",
            "capture_item": true,
            "access_rules": [ "powerbomb, lightbeam, darkbeam, lightsuit, darkvisor" ],
            "item_count": 1
          }
        ]
      },
      {
        "name": "Sacrificial Chamber",
        "map_locations": [
          {
            "map": "darktorvus",
            "x": 2862,
            "y": 692
          }
        ],
        "sections": [
          {
            "name": "Grapple Guardian",
            "capture_item": true,
            "access_rules": [
				"lightbeam, darkbeam",
				"lightbeam, annihilator"
			],
            "item_count": 1
          }
        ]
      },
      {
        "name": "Undertemple",
        "map_locations": [
          {
            "map": "darktorvus",
            "x": 2229,
            "y": 1226
          }
        ],
        "sections": [
          {
            "name": "Power Bomb Guardian",
            "capture_item": true,
            "access_rules": [
				"spider, darkbeam, gravity",
			    "spider, annihilator, gravity",
				"lightbeam, darkbeam, spider, grapple",
				"lightbeam, darkbeam, spider, screwattack",
				"lightbeam, darkbeam, spider, powerbomb, darksuit",
				"lightbeam, darkbeam, spider, powerbomb, lightsuit",
				"lightbeam, annihilator, spider, powerbomb, darksuit",
				"lightbeam, annihilator, spider, powerbomb, lightsuit"
				],
            "item_count": 1
          },
          {
            "name": "Missile",
            "capture_item": true,
            "access_rules": [
				"spider, darkbeam, gravity, screwattack",
			    "spider, annihilator, gravity, screwattack",
				"lightbeam, darkbeam, spider, screwattack",
				"lightbeam, darkbeam, spider, powerbomb, darksuit, screwattack",
				"lightbeam, darkbeam, spider, powerbomb, lightsuit, screwattack",
				"lightbeam, annihilator, spider, powerbomb, darksuit, screwattack",
				"lightbeam, annihilator, spider, powerbomb, lightsuit, screwattack",
				"{spider, darkbeam, gravity}",
			    "{spider, annihilator, gravity}",
				"{lightbeam, darkbeam, spider, grapple}",
				"{lightbeam, darkbeam, spider, powerbomb, darksuit}",
				"{lightbeam, darkbeam, spider, powerbomb, lightsuit}",
				"{lightbeam, annihilator, spider, powerbomb, darksuit}",
				"{lightbeam, annihilator, spider, powerbomb, lightsuit}"
			],
            "item_count": 1
          }
        ]
      },
      {
        "name": "Undertransit One",
        "map_locations": [
          {
            "map": "darktorvus",
            "x": 2513,
            "y": 923
          }
        ],
        "sections": [
          {
            "name": "Missile",
            "capture_item": true,
            "access_rules": [
			    "lightbeam, darkbeam, powerbomb, spider",
			    "lightbeam, annihilator, powerbomb, spider"
			],
            "item_count": 1
          }
        ]
      }
    ]
  },
  {
    "name": "Dark Torvus Bog",
    "color": "#dd6688",
	"chest_unopened_img": "images/Beams/unopened.png",
	"chest_opened_img": "images/Beams/opened.png",
	"access_rules": [ "amber, missile, lightbeam, darkbeam, bomb, spacejump" ],
    "children": [
      {
        "name": "Dark Torvus Temple",
        "map_locations": [
          {
            "map": "darktorvus",
            "x": 675,
            "y": 1277
          }
        ],
        "sections": [
          {
            "name": "Chykka",
            "capture_item": true,
            "access_rules": [
			    "seeker, supermissile, grapple",
				"seeker, darksuit, powerbomb, grapple",
				"seeker, lightsuit, powerbomb, grapple",
			    "seeker, supermissile, screwattack",
				"seeker, darksuit, powerbomb, screwattack",
				"seeker, lightsuit, powerbomb, screwattack" ],
            "item_count": 1
          }
        ]
      },
      {
        "name": "Dark Torvus Arena",
        "map_locations": [
          {
            "map": "darktorvus",
            "x": 1115,
            "y": 92
          }
        ],
        "sections": [
          {
            "name": "Boost Guardian",
            "capture_item": true,
            "access_rules": [
			    "emerald, supermissile, darksuit",
				"emerald, supermissile, lightsuit" ],
            "item_count": 1
          }
        ]
      },
      {
        "name": "Sacrificial Chamber",
        "map_locations": [
          {
            "map": "darktorvus",
            "x": 2862,
            "y": 692
          }
        ],
        "sections": [
          {
            "name": "Grapple Guardian",
            "capture_item": true,
            "access_rules": [
			    "seeker, supermissile",
			    "supermissile, gravity" ],
            "item_count": 1
          }
        ]
      },
      {
        "name": "Undertemple",
        "map_locations": [
          {
            "map": "darktorvus",
            "x": 2229,
            "y": 1226
          }
        ],
        "sections": [
          {
            "name": "Power Bomb Guardian",
            "capture_item": true,
            "access_rules": [
				"spider, supermissile, gravity",
				"spider, supermissile, seeker, grapple",
				"spider, supermissile, seeker, screwattack",
				"spider, powerbomb, darksuit, seeker, supermissile",
				"spider, powerbomb, lightsuit, seeker, supermissile",
				"spider, powerbomb, darksuit, gravity, supermissile",
				"spider, powerbomb, lightsuit, gravity, supermissile"
			],
            "item_count": 1
          },
          {
            "name": "Missile",
            "capture_item": true,
            "access_rules": [
				"spider, supermissile, gravity, screwattack",
				"spider, supermissile, seeker, screwattack",
				"spider, powerbomb, darksuit, seeker, supermissile, screwattack",
				"spider, powerbomb, lightsuit, seeker, supermissile, screwattack",
				"spider, powerbomb, darksuit, gravity, supermissile, screwattack",
				"spider, powerbomb, lightsuit, gravity, supermissile, screwattack",
				"{spider, supermissile, gravity}",
			    "{spider, supermissile, seeker}",
				"{spider, powerbomb, darksuit, seeker, supermissile}",
				"{spider, powerbomb, lightsuit, seeker, supermissile}",
				"{spider, powerbomb, darksuit, gravity, supermissile}",
				"{spider, powerbomb, lightsuit, gravity, supermissile}"
			],
            "item_count": 1
          }
        ]
      },
      {
        "name": "Undertransit One",
        "map_locations": [
          {
            "map": "darktorvus",
            "x": 2513,
            "y": 923
          }
        ],
        "sections": [
          {
            "name": "Missile",
            "capture_item": true,
            "access_rules": [
			    "supermissile, powerbomb, spider, seeker",
			    "supermissile, powerbomb, spider, gravity"
			],
            "item_count": 1
          }
        ]
      },
      {
        "name": "Putrid Alcove",
        "map_locations": [
          {
            "map": "darktorvus",
            "x": 1380,
            "y": 1066
          }
        ],
        "sections": [
          {
            "name": "Power Bomb",
            "capture_item": true,
            "access_rules": [
			    "supermissile, powerbomb",
				"darksuit, powerbomb",
				"lightsuit, powerbomb" ],
            "item_count": 1
          }
        ]
      },
      {
        "name": "Cache B",
        "map_locations": [
          {
            "map": "darktorvus",
            "x": 473,
            "y": 1305
          }
        ],
        "sections": [
          {
            "name": "E-Tank",
            "capture_item": true,
            "access_rules": [ "supermissile" ],
            "item_count": 1
          }
        ]
      },
      {
        "name": "Cache A",
        "map_locations": [
          {
            "map": "darktorvus",
            "x": 1475,
            "y": 1289
          }
        ],
        "sections": [
          {
            "name": "Beam Ammo Expansion",
            "capture_item": true,
            "access_rules": [
			    "supermissile",
				"darksuit, powerbomb",
				"lightsuit, powerbomb" ],
            "item_count": 1
          }
        ]
      },
      {
        "name": "Dark Torvus Arena",
        "map_locations": [
          {
            "map": "darktorvus",
            "x": 1139,
            "y": 312
          }
        ],
        "sections": [
          {
            "name": "Dark Torvus Bog Temple Key 1",
            "capture_item": true,
            "access_rules": [
				"emerald, supermissile, boostball",
				"{emerald, supermissile}"
			],
            "item_count": 1
          }
        ]
      },
      {
        "name": "Undertemple Access",
        "map_locations": [
          {
            "map": "darktorvus",
            "x": 2341,
            "y": 916
          }
        ],
        "sections": [
          {
            "name": "Dark Torvus Bog Temple Key 2",
            "capture_item": true,
            "access_rules": [
			    "supermissile, gravity",
				"supermissile, seeker, powerbomb, darksuit",
				"supermissile, seeker, powerbomb, lightsuit"
				],
            "item_count": 1
          }
        ]
      },
      {
        "name": "Venomous Pond",
        "map_locations": [
          {
            "map": "darktorvus",
            "x": 1110,
            "y": 1276
          }
        ],
        "sections": [
          {
            "name": "Dark Torvus Bog Temple Key 3",
            "capture_item": true,
            "access_rules": [
			    "supermissile, grapple",
				"darksuit, powerbomb, grapple",
				"lightsuit, powerbomb, grapple",
			    "supermissile, screwattack",
				"darksuit, powerbomb, screwattack",
				"lightsuit, powerbomb, screwattack",
				"{supermissile}",
				"{darksuit, powerbomb}",
				"{lightsuit, powerbomb}"
			],
            "item_count": 1
          }
        ]
      },
      {
        "name": "Poisoned Bog",
        "map_locations": [
          {
            "map": "darktorvus",
            "x": 1580,
            "y": 1200
          }
        ],
        "sections": [
          {
            "name": "Sky Temple Key 3",
            "capture_item": true,
            "access_rules": [
			    "supermissile, lightsuit, gravity, darkvisor",
				"lightsuit, powerbomb, gravity, darkvisor",
			    "{supermissile, lightsuit, darkvisor}",
				"{lightsuit, powerbomb,, darkvisor}"
			],
            "item_count": 1
          }
        ]
      },
      {
        "name": "Dungeon",
        "map_locations": [
          {
            "map": "darktorvus",
            "x": 3158,
            "y": 1373
          }
        ],
        "sections": [
          {
            "name": "Sky Temple Key 4",
            "capture_item": true,
            "access_rules": [
			    "seeker, supermissile, powerbomb, lightsuit, darkvisor",
			    "supermissile, powerbomb, gravity, lightsuit, darkvisor"
			],
            "item_count": 1
          }
        ]
      }
    ]
  }
]