[
  {
    "name": "From Agon",
    "color": "#88eeff",
	"chest_unopened_img": "images/Beams/unopened.png",
	"chest_opened_img": "images/Beams/opened.png",
	"access_rules": [ "violet, seeker, powerbomb, lightbeam, bomb, spacejump" ],
    "children": [
      {
        "name": "Dynamo Works",
        "map_locations": [
          {
            "map": "sanctuaryfortress",
            "x": 1635,
            "y": 641
          }
        ],
        "sections": [
          {
            "name": "Spider Guardian",
            "capture_item": true,
            "access_rules": [
				"darkbeam, cobalt, darkvisor, grapple, boostball",
				"darkbeam, cobalt, darkvisor, screwattack, boostball",
				"darkbeam, cobalt, screwattack, annihilator, spider, boostball",
				"cobalt, annihilator, echovisor, screwattack, spider, boostball" ],
            "item_count": 1
          },
          {
            "name": "Missile",
            "capture_item": true,
            "access_rules": [
				"darkbeam, cobalt, darkvisor, grapple, boostball",
				"darkbeam, cobalt, darkvisor, screwattack, boostball",
				"darkbeam, cobalt, screwattack, annihilator, spider, boostball",
				"cobalt, annihilator, echovisor, screwattack, spider, boostball" ],
            "item_count": 1
          }
        ]
      },
      {
        "name": "Reactor Core",
        "map_locations": [
          {
            "map": "sanctuaryfortress",
            "x": 2200,
            "y": 255
          }
        ],
        "sections": [
          {
            "name": "E-Tank",
            "capture_item": true,
            "access_rules": [
				"spider, boostball",
				"{}"
			],
            "item_count": 1
          }
        ]
      },
      {
        "name": "Vault",
        "map_locations": [
          {
            "map": "sanctuaryfortress",
            "x": 227,
            "y": 395
          }
        ],
        "sections": [
          {
            "name": "Screw Attack",
            "capture_item": true,
            "access_rules": [
				"darkbeam, screwattack",
				"darkbeam, echovisor, grapple, boostball",
				"annihilator, echovisor, grapple, boostball"
			],
            "item_count": 1
          }
        ]
      },
      {
        "name": "Sanctuary Energy Controller",
        "map_locations": [
          {
            "map": "sanctuaryfortress",
            "x": 1188,
            "y": 1410
          }
        ],
        "sections": [
          {
            "name": "Cobalt Translator",
            "capture_item": true,
            "access_rules": [
				"darkbeam, darkvisor, grapple",
				"darkbeam, darkvisor, screwattack",
				"darkbeam, screwattack, annihilator",
				"darkbeam, echovisor, screwattack, darkvisor, spider, boostball" ],
            "item_count": 1
          }
        ]
      },
      {
        "name": "Watch Station Access",
        "map_locations": [
          {
            "map": "sanctuaryfortress",
            "x": 937,
            "y": 578
          }
        ],
        "sections": [
          {
            "name": "E-Tank",
            "capture_item": true,
            "access_rules": [
				"spider, annihilator, echovisor, boostball",
				"spider, darkbeam, echovisor, boostball",
				"darkbeam, screwattack",
				"{darkbeam}"
			],
            "item_count": 1
          }
        ]
      },
      {
        "name": "Hall of Combat Mastery",
        "map_locations": [
          {
            "map": "sanctuaryfortress",
            "x": 2605,
            "y": 130
          }
        ],
        "sections": [
          {
            "name": "E-Tank",
            "capture_item": true,
            "access_rules": [
				"spider",
				"{}"
			],
            "item_count": 1
          }
        ]
      },
      {
        "name": "Temple Access",
        "map_locations": [
          {
            "map": "sanctuaryfortress",
            "x": 1178,
            "y": 740
          }
        ],
        "sections": [
          {
            "name": "Missile",
            "capture_item": true,
            "access_rules": [
				"darkbeam, echovisor, boostball",
				"spider, annihilator, screwattack, echovisor, boostball",
				"{darkbeam}"
			],
            "item_count": 1
          }
        ]
      },
      {
        "name": "Main Research",
        "map_locations": [
          {
            "map": "sanctuaryfortress",
            "x": 1906,
            "y": 255
          }
        ],
        "sections": [
          {
            "name": "Missile",
            "capture_item": true,
            "access_rules": [
				"spider",
				"{}"
			],
            "item_count": 1
          }
        ]
      },
      {
        "name": "Central Area Transport West",
        "map_locations": [
          {
            "map": "sanctuaryfortress",
            "x": 1758,
            "y": 276
          }
        ],
        "sections": [
          {
            "name": "Missile",
            "capture_item": true,
            "access_rules": [
				"darkbeam, screwattack",
				"spider, darkbeam, echovisor, boostball",
				"spider, annihilator, echovisor, boostball" ],
            "item_count": 1
          }
        ]
      },
      {
        "name": "Sentinel's Path",
        "map_locations": [
          {
            "map": "sanctuaryfortress",
            "x": 940,
            "y": 908
          }
        ],
        "sections": [
          {
            "name": "Missile",
            "capture_item": true,
            "access_rules": [
				"darkbeam, screwattack, darkvisor, echovisor, annihilator",
				"darkbeam, screwattack, spider, echovisor, annihilator",
				"spider, echovisor, annihilator, boostball" ],
            "item_count": 1
          }
        ]
      },
      {
        "name": "Watch Station",
        "map_locations": [
          {
            "map": "sanctuaryfortress",
            "x": 817,
            "y": 466
          }
        ],
        "sections": [
          {
            "name": "Beam Ammo Expansion",
            "capture_item": true,
            "access_rules": [
				"spider, darkbeam, screwattack",
				"spider, darkbeam, echovisor, boostball",
				"spider, annihilator, echovisor, boostball" ],
            "item_count": 1
          }
        ]
      },
      {
        "name": "Main Gyro Chamber",
        "map_locations": [
          {
            "map": "sanctuaryfortress",
            "x": 1155,
            "y": 442
          }
        ],
        "sections": [
          {
            "name": "Power Bomb",
            "capture_item": true,
            "access_rules": [
				"darkbeam, echovisor, annihilator",
				"spider, screwattack, annihilator, echovisor, boostball" ],
            "item_count": 1
          }
        ]
      },
      {
        "name": "Aerie",
        "map_locations": [
          {
            "map": "sanctuaryfortress",
            "x": 965,
            "y": 113
          }
        ],
        "sections": [
          {
            "name": "Echo Visor",
            "capture_item": true,
            "access_rules": [
				"spider, darkbeam, boostball",
				"spider, boostball, screwattack, annihilator, echovisor"
			],
            "item_count": 1
          }
        ]
      },
      {
        "name": "Transit Station",
        "map_locations": [
          {
            "map": "sanctuaryfortress",
            "x": 2059,
            "y": 285
          }
        ],
        "sections": [
          {
            "name": "Power Bomb",
            "capture_item": true,
            "access_rules": [
				"spider, darkbeam",
				"spider, annihilator" ],
            "item_count": 1
          }
        ]
      },
      {
        "name": "Sanctuary Map Station",
        "map_locations": [
          {
            "map": "sanctuaryfortress",
            "x": 2147,
            "y": 170
          }
        ],
        "sections": [
          {
            "name": "Power Bomb",
            "capture_item": true,
            "access_rules": [ "cobalt, lightsuit" ],
            "item_count": 1
          }
        ]
      }
	]
  },
  {
    "name": "From Torvus",
    "color": "#88eeff",
	"chest_unopened_img": "images/Beams/unopened.png",
	"chest_opened_img": "images/Beams/opened.png",
	"access_rules": [
		"amber, lightbeam, gravity, bomb, missile, supermissile, spacejump, powerbomb, spider",
		"seeker, boostball, violet, gravity, bomb, missile, supermissile, spacejump, powerbomb, spider"
	],
    "children": [
      {
        "name": "Dynamo Works",
        "map_locations": [
          {
            "map": "sanctuaryfortress",
            "x": 1635,
            "y": 641
          }
        ],
        "sections": [
          {
            "name": "Spider Guardian",
            "capture_item": true,
            "access_rules": [
				"boostball, darkbeam, cobalt, seeker, darkvisor, grapple",
				"boostball, darkbeam, cobalt, seeker, darkvisor, screwattack",
				"boostball, darkbeam, cobalt, annihilator, screwattack",
				"boostball, cobalt, echovisor, annihilator, screwattack" ],
            "item_count": 1
          },
          {
            "name": "Missile",
            "capture_item": true,
            "access_rules": [
				"boostball, darkbeam, cobalt, seeker, darkvisor, grapple",
				"boostball, darkbeam, cobalt, seeker, darkvisor, screwattack",
				"boostball, darkbeam, cobalt, annihilator, screwattack",
				"boostball, cobalt, echovisor, annihilator, screwattack" ],
            "item_count": 1
          }
        ]
      },
      {
        "name": "Reactor Core",
        "map_locations": [
          {
            "map": "sanctuaryfortress",
            "x": 2200,
            "y": 255
          }
        ],
        "sections": [
          {
            "name": "E-Tank",
            "capture_item": true,
            "access_rules": [
				"boostball",
				"{}"
			],
            "item_count": 1
          }
        ]
      },
      {
        "name": "Vault",
        "map_locations": [
          {
            "map": "sanctuaryfortress",
            "x": 227,
            "y": 395
          }
        ],
        "sections": [
          {
            "name": "Screw Attack",
            "capture_item": true,
            "access_rules": [
				"darkbeam, screwattack",
				"boostball, echovisor, annihilator, screwattack",
				"boostball, echovisor, annihilator, grapple",
				"boostball, echovisor, darkbeam, lightbeam, grapple"
			],
            "item_count": 1
          }
        ]
      },
      {
        "name": "Sanctuary Energy Controller",
        "map_locations": [
          {
            "map": "sanctuaryfortress",
            "x": 1188,
            "y": 1410
          }
        ],
        "sections": [
          {
            "name": "Cobalt Translator",
            "capture_item": true,
            "access_rules": [
				"darkbeam, seeker, darkvisor, grapple",
				"darkbeam, seeker, darkvisor, screwattack",
				"lightbeam, darkbeam, annihilator, screwattack",
				"boostball, echovisor, annihilator, screwattack" ],
            "item_count": 1
          }
        ]
      },
      {
        "name": "Watch Station Access",
        "map_locations": [
          {
            "map": "sanctuaryfortress",
            "x": 937,
            "y": 578
          }
        ],
        "sections": [
          {
            "name": "E-Tank",
            "capture_item": true,
            "access_rules": [
				"lightbeam, boostball, annihilator, echovisor",
				"lightbeam, boostball, darkbeam, echovisor",
				"lightbeam, darkbeam, screwattack",
				"{lightbeam, darkbeam}"
			],
            "item_count": 1
          }
        ]
      },
      {
        "name": "Hall of Combat Mastery",
        "map_locations": [
          {
            "map": "sanctuaryfortress",
            "x": 2605,
            "y": 130
          }
        ],
        "sections": [
          {
            "name": "E-Tank",
            "capture_item": true,
            "item_count": 1
          }
        ]
      },
      {
        "name": "Temple Access",
        "map_locations": [
          {
            "map": "sanctuaryfortress",
            "x": 1178,
            "y": 740
          }
        ],
        "sections": [
          {
            "name": "Missile",
            "capture_item": true,
            "access_rules": [
				"darkbeam, echovisor, boostball",
				"boostball, lightbeam, annihilator, screwattack, echovisor",
				"{darkbeam}"
			],
            "item_count": 1
          }
        ]
      },
      {
        "name": "Main Research",
        "map_locations": [
          {
            "map": "sanctuaryfortress",
            "x": 1906,
            "y": 255
          }
        ],
        "sections": [
          {
            "name": "Missile",
            "capture_item": true,
            "item_count": 1
          }
        ]
      },
      {
        "name": "Central Area Transport West",
        "map_locations": [
          {
            "map": "sanctuaryfortress",
            "x": 1758,
            "y": 276
          }
        ],
        "sections": [
          {
            "name": "Missile",
            "capture_item": true,
            "access_rules": [
				"lightbeam, darkbeam, screwattack",
				"lightbeam, darkbeam, echovisor, boostball",
				"annihilator, echovisor, boostball"
			],
            "item_count": 1
          }
        ]
      },
      {
        "name": "Sentinel's Path",
        "map_locations": [
          {
            "map": "sanctuaryfortress",
            "x": 940,
            "y": 908
          }
        ],
        "sections": [
          {
            "name": "Missile",
            "capture_item": true,
            "access_rules": [ "echovisor, annihilator, boostball" ],
            "item_count": 1
          }
        ]
      },
      {
        "name": "Watch Station",
        "map_locations": [
          {
            "map": "sanctuaryfortress",
            "x": 817,
            "y": 466
          }
        ],
        "sections": [
          {
            "name": "Beam Ammo Expansion",
            "capture_item": true,
            "access_rules": [
				"lightbeam, darkbeam, echovisor, boostball",
				"lightbeam, darkbeam, screwattack",
				"boostball, annihilator, echovisor" ],
			"item_count": 1
          }
        ]
      },
      {
        "name": "Main Gyro Chamber",
        "map_locations": [
          {
            "map": "sanctuaryfortress",
            "x": 1155,
            "y": 442
          }
        ],
        "sections": [
          {
            "name": "Power Bomb",
            "capture_item": true,
            "access_rules": [
				"darkbeam, echovisor, annihilator",
				"annihilator, echovisor, darkbeam",
				"boostball, annihilator, echovisor, lightbeam, screwattack" ],
            "item_count": 1
          }
        ]
      },
      {
        "name": "Aerie",
        "map_locations": [
          {
            "map": "sanctuaryfortress",
            "x": 965,
            "y": 113
          }
        ],
        "sections": [
          {
            "name": "Echo Visor",
            "capture_item": true,
            "access_rules": [
				"darkbeam",
				"boostball, lightbeam, screwattack, annihilator, echovisor"
			],
            "item_count": 1
          }
        ]
      },
      {
        "name": "Transit Station",
        "map_locations": [
          {
            "map": "sanctuaryfortress",
            "x": 2059,
            "y": 285
          }
        ],
        "sections": [
          {
            "name": "Power Bomb",
            "capture_item": true,
            "access_rules": [
				"darkbeam",
				"annihilator" ],
            "item_count": 1
          }
        ]
      },
      {
        "name": "Sanctuary Map Station",
        "map_locations": [
          {
            "map": "sanctuaryfortress",
            "x": 2147,
            "y": 170
          }
        ],
        "sections": [
          {
            "name": "Power Bomb",
            "capture_item": true,
            "access_rules": [ "cobalt, lightsuit" ],
            "item_count": 1
          }
        ]
      }
	]
  },
  {
    "name": "Sanctuary Fortress",
    "color": "#88eeff",
	"chest_unopened_img": "images/Beams/unopened.png",
	"chest_opened_img": "images/Beams/opened.png",
	"access_rules": [
		"violet, emerald, boostball, lightbeam, bomb, spacejump, powerbomb",
		"amber, emerald, lightbeam, bomb, boostball, spacejump, powerbomb",
		"emerald, seeker, darkvisor, boostball, spacejump, lightbeam, bomb"
	],
    "children": [
      {
        "name": "Dynamo Works",
        "map_locations": [
          {
            "map": "sanctuaryfortress",
            "x": 1635,
            "y": 641
          }
        ],
        "sections": [
          {
            "name": "Spider Guardian",
            "capture_item": true,
            "access_rules": [
				"darkbeam, cobalt, seeker, darkvisor, grapple",
				"darkbeam, cobalt, seeker, darkvisor,  screwattack",
				"darkbeam, cobalt, annihilator, screwattack",
				"cobalt, powerbomb, echovisor, annihilator, screwattack" ],
            "item_count": 1
          },
          {
            "name": "Missile",
            "capture_item": true,
            "access_rules": [
				"darkbeam, cobalt, seeker, darkvisor, grapple",
				"darkbeam, cobalt, seeker, darkvisor, screwattack",
				"darkbeam, cobalt, annihilator, screwattack, spider",
				"cobalt, powerbomb, echovisor, annihilator, screwattack, spider" ],
            "item_count": 1
          }
        ]
      },
      {
        "name": "Vault",
        "map_locations": [
          {
            "map": "sanctuaryfortress",
            "x": 227,
            "y": 395
          }
        ],
        "sections": [
          {
            "name": "Screw Attack",
            "capture_item": true,
            "access_rules": [
				"darkbeam, screwattack",
				"powerbomb, darkbeam, spider, echovisor, grapple",
				"powerbomb, annihilator, spider, echovisor, grapple"
			],
            "item_count": 1
          }
        ]
      },
      {
        "name": "Sanctuary Energy Controller",
        "map_locations": [
          {
            "map": "sanctuaryfortress",
            "x": 1188,
            "y": 1410
          }
        ],
        "sections": [
          {
            "name": "Cobalt Translator",
            "capture_item": true,
            "access_rules": [
				"darkbeam, seeker, darkvisor, grapple",
				"darkbeam, seeker, darkvisor, screwattack",
				"darkbeam, annihilator, screwattack, spider",
				"powerbomb, echovisor, annihilator, screwattack, spider" ],
            "item_count": 1
          }
        ]
      },
      {
        "name": "Watch Station Access",
        "map_locations": [
          {
            "map": "sanctuaryfortress",
            "x": 937,
            "y": 578
          }
        ],
        "sections": [
          {
            "name": "E-Tank",
            "capture_item": true,
            "access_rules": [
				"annihilator, echovisor, powerbomb, spider",
				"darkbeam, echovisor, powerbomb, spider",
				"darkbeam, screwattack",
				"{darkbeam}"
			],
            "item_count": 1
          }
        ]
      },
      {
        "name": "Hall of Combat Mastery",
        "map_locations": [
          {
            "map": "sanctuaryfortress",
            "x": 2605,
            "y": 130
          }
        ],
        "sections": [
          {
            "name": "E-Tank",
            "capture_item": true,
            "access_rules": [
				"spider",
				"{}"
			],
            "item_count": 1
          }
        ]
      },
      {
        "name": "Temple Access",
        "map_locations": [
          {
            "map": "sanctuaryfortress",
            "x": 1178,
            "y": 740
          }
        ],
        "sections": [
          {
            "name": "Missile",
            "capture_item": true,
            "access_rules": [
				"darkbeam, echovisor",
				"powerbomb, annihilator, spider, screwattack, echovisor",
				"{darkbeam}"
			],
            "item_count": 1
          }
        ]
      },
      {
        "name": "Main Research",
        "map_locations": [
          {
            "map": "sanctuaryfortress",
            "x": 1906,
            "y": 255
          }
        ],
        "sections": [
          {
            "name": "Missile",
            "capture_item": true,
            "access_rules": [
				"powerbomb, spider",
				"{powerbomb}"
			],
            "item_count": 1
          }
        ]
      },
      {
        "name": "Central Area Transport West",
        "map_locations": [
          {
            "map": "sanctuaryfortress",
            "x": 1758,
            "y": 276
          }
        ],
        "sections": [
          {
            "name": "Missile",
            "capture_item": true,
            "access_rules": [
				"darkbeam, screwattack",
				"darkbeam, echovisor, powerbomb, spider",
				"annihilator, echovisor, powerbomb, spider" ],
            "item_count": 1
          }
        ]
      },
      {
        "name": "Sentinel's Path",
        "map_locations": [
          {
            "map": "sanctuaryfortress",
            "x": 940,
            "y": 908
          }
        ],
        "sections": [
          {
            "name": "Missile",
            "capture_item": true,
            "access_rules": [
				"darkbeam, seeker, screwattack, darkvisor, echovisor, annihilator",
				"darkbeam, screwattack, echovisor, annihilator, spider",
				"powerbomb, echovisor, annihilator, spider" ],
            "item_count": 1
          }
        ]
      },
      {
        "name": "Watch Station",
        "map_locations": [
          {
            "map": "sanctuaryfortress",
            "x": 817,
            "y": 466
          }
        ],
        "sections": [
          {
            "name": "Beam Ammo Expansion",
            "capture_item": true,
            "access_rules": [
				"annihilator, powerbomb, echovisor, spider",
				"darkbeam, powerbomb, echovisor, spider",
				"darkbeam, screwattack, spider" ],
            "item_count": 1
          }
        ]
      },
      {
        "name": "Main Gyro Chamber",
        "map_locations": [
          {
            "map": "sanctuaryfortress",
            "x": 1155,
            "y": 442
          }
        ],
        "sections": [
          {
            "name": "Power Bomb",
            "capture_item": true,
            "access_rules": [
				"darkbeam, echovisor, annihilator, powerbomb",
				"spider, screwattack, echovisor, annihilator, powerbomb"],
            "item_count": 1
          }
        ]
      },
      {
        "name": "Aerie",
        "map_locations": [
          {
            "map": "sanctuaryfortress",
            "x": 965,
            "y": 113
          }
        ],
        "sections": [
          {
            "name": "Echo Visor",
            "capture_item": true,
            "access_rules": [
				"powerbomb, darkbeam, spider",
				"annihilator, powerbomb, spider, screwattack, echovisor" ],
            "item_count": 1
          }
        ]
      }
	]
  },
  {
    "name": "Sanctuary Fortress",
    "color": "#88eeff",
	"chest_unopened_img": "images/Beams/unopened.png",
	"chest_opened_img": "images/Beams/opened.png",
	"access_rules": [
		"violet, emerald, boostball, spacejump, powerbomb",
		"amber, emerald, lightbeam, bomb, boostball, spacejump, powerbomb",
		"emerald, seeker, darkvisor, spacejump, boostball"
	],
    "children": [    
      {
        "name": "Reactor Core",
        "map_locations": [
          {
            "map": "sanctuaryfortress",
            "x": 2200,
            "y": 255
          }
        ],
        "sections": [
          {
            "name": "E-Tank",
            "capture_item": true,
            "access_rules": [
				"spider, lightbeam",
				"{lightbeam}"
			],
            "item_count": 1
          }
        ]
      },
      {
        "name": "Sanctuary Entrance",
        "map_locations": [
          {
            "map": "sanctuaryfortress",
            "x": 2222,
            "y": 1140
          }
        ],
        "sections": [
          {
            "name": "Power Bomb",
            "capture_item": true,
            "access_rules": [ "bomb, screwattack" ],
            "item_count": 1
          }
        ]
      },
      {
        "name": "Transit Station",
        "map_locations": [
          {
            "map": "sanctuaryfortress",
            "x": 2059,
            "y": 285
          }
        ],
        "sections": [
          {
            "name": "Power Bomb",
            "capture_item": true,
            "access_rules": [
				"lightbeam, darkbeam, powerbomb, spider",
				"lightbeam, annihilator, powerbomb, spider" ],
            "item_count": 1
          }
        ]
      },
      {
        "name": "Sanctuary Map Station",
        "map_locations": [
          {
            "map": "sanctuaryfortress",
            "x": 2147,
            "y": 170
          }
        ],
        "sections": [
          {
            "name": "Power Bomb",
            "capture_item": true,
            "access_rules": [ "cobalt, lightbeam, lightsuit" ],
            "item_count": 1
          }
        ]
      }
	]
  }
]