[ // Torvus Bog
  {
    "name": "From Agon",
	"color": "#559966",
	"chest_unopened_img": "images/Beams/unopened.png",
	"chest_opened_img": "images/Beams/opened.png",
	"access_rules": [ "violet, seeker, bomb, boostball, spacejump, supermissile" ],
	"children": [
      {
        "name": "Torvus Lagoon",
        "map_locations": [
          {
            "map": "torvusbog",
            "x": 1589,
            "y": 1089
          }
        ],
        "sections": [
          {
            "name": "Missile",
            "capture_item": true,
            "access_rules": [ "gravity" ],
            "item_count": 1
          }
        ]
      },
      {
        "name": "Path of Roots",
        "map_locations": [
          {
            "map": "torvusbog",
            "x": 1375,
            "y": 1210
          }
        ],
        "sections": [
          {
            "name": "Missile",
            "capture_item": true,
            "access_rules": [
				"grapple",
				"screwattack" ],
            "item_count": 1
          }
        ]
      },
      {
        "name": "Great Bridge",
        "map_locations": [
          {
            "map": "torvusbog",
            "x": 1251,
            "y": 1149
          }
        ],
        "sections": [
          {
            "name": "Power Bomb",
            "capture_item": true,
            "access_rules": [
				"lightbeam, screwattack, powerbomb",
				"lightbeam, darkbeam, powerbomb",
				"lightbeam, annihilator, powerbomb"],
            "item_count": 1
          }
        ]
      },
      {
        "name": "Portal Chamber",
        "map_locations": [
          {
            "map": "torvusbog",
            "x": 1293,
            "y": 1091
          }
        ],
        "sections": [
          {
            "name": "Missile",
            "capture_item": true,
			"access_rules": [
				"lightbeam, darkbeam",
				"powerbomb, lightbeam, darkbeam",
				"powerbomb, lightbeam, annihilator" ],
            "item_count": 1
          }
        ]
      },
      {
        "name": "Abandoned Worksite",
        "map_locations": [
          {
            "map": "torvusbog",
            "x": 1190,
            "y": 1000
          }
        ],
        "sections": [
          {
            "name": "Missile",
            "capture_item": true,
            "access_rules": [
				"lightbeam, darkbeam, grapple",
				"lightbeam, screwattack",
				"lightbeam, annihilator, grapple" ],
            "item_count": 1
          }
        ]
      },
      {
        "name": "Forgotten Bridge",
        "map_locations": [
          {
            "map": "torvusbog",
            "x": 1158,
            "y": 913
          }
        ],
        "sections": [
          {
            "name": "Missile",
            "capture_item": true,
            "access_rules": [
			    "lightbeam, darkbeam",
				"lightbeam, annihilator",
				"lightbeam, screwattack" ],
            "item_count": 1
          }
        ]
      },
      {
        "name": "Torvus Temple",
        "map_locations": [
          {
            "map": "torvusbog",
            "x": 679,
            "y": 1179
          }
        ],
        "sections": [
          {
            "name": "Super Missile",
            "capture_item": true,
            "access_rules": [ "darkbeam, lightbeam" ],
            "item_count": 1
          }
        ]
      },
      {
        "name": "Torvus Energy Controller",
        "map_locations": [
          {
            "map": "torvusbog",
            "x": 150,
            "y": 1179
          }
        ],
        "sections": [
          {
            "name": "Emerald Translator",
            "capture_item": true,
            "access_rules": [ "darkbeam, lightbeam" ],
            "item_count": 1
          }
        ]
      },
      {
        "name": "Hydrochamber Storage",
        "map_locations": [
          {
            "map": "torvusbog",
            "x": 2228,
            "y": 1403
          }
        ],
        "sections": [
          {
            "name": "Gravity Boost",
            "capture_item": true,
            "access_rules": [ "emerald, gravity" ],
            "item_count": 1
          }
        ]
      },
      {
        "name": "Hydrodynamo Station",
        "map_locations": [
          {
            "map": "torvusbog",
            "x": 2867,
            "y": 1036
          }
        ],
        "sections": [
          {
            "name": "Missile",
            "capture_item": true,
            "access_rules": [ "emerald" ],
            "item_count": 1
          }
        ]
      },
      {
        "name": "Underground Tunnel",
        "map_locations": [
          {
            "map": "torvusbog",
            "x": 614,
            "y": 1011
          }
        ],
        "sections": [
          {
            "name": "Missile",
            "capture_item": true,
            "access_rules": [ "emerald" ],
            "item_count": 1
          }
        ]
      },
      {
        "name": "Plaza Access",
        "map_locations": [
          {
            "map": "torvusbog",
            "x": 1200,
            "y": 416
          }
        ],
        "sections": [
          {
            "name": "Missile",
            "capture_item": true,
            "access_rules": [ "emerald, lightbeam, darkbeam" ],
            "item_count": 1
          }
        ]
      },
	  {
        "name": "Gathering Hall",
        "map_locations": [
          {
            "map": "torvusbog",
            "x": 2485,
            "y": 1335
          }
        ],
        "sections": [
          {
            "name": "Missile",
            "capture_item": true,
            "access_rules": [
				"emerald, lightbeam, darkbeam, spider, powerbomb",
				"emerald, lightbeam, annihilator, spider, powerbomb"],
            "item_count": 1
          }
        ]
      },
      {
        "name": "Training Chamber",
        "map_locations": [
          {
            "map": "torvusbog",
            "x": 2863,
            "y": 590
          }
        ],
        "sections": [
          {
            "name": "Missile",
            "capture_item": true,
            "access_rules": [ "emerald, gravity" ],
            "item_count": 1
          }
        ]
      },
      {
        "name": "Torvus Grove",
        "map_locations": [
          {
            "map": "torvusbog",
            "x": 601,
            "y": 642
          }
        ],
        "sections": [
          {
            "name": "Missile",
            "capture_item": true,
            "access_rules": [ "emerald, lightbeam, powerbomb" ],
            "item_count": 1
          }
        ]
      },
      {
        "name": "Transit Tunnel South",
        "map_locations": [
          {
            "map": "torvusbog",
            "x": 2833,
            "y": 1517
          }
        ],
        "sections": [
          {
            "name": "Missile",
            "capture_item": true,
            "access_rules": [
			    "emerald, darkbeam, annihilator",
			    "emerald, lightbeam, annihilator" ],
            "item_count": 1
          }
        ]
      },
      {
        "name": "Temple Access",
        "map_locations": [
          {
            "map": "torvusbog",
            "x": 956,
            "y": 1177
          }
        ],
        "sections": [
          {
            "name": "E-Tank",
            "capture_item": true,
            "access_rules": [ "darkbeam, lightbeam" ],
            "item_count": 1
          }
        ]
      },
      {
        "name": "Torvus Plaza",
        "map_locations": [
          {
            "map": "torvusbog",
            "x": 1117,
            "y": 116
          }
        ],
        "sections": [
          {
            "name": "E-Tank",
            "capture_item": true,
            "access_rules": [ "emerald, darkbeam, lightbeam, spider" ],
            "item_count": 1
          }
        ]
      },
      {
        "name": "Meditation Vista",
        "map_locations": [
          {
            "map": "torvusbog",
            "x": 693,
            "y": 485
          }
        ],
        "sections": [
          {
            "name": "E-Tank",
            "capture_item": true,
            "access_rules": [ "emerald, lightbeam, screwattack" ],
            "item_count": 1
          }
        ]
      },
      {
        "name": "Transit Tunnel East",
        "map_locations": [
          {
            "map": "torvusbog",
            "x": 3179,
            "y": 853
          }
        ],
        "sections": [
          {
            "name": "E-Tank",
            "capture_item": true,
            "access_rules": [ "emerald, darkbeam" ],
            "item_count": 1
          }
        ]
      }
	]
  },
  {
    "name": "Torvus Bog",
    "color": "#559966",
	"chest_unopened_img": "images/Beams/unopened.png",
	"chest_opened_img": "images/Beams/opened.png",
	"access_rules": [ "amber, missile, lightbeam, spacejump" ],
    "children": [
      {
        "name": "Torvus Temple",
        "map_locations": [
          {
            "map": "torvusbog",
            "x": 679,
            "y": 1179
          }
        ],
        "sections": [
          {
            "name": "Super Missile",
            "capture_item": true,
            "access_rules": [
			    "darkbeam, bomb",
				"darkbeam, bomb, darksuit",
				"darkbeam, bomb, lightsuit" ],
            "item_count": 1
          }
        ]
      },
      {
        "name": "Torvus Energy Controller",
        "map_locations": [
          {
            "map": "torvusbog",
            "x": 150,
            "y": 1179
          }
        ],
        "sections": [
          {
            "name": "Emerald Translator",
            "capture_item": true,
            "access_rules": [
			    "darkbeam, bomb",
				"darkbeam, bomb, darksuit",
				"darkbeam, bomb, lightsuit" ],
            "item_count": 1
          }
        ]
      },
      {
        "name": "Hydrochamber Storage",
        "map_locations": [
          {
            "map": "torvusbog",
            "x": 2228,
            "y": 1403
          }
        ],
        "sections": [
          {
            "name": "Gravity Boost",
            "capture_item": true,
            "access_rules": [ "emerald, supermissile, darkbeam, bomb, gravity" ],
            "item_count": 1
          }
        ]
      },
      {
        "name": "Forgotten Bridge",
        "map_locations": [
          {
            "map": "torvusbog",
            "x": 1158,
            "y": 913
          }
        ],
        "sections": [
          {
            "name": "Missile",
            "capture_item": true,
            "access_rules": [
			    "darkbeam, bomb, supermissile",
				"darkbeam, bomb, darksuit",
				"darkbeam, bomb, darksuit" ],
            "item_count": 1
          }
        ]
      },
      {
        "name": "Hydrodynamo Station",
        "map_locations": [
          {
            "map": "torvusbog",
            "x": 2867,
            "y": 1036
          }
        ],
        "sections": [
          {
            "name": "Missile",
            "capture_item": true,
            "access_rules": [ "emerald, supermissile, darkbeam, bomb" ],
            "item_count": 1
          }
        ]
      },
      {
        "name": "Underground Tunnel",
        "map_locations": [
          {
            "map": "torvusbog",
            "x": 614,
            "y": 1011
          }
        ],
        "sections": [
          {
            "name": "Missile",
            "capture_item": true,
            "access_rules": [ "emerald, supermissile, darkbeam, bomb" ],
            "item_count": 1
          }
        ]
      },
      {
        "name": "Plaza Access",
        "map_locations": [
          {
            "map": "torvusbog",
            "x": 1200,
            "y": 416
          }
        ],
        "sections": [
          {
            "name": "Missile",
            "capture_item": true,
            "access_rules": [ "emerald, supermissile, darkbeam, bomb, boostball" ],
            "item_count": 1
          }
        ]
      },
      {
        "name": "Portal Chamber",
        "map_locations": [
          {
            "map": "torvusbog",
            "x": 1293,
            "y": 1091
          }
        ],
        "sections": [
          {
            "name": "Missile",
            "capture_item": true,
            "access_rules": [
				"supermissile, darkbeam, bomb",
				"powerbomb, darksuit, bomb",
				"powerbomb, lightsuit, bomb" ],
            "item_count": 1
          }
        ]
      },
      {
        "name": "Abandoned Worksite",
        "map_locations": [
          {
            "map": "torvusbog",
            "x": 1190,
            "y": 1000
          }
        ],
        "sections": [
          {
            "name": "Missile",
            "capture_item": true,
            "access_rules": [
			    "darkbeam, bomb, grapple, supermissile",
				"darkbeam, bomb, grapple, darksuit",
				"darkbeam, bomb, grapple, lightsuit",
				"darkbeam, bomb, screwattack, supermissile",
				"darkbeam, bomb, screwattack, darksuit",
				"darkbeam, bomb, screwattack, lightsuit" ],
            "item_count": 1
          }
        ]
      },
      {
        "name": "Path of Roots",
        "map_locations": [
          {
            "map": "torvusbog",
            "x": 1375,
            "y": 1210
          }
        ],
        "sections": [
          {
            "name": "Missile",
            "capture_item": true,
            "access_rules": [
			    "darkbeam, grapple, supermissile",
				"darkbeam, screwattack, supermissile",
				"darkbeam, grapple, darksuit",
				"darkbeam, screwattack, darksuit",
				"darkbeam, grapple, lightsuit",
				"darkbeam, screwattack, lightsuit" ],
            "item_count": 1
          }
        ]
      },
      {
        "name": "Torvus Lagoon",
        "map_locations": [
          {
            "map": "torvusbog",
            "x": 1589,
            "y": 1089
          }
        ],
        "sections": [
          {
            "name": "Missile",
            "capture_item": true,
            "access_rules": [
			    "gravity, supermissile",
				"gravity, darksuit",
				"gravity, lightsuit" ],
            "item_count": 1
          }
        ]
      },
      {
        "name": "Gathering Hall",
        "map_locations": [
          {
            "map": "torvusbog",
            "x": 2485,
            "y": 1335
          }
        ],
        "sections": [
          {
            "name": "Missile",
            "capture_item": true,
            "access_rules": [ "emerald, supermissile, darkbeam, bomb, boostball, spider, powerbomb" ],
            "item_count": 1
          }
        ]
      },
      {
        "name": "Training Chamber",
        "map_locations": [
          {
            "map": "torvusbog",
            "x": 2863,
            "y": 590
          }
        ],
        "sections": [
          {
            "name": "Missile",
            "capture_item": true,
            "access_rules": [ "emerald, supermissile, darkbeam, bomb, gravity" ],
            "item_count": 1
          }
        ]
      },
      {
        "name": "Torvus Grove",
        "map_locations": [
          {
            "map": "torvusbog",
            "x": 601,
            "y": 642
          }
        ],
        "sections": [
          {
            "name": "Missile",
            "capture_item": true,
            "access_rules": [ "emerald, darkbeam, bomb, supermissile, powerbomb" ],
            "item_count": 1
          }
        ]
      },
      {
        "name": "Transit Tunnel South",
        "map_locations": [
          {
            "map": "torvusbog",
            "x": 2833,
            "y": 1517
          }
        ],
        "sections": [
          {
            "name": "Missile",
            "capture_item": true,
            "access_rules": [
			    "emerald, seeker, boostball, supermissile, darkbeam, bomb, annihilator",
				"emerald, supermissile, darkbeam, bomb, gravity, annihilator" ],
            "item_count": 1
          }
        ]
      },
      {
        "name": "Great Bridge",
        "map_locations": [
          {
            "map": "torvusbog",
            "x": 1251,
            "y": 1149
          }
        ],
        "sections": [
          {
            "name": "Power Bomb",
            "capture_item": true,
            "access_rules": [
			    "darkbeam, bomb, powerbomb, supermissile",
				"darkbeam, bomb, powerbomb, darksuit",
				"darkbeam, bomb, powerbomb, lightsuit" ],
            "item_count": 1
          }
        ]
      },
      {
        "name": "Temple Access",
        "map_locations": [
          {
            "map": "torvusbog",
            "x": 956,
            "y": 1177
          }
        ],
        "sections": [
          {
            "name": "E-Tank",
            "capture_item": true,
            "access_rules": [
			    "darkbeam, bomb, supermissile",
				"darkbeam, bomb, darksuit",
				"darkbeam, bomb, lightsuit" ],
            "item_count": 1
          }
        ]
      },
      {
        "name": "Torvus Plaza",
        "map_locations": [
          {
            "map": "torvusbog",
            "x": 1117,
            "y": 116
          }
        ],
        "sections": [
          {
            "name": "E-Tank",
            "capture_item": true,
            "access_rules": [ "emerald, darkbeam, bomb, supermissile, boostball, spider" ],
            "item_count": 1
          }
        ]
      },
      {
        "name": "Meditation Vista",
        "map_locations": [
          {
            "map": "torvusbog",
            "x": 693,
            "y": 485
          }
        ],
        "sections": [
          {
            "name": "E-Tank",
            "capture_item": true,
            "access_rules": [ "emerald, darkbeam, bomb, supermissile, screwattack" ],
            "item_count": 1
          }
        ]
      },
      {
        "name": "Transit Tunnel East",
        "map_locations": [
          {
            "map": "torvusbog",
            "x": 3179,
            "y": 853
          }
        ],
        "sections": [
          {
            "name": "E-Tank",
            "capture_item": true,
            "access_rules": [
			    "emerald, seeker, darkbeam, bomb, supermissile, boostball",
				"emerald, darkbeam, bomb, supermissile, gravity" ],
            "item_count": 1
          }
        ]
      }
    ]
  }
]