[	
// Agon Wastes
  {
    "name": "Agon Wastes",
    "color": "#cc8844",
	"chest_unopened_img": "images/Beams/unopened.png",
	"chest_opened_img": "images/Beams/opened.png",
	"access_rules": [
	  "@IS Translator Gate",
	  "@GFMC Translator Gate, boostball, lightbeam, spacejump, bomb, powerbomb",
	  "@POE Translator Gate, darkbeam, bomb, supermissile, seeker"
	],
	"children": [
	  {
        "name": "Mining Station Access",
        "sections": [
          {
            "name": "E-Tank",
            "capture_item": true,
            "access_rules": [
			  "bomb",
			  "powerbomb"
			],
            "item_count": 1
          }
        ],
        "map_locations": [
          {
            "map": "agonwastes",
            "x": 900,
            "y": 1135
          }
        ]
      },
      {
        "name": "Sand Cache",
        "sections": [
          {
            "name": "Missile",
            "capture_item": true,
            "access_rules": [ "@MSA Translator Gate" ],
            "item_count": 1
          }
        ],
        "map_locations": [
          {
            "map": "agonwastes",
            "x": 1210,
            "y": 1415
          }
        ]
      },
      {
        "name": "Portal Access A",
        "sections": [
          {
            "name": "Missile",
            "capture_item": true,
            "item_count": 1
          }
        ],
        "map_locations": [
          {
            "map": "agonwastes",
            "x": 1075,
            "y": 1405
          }
        ]
      },
      {
        "name": "Mining Station A",
        "sections": [
          {
            "name": "Missile",
            "capture_item": true,
            "access_rules": [
			  "{}",
			  "powerbomb, bomb, spider"
			],
            "item_count": 1
          }
        ],
        "map_locations": [
          {
            "map": "agonwastes",
            "x": 1180,
            "y": 1305
          }
        ]
      },
      {
        "name": "Transport Access",
        "sections": [
          {
            "name": "Missile",
            "capture_item": true,
            "access_rules": [
	          "{@IS Translator Gate, missile}",
        	  "{@GFMC Translator Gate, boostball, lightbeam, spacejump, bomb, powerbomb, missile}",
	          "{@POE Translator Gate, darkbeam, bomb, supermissile, seeker}",
			  "bomb, spacejump"
			],
            "item_count": 1
          }
        ],
        "map_locations": [
          {
            "map": "agonwastes",
            "x": 855,
            "y": 1490
          }
        ]
      },
	]
  },
  {
    "name": "Pirate Stronghold",
    "color": "#cc8844",
	"chest_unopened_img": "images/Beams/unopened.png",
	"chest_opened_img": "images/Beams/opened.png",
	"access_rules": [
	  "@IS Translator Gate, missile",
	  "@GFMC Translator Gate, boostball, lightbeam, spacejump, bomb, powerbomb",
	  "@POE Translator Gate, darkbeam, bomb, supermissile, seeker"
	],
	"children": [
      {
        "name": "Agon Temple",
        "sections": [
          {
            "name": "Bomb Guardian",
            "capture_item": true,
            "item_count": 1
          }
        ],
        "map_locations": [
          {
            "map": "agonwastes",
            "x": 1190,
            "y": 705
          }
        ]
      },
      {
        "name": "Storage D",
        "sections": [
          {
            "name": "Dark Beam",
            "capture_item": true,
            "access_rules": [
			    "@IS Translator Gate, spacejump, bomb",
			    "@IS Translator Gate, spacejump, darkbeam",
				"@IS Translator Gate, lightbeam",
				"@GFMC Translator Gate, boostball, lightbeam, spacejump, bomb, powerbomb",
				"@POE Translator Gate, darkbeam, bomb, supermissile, seeker"
			],
            "item_count": 1
          }
        ],
        "map_locations": [
          {
            "map": "agonwastes",
            "x": 2090,
            "y": 790
          }
        ]
      },
      {
        "name": "Mining Station B",
        "sections": [
          {
            "name": "Darkburst",
            "capture_item": true,
            "access_rules": [
				"{darkbeam, seeker}",
				"seeker, bomb, boostball, darkbeam, lightbeam" ],
            "item_count": 1
          }
        ],
        "map_locations": [
          {
            "map": "agonwastes",
            "x": 685,
            "y": 660
          }
        ]
      },
      {
        "name": "Agon Energy Controller",
        "sections": [
          {
            "name": "Amber Translator",
            "capture_item": true,
            "access_rules": [ "bomb" ],
            "item_count": 1
          }
        ],
        "map_locations": [
          {
            "map": "agonwastes",
            "x": 1190,
            "y": 150
          }
        ]
      },
      {
        "name": "Bioenergy Production",
        "sections": [
          {
            "name": "E-Tank",
            "capture_item": true,
            "access_rules": [
			    "spacejump, bomb"
			],
            "item_count": 1
          }
        ],
        "map_locations": [
          {
            "map": "agonwastes",
            "x": 2422,
            "y": 1457
          }
        ]
      },
      {
        "name": "Mine Shaft",
        "sections": [
          {
            "name": "E-Tank",
            "capture_item": true,
            "access_rules": [
				"{darkbeam}",
				"darkbeam, bomb" ],
            "item_count": 1
          }
        ],
        "map_locations": [
          {
            "map": "agonwastes",
            "x": 950,
            "y": 705
          }
        ]
      },
      {
        "name": "Mining Plaza",
        "sections": [
          {
            "name": "E-Tank",
            "capture_item": true,
            "access_rules": [ "echovisor, screwattack, spacejump, amorbis" ],
            "item_count": 1
          }
        ],
        "map_locations": [
          {
            "map": "agonwastes",
            "x": 390,
            "y": 1065
          }
        ]
      },
      {
        "name": "Command Center",
        "sections": [
          {
            "name": "Missile",
            "capture_item": true,
            "access_rules": [
			    "spacejump, bomb",
				"spacejump, darkbeam",
				"lightbeam, darkbeam"
			],
            "item_count": 1
          }
        ],
        "map_locations": [
          {
            "map": "agonwastes",
            "x": 2130,
            "y": 1255
          }
        ]
      },
      {
        "name": "Storage B",
        "sections": [
          {
            "name": "Missile",
            "capture_item": true,
            "access_rules": [
			    "spacejump, darkbeam",
				"lightbeam, darkbeam"
			],
            "item_count": 1
          }
        ],
        "map_locations": [
          {
            "map": "agonwastes",
            "x": 1960,
            "y": 1680
          }
        ]
      },
      {
        "name": "Ventilation Area A",
        "sections": [
          {
            "name": "Missile",
            "capture_item": true,
            "access_rules": [ "bomb, lightbeam" ],
            "item_count": 1
          }
        ],
        "map_locations": [
          {
            "map": "agonwastes",
            "x": 1990,
            "y": 710
          }
        ]
      },
      {
        "name": "Sand Processing",
        "sections": [
          {
            "name": "Missile",
            "capture_item": true,
            "access_rules": [
			    "spacejump, bomb, boostball",
				"lightbeam, boostball, darkbeam, bomb"
			],
            "item_count": 1
          }
        ],
        "map_locations": [
          {
            "map": "agonwastes",
            "x": 2450,
            "y": 825
          }
        ]
      },
      {
        "name": "Main Reactor",
        "sections": [
          {
            "name": "Missile",
            "capture_item": true,
            "access_rules": [
			    "spider, boostball, lightbeam, darkbeam",
				"spider, boostball, spacejump, darkbeam" ],
            "item_count": 1
          }
        ],
        "map_locations": [
          {
            "map": "agonwastes",
            "x": 2272,
            "y": 700
          }
        ]
      },
      {
        "name": "Storage C",
        "sections": [
          {
            "name": "Missile",
            "capture_item": true,
            "access_rules": [ "supermissile, spacejump, bomb, spider, boostball" ],
            "item_count": 1
          }
        ],
        "map_locations": [
          {
            "map": "agonwastes",
            "x": 2575,
            "y": 1310
          }
        ]
      },
      {
        "name": "Storage A",
        "sections": [
          {
            "name": "Missile",
            "capture_item": true,
            "access_rules": [ "darkbeam, seeker, powerbomb, lightbeam" ],
            "item_count": 1
          }
        ],
        "map_locations": [
          {
            "map": "agonwastes",
            "x": 765,
            "y": 820
          }
        ]
      },
      {
        "name": "Central Mining Station",
        "sections": [
          {
            "name": "Beam Ammo Expansion",
            "capture_item": true,
            "access_rules": [
			    "bomb, spacejump, lightbeam",
			    "darkbeam, spacejump, lightbeam" ],
            "item_count": 1
          }
        ],
        "map_locations": [
          {
            "map": "agonwastes",
            "x": 1555,
            "y": 1185
          }
        ]
      },
      {
        "name": "Sandcanyon",
        "sections": [
          {
            "name": "Power Bomb",
            "capture_item": true,
                "access_rules": [ "spacejump, screwattack, lightbeam, powerbomb" ],
            "item_count": 1
          }
        ],
        "map_locations": [
          {
            "map": "agonwastes",
            "x": 1618,
            "y": 741
          }
        ]
      }
    ]
  }
]