[
  {
    "name": "Dark Torvus Bog",
    "color": "#dd6688",
	"chest_unopened_img": "images/Beams/unopened.png",
	"chest_opened_img": "images/Beams/opened.png",
    "children": [
      {
        "name": "Dark Torvus Temple",
        "map_locations": [
          {
            "map": "darktorvus",
            "x": 675,
            "y": 1277
          }
        ],
        "sections": [
          {
            "name": "Chykka",
            "capture_item": true,
            "access_rules": [
				"@POE Translator Gate, darkbeam, bomb, lightbeam, powerbomb, seeker, grapple",
				"@POE Translator Gate, darkbeam, bomb, lightbeam, powerbomb, seeker, screwattack",
				"@POE Translator Gate, darkbeam, bomb, lightbeam, supermissile, seeker, grapple",
				"@POE Translator Gate, darkbeam, bomb, lightbeam, supermissile, seeker, screwattack",
				"@IS Translator Gate, bomb, spacejump, boostball, supermissile, lightbeam, darkbeam, grapple",
				"@IS Translator Gate, bomb, spacejump, boostball, supermissile, lightbeam, darkbeam, screwattack",
				"@IS Translator Gate, bomb, spacejump, boostball, supermissile, lightbeam, annihilator, grapple",
				"@IS Translator Gate, bomb, spacejump, boostball, supermissile, lightbeam, annihilator, screwattack",
				"@GFMC Translator Gate, boostball, lightbeam, spacejump, bomb, powerbomb, supermissile, darkbeam, screwattack",
				"@GFMC Translator Gate, boostball, lightbeam, spacejump, bomb, powerbomb, supermissile, darkbeam, grapple",
				"@GFMC Translator Gate, boostball, lightbeam, spacejump, bomb, powerbomb, supermissile, annihilator, screwattack",
				"@GFMC Translator Gate, boostball, lightbeam, spacejump, bomb, powerbomb, supermissile, annihilator, grapple"
			],
            "item_count": 1
          }
        ]
      },
      {
        "name": "Dark Torvus Arena",
        "map_locations": [
          {
            "map": "darktorvus",
            "x": 1115,
            "y": 92
          }
        ],
        "sections": [
          {
            "name": "Boost Guardian",
            "capture_item": true,
            "access_rules": [
				"@POE Translator Gate, darkbeam, bomb, @TTG Translator Gate, lightbeam, darksuit",
				"@POE Translator Gate, darkbeam, bomb, @TTG Translator Gate, lightbeam, lightsuit",
				"@IS Translator Gate, bomb, spacejump, boostball, lightbeam, darkbeam, @TTG Translator Gate, darksuit",
				"@IS Translator Gate, bomb, spacejump, boostball, lightbeam, darkbeam, @TTG Translator Gate, lightsuit",
				"@GFMC Translator Gate, boostball, lightbeam, spacejump, bomb, powerbomb, darkbeam, @TTG Translator Gate, darksuit",
				"@GFMC Translator Gate, boostball, lightbeam, spacejump, bomb, powerbomb, darkbeam, @TTG Translator Gate, lightsuit"
			],
            "item_count": 1
          }
        ]
      },
      {
        "name": "Sacrificial Chamber",
        "map_locations": [
          {
            "map": "darktorvus",
            "x": 2862,
            "y": 692
          }
        ],
        "sections": [
          {
            "name": "Grapple Guardian",
            "capture_item": true,
            "access_rules": [
				"@POE Translator Gate, darkbeam, bomb, supermissile, gravity, etank:2",
				"@IS Translator Gate, bomb, spacejump, boostball, supermissile, lightbeam, darkbeam, gravity, etank:2",
				"@GFMC Translator Gate, boostball, lightbeam, spacejump, bomb, powerbomb, supermissile, darkbeam, gravity, etank:2",
				"@POE Translator Gate, darkbeam, bomb, supermissile, gravity, darksuit",
				"@IS Translator Gate, bomb, spacejump, boostball, supermissile, lightbeam, darkbeam, gravity, darksuit",
				"@GFMC Translator Gate, boostball, lightbeam, spacejump, bomb, powerbomb, supermissile, darkbeam, gravity, darksuit",
				"@POE Translator Gate, darkbeam, bomb, supermissile, gravity, lightsuit",
				"@IS Translator Gate, bomb, spacejump, boostball, supermissile, lightbeam, darkbeam, gravity, lightsuit",
				"@GFMC Translator Gate, boostball, lightbeam, spacejump, bomb, powerbomb, supermissile, darkbeam, gravity, lightsuit"
			],
            "item_count": 1
          }
        ]
      },
      {
        "name": "Undertemple",
        "map_locations": [
          {
            "map": "darktorvus",
            "x": 2229,
            "y": 1226
          }
        ],
        "sections": [
          {
            "name": "Power Bomb Guardian",
            "capture_item": true,
            "access_rules": [
				"@POE Translator Gate, darkbeam, bomb, supermissile, gravity, spider, etank:3",
				"@IS Translator Gate, bomb, spacejump, boostball, supermissile, lightbeam, darkbeam, spider, etank:3",
				"@IS Translator Gate, bomb, spacejump, boostball, supermissile, lightbeam, annihilator, spider, etank:3",
				"@GFMC Translator Gate, boostball, lightbeam, spacejump, bomb, powerbomb, supermissile, darkbeam, spider, etank:3",
				"@GFMC Translator Gate, boostball, lightbeam, spacejump, bomb, powerbomb, supermissile, annihilator, spider, etank:3",
				"@POE Translator Gate, darkbeam, bomb, supermissile, gravity, spider, darksuit",
				"@IS Translator Gate, bomb, spacejump, boostball, supermissile, lightbeam, darkbeam, spider, darksuit",
				"@IS Translator Gate, bomb, spacejump, boostball, supermissile, lightbeam, annihilator, spider, darksuit",
				"@GFMC Translator Gate, boostball, lightbeam, spacejump, bomb, powerbomb, supermissile, darkbeam, spider, darksuit",
				"@GFMC Translator Gate, boostball, lightbeam, spacejump, bomb, powerbomb, supermissile, annihilator, spider, darksuit",
				"@POE Translator Gate, darkbeam, bomb, supermissile, gravity, spider, lightsuit",
				"@IS Translator Gate, bomb, spacejump, boostball, supermissile, lightbeam, darkbeam, spider, lightsuit",
				"@IS Translator Gate, bomb, spacejump, boostball, supermissile, lightbeam, annihilator, spider, lightsuit",
				"@GFMC Translator Gate, boostball, lightbeam, spacejump, bomb, powerbomb, supermissile, darkbeam, spider, lightsuit",
				"@GFMC Translator Gate, boostball, lightbeam, spacejump, bomb, powerbomb, supermissile, annihilator, spider, lightsuit"
			],
            "item_count": 1
          },
          {
            "name": "Missile",
            "capture_item": true,
            "access_rules": [
				"@POE Translator Gate, darkbeam, bomb, supermissile, gravity, spider, screwattack",
				"@IS Translator Gate, bomb, spacejump, boostball, supermissile, lightbeam, darkbeam, spider, screwattack",
				"@IS Translator Gate, bomb, spacejump, boostball, supermissile, lightbeam, annihilator, spider, screwattack",
				"@GFMC Translator Gate, boostball, lightbeam, spacejump, bomb, powerbomb, supermissile, darkbeam, spider, screwattack",
				"@GFMC Translator Gate, boostball, lightbeam, spacejump, bomb, powerbomb, supermissile, annihilator, spider, screwattack"
			],
            "item_count": 1
          }
        ]
      },
      {
        "name": "Undertransit One",
        "map_locations": [
          {
            "map": "darktorvus",
            "x": 2513,
            "y": 923
          }
        ],
        "sections": [
          {
            "name": "Missile",
            "capture_item": true,
            "access_rules": [
				"@POE Translator Gate, darkbeam, bomb, supermissile, gravity",
				"@IS Translator Gate, bomb, spacejump, boostball, supermissile, lightbeam, darkbeam, gravity",
				"@GFMC Translator Gate, boostball, lightbeam, spacejump, bomb, powerbomb, supermissile, darkbeam, gravity"
			],
            "item_count": 1
          }
        ]
      },
      {
        "name": "Putrid Alcove",
        "map_locations": [
          {
            "map": "darktorvus",
            "x": 1380,
            "y": 1066
          }
        ],
        "sections": [
          {
            "name": "Power Bomb",
            "capture_item": true,
            "access_rules": [
				"@POE Translator Gate, darkbeam, bomb, powerbomb",
				"@IS Translator Gate, bomb, spacejump, boostball, supermissile, lightbeam, darkbeam, powerbomb",
				"@IS Translator Gate, bomb, spacejump, boostball, supermissile, lightbeam, annihilator, powerbomb",
				"@GFMC Translator Gate, boostball, lightbeam, spacejump, bomb, powerbomb, supermissile, darkbeam, powerbomb",
				"@GFMC Translator Gate, boostball, lightbeam, spacejump, bomb, powerbomb, supermissile, annihilator, powerbomb"
			],
            "item_count": 1
          }
        ]
      },
      {
        "name": "Cache B",
        "map_locations": [
          {
            "map": "darktorvus",
            "x": 473,
            "y": 1305
          }
        ],
        "sections": [
          {
            "name": "E-Tank",
            "capture_item": true,
            "access_rules": [
				"@POE Translator Gate, darkbeam, bomb, supermissile",
				"@IS Translator Gate, bomb, spacejump, boostball, supermissile, lightbeam, darkbeam",
				"@IS Translator Gate, bomb, spacejump, boostball, supermissile, lightbeam, annihilator",
				"@GFMC Translator Gate, boostball, lightbeam, spacejump, bomb, powerbomb, supermissile, darkbeam",
				"@GFMC Translator Gate, boostball, lightbeam, spacejump, bomb, powerbomb, supermissile, annihilator"
			],
            "item_count": 1
          }
        ]
      },
      {
        "name": "Cache A",
        "map_locations": [
          {
            "map": "darktorvus",
            "x": 1475,
            "y": 1289
          }
        ],
        "sections": [
          {
            "name": "Beam Ammo Expansion",
            "capture_item": true,
            "access_rules": [
				"@POE Translator Gate, darkbeam, bomb, supermissile",
				"@POE Translator Gate, darkbeam, bomb, powerbomb",
				"@IS Translator Gate, bomb, spacejump, boostball, supermissile, lightbeam, darkbeam",
				"@IS Translator Gate, bomb, spacejump, boostball, supermissile, lightbeam, annihilator",
				"@GFMC Translator Gate, boostball, lightbeam, spacejump, bomb, powerbomb, supermissile, darkbeam",
				"@GFMC Translator Gate, boostball, lightbeam, spacejump, bomb, powerbomb, supermissile, annihilator"
			],
            "item_count": 1
          }
        ]
      },
      {
        "name": "Dark Torvus Arena",
        "map_locations": [
          {
            "map": "darktorvus",
            "x": 1139,
            "y": 312
          }
        ],
        "sections": [
          {
            "name": "Dark Torvus Bog Temple Key 1",
            "capture_item": true,
            "access_rules": [
				"@POE Translator Gate, darkbeam, bomb, @TTG Translator Gate, lightbeam, boostball",
				"@IS Translator Gate, bomb, spacejump, boostball, lightbeam, darkbeam, @TTG Translator Gate",
				"@GFMC Translator Gate, boostball, lightbeam, spacejump, bomb, powerbomb, darkbeam, @TTG Translator Gate"
			],
            "item_count": 1
          }
        ]
      },
      {
        "name": "Undertemple Access",
        "map_locations": [
          {
            "map": "darktorvus",
            "x": 2341,
            "y": 916
          }
        ],
        "sections": [
          {
            "name": "Dark Torvus Bog Temple Key 2",
            "capture_item": true,
            "access_rules": [
				"@POE Translator Gate, darkbeam, bomb, supermissile, gravity",
				"@IS Translator Gate, bomb, spacejump, boostball, supermissile, darkbeam, gravity",
				"@IS Translator Gate, bomb, spacejump, boostball, supermissile, annihilator, gravity",
				"@GFMC Translator Gate, boostball, lightbeam, spacejump, bomb, powerbomb, supermissile, darkbeam, gravity",
				"@GFMC Translator Gate, boostball, lightbeam, spacejump, bomb, powerbomb, supermissile, annihilator, gravity"
			],
            "item_count": 1
          }
        ]
      },
      {
        "name": "Venomous Pond",
        "map_locations": [
          {
            "map": "darktorvus",
            "x": 1110,
            "y": 1276
          }
        ],
        "sections": [
          {
            "name": "Dark Torvus Bog Temple Key 3",
            "capture_item": true,
            "access_rules": [
				"@POE Translator Gate, darkbeam, bomb, supermissile, grapple",
				"@POE Translator Gate, darkbeam, bomb, powerbomb, grapple",
				"@IS Translator Gate, bomb, spacejump, boostball, supermissile, lightbeam, darkbeam, grapple",
				"@IS Translator Gate, bomb, spacejump, boostball, supermissile, lightbeam, annihilator, grapple",
				"@GFMC Translator Gate, boostball, lightbeam, spacejump, bomb, powerbomb, supermissile, darkbeam, grapple",
				"@GFMC Translator Gate, boostball, lightbeam, spacejump, bomb, powerbomb, supermissile, annihilator, grapple",
				"@POE Translator Gate, darkbeam, bomb, supermissile, screwattack",
				"@POE Translator Gate, darkbeam, bomb, powerbomb, screwattack",
				"@IS Translator Gate, bomb, spacejump, boostball, supermissile, lightbeam, darkbeam, screwattack",
				"@IS Translator Gate, bomb, spacejump, boostball, supermissile, lightbeam, annihilator, screwattack",
				"@GFMC Translator Gate, boostball, lightbeam, spacejump, bomb, powerbomb, supermissile, darkbeam, screwattack",
				"@GFMC Translator Gate, boostball, lightbeam, spacejump, bomb, powerbomb, supermissile, annihilator, screwattack"
			],
            "item_count": 1
          }
        ]
      },
      {
        "name": "Poisoned Bog",
        "map_locations": [
          {
            "map": "darktorvus",
            "x": 1580,
            "y": 1200
          }
        ],
        "sections": [
          {
            "name": "Sky Temple Key 3",
            "capture_item": true,
            "access_rules": [
				"@POE Translator Gate, darkbeam, bomb, supermissile, lightsuit, darkvisor",
				"@POE Translator Gate, darkbeam, bomb, powerbomb, lightsuit, darkvisor",
				"@IS Translator Gate, bomb, spacejump, boostball, supermissile, lightbeam, darkbeam, lightsuit, darkvisor",
				"@IS Translator Gate, bomb, spacejump, boostball, supermissile, lightbeam, annihilator, lightsuit, darkvisor",
				"@GFMC Translator Gate, boostball, lightbeam, spacejump, bomb, powerbomb, supermissile, darkbeam, lightsuit, darkvisor",
				"@GFMC Translator Gate, boostball, lightbeam, spacejump, bomb, powerbomb, supermissile, annihilator, lightsuit, darkvisor"
			],
            "item_count": 1
          }
        ]
      },
      {
        "name": "Dungeon",
        "map_locations": [
          {
            "map": "darktorvus",
            "x": 3158,
            "y": 1373
          }
        ],
        "sections": [
          {
            "name": "Sky Temple Key 4",
            "capture_item": true,
            "access_rules": [
				"@POE Translator Gate, darkbeam, bomb, supermissile, gravity, lightsuit, darkvisor",
				"@IS Translator Gate, bomb, spacejump, boostball, supermissile, lightbeam, darkbeam, gravity, lightsuit, darkvisor",
				"@IS Translator Gate, bomb, spacejump, boostball, supermissile, annihilator, darkbeam, gravity, lightsuit, darkvisor",
				"@GFMC Translator Gate, boostball, lightbeam, spacejump, bomb, powerbomb, supermissile, darkbeam, gravity, lightsuit, darkvisor"
			],
            "item_count": 1
          }
        ]
      }
    ]
  }
]