[
  {
    "name": "Dark Agon Wastes",
    "color": "#dd6688",
	"chest_unopened_img": "images/Beams/unopened.png",
	"chest_opened_img": "images/Beams/opened.png",
	"access_rules": [
	  "@IS Translator Gate, missile, bomb",
	  "@IS Translator Gate, spacejump, bomb",
	  "@GFMC Translator Gate, boostball, lightbeam, spacejump, bomb, powerbomb",
	  "@POE Translator Gate, darkbeam, bomb, supermissile, seeker"
	],
    "children": [
      {
        "name": "Judgement Pit",
        "map_locations": [
          {
            "map": "darkagon",
            "x": 1160,
            "y": 1225
          }
        ],
        "sections": [
          {
            "name": "Jump Guardian",
            "capture_item": true,
            "item_count": 1
          }
        ]
      },
      {
        "name": "Dark Agon Temple",
        "map_locations": [
          {
            "map": "darkagon",
            "x": 1190,
            "y": 705
          }
        ],
        "sections": [
          {
            "name": "Amorbis",
            "capture_item": true,
            "access_rules": [ "spacejump, missile, agonkey:3" ],
            "item_count": 1
          }
        ]
      },
      {
        "name": "Ing Cache 4",
        "map_locations": [
          {
            "map": "darkagon",
            "x": 320,
            "y": 1045
          }
        ],
        "sections": [
          {
            "name": "Missile",
            "capture_item": true,
            "access_rules": [ "darkbeam" ],
            "item_count": 1
          }
        ]
      },
      {
        "name": "Crossroads",
        "map_locations": [
          {
            "map": "darkagon",
            "x": 917,
            "y": 1514
          }
        ],
        "sections": [
          {
            "name": "Missile",
            "capture_item": true,
            "access_rules": [
				"{}",
				"@IS Translator Gate, spacejump, darkbeam, boostball",
				"@IS Translator Gate, spacejump, annihilator, boostball",
				"@GFMC Translator Gate, boostball, lightbeam, spacejump, bomb, powerbomb, darkbeam",
				"@GFMC Translator Gate, boostball, lightbeam, spacejump, bomb, powerbomb, annihilator",
				"@POE Translator Gate, darkbeam, bomb, supermissile, seeker, boostball, darkbeam",
				"@POE Translator Gate, darkbeam, bomb, supermissile, seeker, boostball, annihilator"
			],
            "item_count": 1
          }
        ]
      },
      {
        "name": "Junction Site",
        "map_locations": [
          {
            "map": "darkagon",
            "x": 880,
            "y": 1185
          }
        ],
        "sections": [
          {
            "name": "Missile",
            "capture_item": true,
            "access_rules": [
				"{}",
				"spiderball"
			],
            "item_count": 1
          }
        ]
      },
      {
        "name": "Trial Tunnel",
        "map_locations": [
          {
            "map": "darkagon",
            "x": 985,
            "y": 700
          }
        ],
        "sections": [
          {
            "name": "Dark Agon Temple Key 1",
            "capture_item": true,
            "access_rules": [ "darkbeam, missile, spacejump" ],
            "item_count": 1
          }
        ]
      }
	]
  },
  {
    "name": "Dark Pirate Base",
    "color": "#dd6688",
	"chest_unopened_img": "images/Beams/unopened.png",
	"chest_opened_img": "images/Beams/opened.png",
	"access_rules": [
	  "@IS Translator Gate, missile",
	  "@GFMC Translator Gate, boostball, lightbeam, spacejump, bomb, powerbomb",
	  "@POE Translator Gate, darkbeam, bomb, supermissile, seeker"
	],
    "children": [
      {
        "name": "Warrior's Walk",
        "map_locations": [
          {
            "map": "darkagon",
            "x": 1530,
            "y": 1190
          }
        ],
        "sections": [
          {
            "name": "Missile",
            "capture_item": true,
            "access_rules": [
				"{supermissile, darkbeam, lightbeam}",
				"spacejump, supermissile, bomb",
				"supermissile, darkbeam, lightbeam, bomb",
				"supermissile, annihilator, lightbeam, bomb"
			],
            "item_count": 1
          }
        ]
      },
      {
        "name": "Feeding Pit",
        "map_locations": [
          {
            "map": "darkagon",
            "x": 2070,
            "y": 1620
          }
        ],
        "sections": [
          {
            "name": "Power Bomb",
            "capture_item": true,
            "access_rules": [
			    "darkbeam, lightbeam, lightsuit",
				"spacejump, bomb, lightbeam, annihilator, lightsuit" ],
            "item_count": 1
          }
        ]
      },
      {
        "name": "Battleground",
        "map_locations": [
          {
            "map": "darkagon",
            "x": 1680,
            "y": 1186
          }
        ],
        "sections": [
          {
            "name": "Sky Temple Key 1",
            "capture_item": true,
            "access_rules": [ "spacejump, darkbeam, lightbeam, darkvisor" ],
            "item_count": 1
          }
        ]
      },
      {
        "name": "Dark Oasis",
        "map_locations": [
          {
            "map": "darkagon",
            "x": 2180,
            "y": 700
          }
        ],
        "sections": [
          {
            "name": "Sky Temple Key 2",
            "capture_item": true,
            "access_rules": [
			  "@IS Translator Gate, powerguardian, powerbomb, darkbeam, lightbeam, darkvisor, lightsuit",
			  "@IS Translator Gate, powerguardian, powerbomb, darkbeam, annihilator, gravity, darkvisor, lightsuit",
			  "@POE Translator Gate, powerguardian, powerbomb, darkvisor, lightsuit",
			  "@GFMC Translator Gate, powerguardian, darkbeam, darkvisor, lightsuit"
			],
			"item_count": 1
          }
        ]
      },
      {
        "name": "Ing Cache 1",
        "map_locations": [
          {
            "map": "darkagon",
            "x": 1960,
            "y": 1675
          }
        ],
        "sections": [
          {
            "name": "Light Beam",
            "capture_item": true,
			"access_rules": [
			  "spacejump, lightbeam, darkbeam",
			  "spacejump, bomb, darkbeam"
			],
            "item_count": 1
          }
        ]
      },
      {
        "name": "Ing Cache 2",
        "map_locations": [
          {
            "map": "darkagon",
            "x": 2570,
            "y": 1310
          }
        ],
        "sections": [
          {
            "name": "Sonic Boom",
            "capture_item": true,
            "access_rules": [ "spacejump, darkbeam, screwattack, annihilator" ],
            "item_count": 1
          }
        ]
      },
      {
        "name": "Doomed Entry",
        "map_locations": [
          {
            "map": "darkagon",
            "x": 2040,
            "y": 1185
          }
        ],
        "sections": [
          {
            "name": "Dark Agon Temple Key 2",
            "capture_item": true,
            "access_rules": [
				"{lightbeam, darkbeam}",
			    "spacejump, darkbeam",
			    "spacejump, bomb, annihilator",
				"spacejump, lightbeam, bomb, supermissile" ],
            "item_count": 1
          }
        ]
      },
      {
        "name": "Battleground",
        "map_locations": [
          {
            "map": "darkagon",
            "x": 1680,
            "y": 1186
          }
        ],
        "sections": [
          {
            "name": "Dark Agon Temple Key 3",
            "capture_item": true,
            "access_rules": [
				"spacejump, bomb, annihilator, lightbeam",
			    "darkbeam, lightbeam",
				"spacejump, bomb, supermissile" ],
            "item_count": 1
          }
		]
	  }
    ]
  }
]