[ // Dark Agon
  {
    "name": "Dark Agon Wastes",
    "color": "#dd6688",
	"chest_unopened_img": "images/Beams/unopened.png",
	"chest_opened_img": "images/Beams/opened.png",
	"access_rules": [ "violet, bomb, spacejump" ],
    "children": [
      {
        "name": "Judgement Pit",
        "map_locations": [
          {
            "map": "darkagon",
            "x": 1160,
            "y": 1225
          }
        ],
        "sections": [
          {
            "name": "Jump Guardian",
            "capture_item": true,
            "item_count": 1
          }
        ]
      },
      {
        "name": "Dark Agon Temple",
        "map_locations": [
          {
            "map": "darkagon",
            "x": 1190,
            "y": 705
          }
        ],
        "sections": [
          {
            "name": "Amorbis",
            "capture_item": true,
            "access_rules": [ "darkbeam, agonkey:3" ],
            "item_count": 1
          }
        ]
      },
      {
        "name": "Ing Cache 4",
        "map_locations": [
          {
            "map": "darkagon",
            "x": 320,
            "y": 1045
          }
        ],
        "sections": [
          {
            "name": "Missile",
            "capture_item": true,
            "access_rules": [ "darkbeam, missile" ],
            "item_count": 1
          }
        ]
      },
      {
        "name": "Crossroads",
        "map_locations": [
          {
            "map": "darkagon",
            "x": 917,
            "y": 1514
          }
        ],
        "sections": [
          {
            "name": "Missile",
            "capture_item": true,
            "access_rules": [ "darkbeam, boostball" ],
            "item_count": 1
          }
        ]
      },
      {
        "name": "Junction Site",
        "map_locations": [
          {
            "map": "darkagon",
            "x": 880,
            "y": 1185
          }
        ],
        "sections": [
          {
            "name": "Missile",
            "capture_item": true,
            "access_rules": [ "missile, spiderball" ],
            "item_count": 1
          }
        ]
      },
      {
        "name": "Warrior's Walk",
        "map_locations": [
          {
            "map": "darkagon",
            "x": 1530,
            "y": 1190
          }
        ],
        "sections": [
          {
            "name": "Missile",
            "capture_item": true,
            "access_rules": [ "missile, supermissile" ],
            "item_count": 1
          }
        ]
      },
      {
        "name": "Trial Tunnel",
        "map_locations": [
          {
            "map": "darkagon",
            "x": 985,
            "y": 700
          }
        ],
        "sections": [
          {
            "name": "Dark Agon Temple Key 1",
            "capture_item": true,
            "access_rules": [ "darkbeam" ],
            "item_count": 1
          }
        ]
      }
	]
  },
  {
    "name": "Dark Pirate Base",
    "color": "#dd6688",
	"chest_unopened_img": "images/Beams/unopened.png",
	"chest_opened_img": "images/Beams/opened.png",
	"access_rules": [ "violet, darkbeam, missile, spacejump" ],
    "children": [
      {
        "name": "Feeding Pit",
        "map_locations": [
          {
            "map": "darkagon",
            "x": 2070,
            "y": 1620
          }
        ],
        "sections": [
          {
            "name": "Power Bomb",
            "capture_item": true,
            "access_rules": [
			    "lightbeam, lightsuit",
				"annihilator, lightsuit" ],
            "item_count": 1
          }
        ]
      },
      {
        "name": "Battleground",
        "map_locations": [
          {
            "map": "darkagon",
            "x": 1680,
            "y": 1186
          }
        ],
        "sections": [
          {
            "name": "Sky Temple Key 1",
            "capture_item": true,
            "access_rules": [ "lightbeam, darkvisor" ],
            "item_count": 1
          }
        ]
      },
      {
        "name": "Dark Oasis",
        "map_locations": [
          {
            "map": "darkagon",
            "x": 2180,
            "y": 700
          }
        ],
        "sections": [
          {
            "name": "Sky Temple Key 2",
            "capture_item": true,
            "access_rules": [
			    "seeker, bomb, boostball, supermissile, emerald, spider, lightbeam, gravity, powerbomb, darkvisor, lightsuit",
			    "seeker, bomb, boostball, supermissile, emerald, spider, annihilator, gravity, powerbomb, darkvisor, lightsuit",
			    "amber, lightbeam, bomb, emerald, spider, supermissile, gravity, powerbomb, darkvisor, lightsuit" ],
            "item_count": 1
          }
        ]
      },
      {
        "name": "Ing Cache 1",
        "map_locations": [
          {
            "map": "darkagon",
            "x": 1960,
            "y": 1675
          }
        ],
        "sections": [
          {
            "name": "Light Beam",
            "capture_item": true,
            "item_count": 1
          }
        ]
      },
      {
        "name": "Ing Cache 2",
        "map_locations": [
          {
            "map": "darkagon",
            "x": 2570,
            "y": 1310
          }
        ],
        "sections": [
          {
            "name": "Sonic Boom",
            "capture_item": true,
            "access_rules": [ "screwattack, annihilator" ],
            "item_count": 1
          }
        ]
      }
	]
  },
  {  
    "name": "Battleground Items",
    "color": "#dd6688",
	"chest_unopened_img": "images/Beams/unopened.png",
	"chest_opened_img": "images/Beams/opened.png",
	"access_rules": [ "violet, missile, spacejump" ],
	"children": [
      {
        "name": "Doomed Entry",
        "map_locations": [
          {
            "map": "darkagon",
            "x": 2040,
            "y": 1185
          }
        ],
        "sections": [
          {
            "name": "Dark Agon Temple Key 2",
            "capture_item": true,
            "access_rules": [
			    "darkbeam",
				"lightbeam, bomb, supermissile" ],
            "item_count": 1
          }
        ]
      },
      {
        "name": "Battleground",
        "map_locations": [
          {
            "map": "darkagon",
            "x": 1680,
            "y": 1186
          }
        ],
        "sections": [
          {
            "name": "Dark Agon Temple Key 3",
            "capture_item": true,
            "access_rules": [
			    "darkbeam, lightbeam",
				"bomb, supermissile" ],
            "item_count": 1
          }
		]
	  }
    ]
  }
]