[ // Dark Agon
  {
    "name": "Dark Agon Wastes",
    "color": "#dd6688",
	"chest_unopened_img": "images/Beams/unopened.png",
	"chest_opened_img": "images/Beams/opened.png",
	"access_rules": [ "violet, bomb" ],
    "children": [
      {
        "name": "Judgement Pit",
        "map_locations": [
          {
            "map": "darkagon",
            "x": 1160,
            "y": 1225
          }
        ],
        "sections": [
          {
            "name": "Jump Guardian",
            "capture_item": true,
            "item_count": 1
          }
        ]
      },
      {
        "name": "Dark Agon Temple",
        "map_locations": [
          {
            "map": "darkagon",
            "x": 1190,
            "y": 705
          }
        ],
        "sections": [
          {
            "name": "Amorbis",
            "capture_item": true,
            "access_rules": [ "spacejump, darkbeam, agonkey:3" ],
            "item_count": 1
          }
        ]
      },
      {
        "name": "Ing Cache 4",
        "map_locations": [
          {
            "map": "darkagon",
            "x": 320,
            "y": 1045
          }
        ],
        "sections": [
          {
            "name": "Missile",
            "capture_item": true,
            "access_rules": [ "darkbeam, missile" ],
            "item_count": 1
          }
        ]
      },
      {
        "name": "Crossroads",
        "map_locations": [
          {
            "map": "darkagon",
            "x": 917,
            "y": 1514
          }
        ],
        "sections": [
          {
            "name": "Missile",
            "capture_item": true,
            "access_rules": [
				"{}",
				"spacejump, darkbeam, boostball",
				"spacejump, annihilator, boostball"
				],
            "item_count": 1
          }
        ]
      },
      {
        "name": "Junction Site",
        "map_locations": [
          {
            "map": "darkagon",
            "x": 880,
            "y": 1185
          }
        ],
        "sections": [
          {
            "name": "Missile",
            "capture_item": true,
            "access_rules": [
				"{}",
				"missile, spiderball" ],
            "item_count": 1
          }
        ]
      },
      {
        "name": "Trial Tunnel",
        "map_locations": [
          {
            "map": "darkagon",
            "x": 985,
            "y": 700
          }
        ],
        "sections": [
          {
            "name": "Dark Agon Temple Key 1",
            "capture_item": true,
            "access_rules": [ "darkbeam" ],
            "item_count": 1
          }
        ]
      }
	]
  },
  {
    "name": "Dark Pirate Base",
    "color": "#dd6688",
	"chest_unopened_img": "images/Beams/unopened.png",
	"chest_opened_img": "images/Beams/opened.png",
	"access_rules": [ "violet, missile" ],
    "children": [
      {
        "name": "Warrior's Walk",
        "map_locations": [
          {
            "map": "darkagon",
            "x": 1530,
            "y": 1190
          }
        ],
        "sections": [
          {
            "name": "Missile",
            "capture_item": true,
            "access_rules": [
				"{supermissile, darkbeam, lightbeam}",
				"spacejump, supermissile, bomb",
				"supermissile, darkbeam, lightbeam, bomb",
				"supermissile, annihilator, lightbeam, bomb"
			],
            "item_count": 1
          }
        ]
      },
      {
        "name": "Feeding Pit",
        "map_locations": [
          {
            "map": "darkagon",
            "x": 2070,
            "y": 1620
          }
        ],
        "sections": [
          {
            "name": "Power Bomb",
            "capture_item": true,
            "access_rules": [
			    "darkbeam, lightbeam, lightsuit",
				"spacejump, bomb, lightbeam, annihilator, lightsuit" ],
            "item_count": 1
          }
        ]
      },
      {
        "name": "Battleground",
        "map_locations": [
          {
            "map": "darkagon",
            "x": 1680,
            "y": 1186
          }
        ],
        "sections": [
          {
            "name": "Sky Temple Key 1",
            "capture_item": true,
            "access_rules": [ "spacejump, darkbeam, lightbeam, darkvisor" ],
            "item_count": 1
          }
        ]
      },
      {
        "name": "Dark Oasis (Power Bomb Guardian)",
        "map_locations": [
          {
            "map": "darkagon",
            "x": 2180,
            "y": 700
          }
        ],
        "sections": [
          {
            "name": "Sky Temple Key 2",
            "capture_item": true,
            "access_rules": [
				"amber, lightbeam, darkbeam, bomb, spacejump, spider, gravity, supermissile",
				"amber, lightbeam, darkbeam, bomb, spacejump, spider, seeker, grapple, supermissile",
				"amber, lightbeam, darkbeam, bomb, spacejump, spider, seeker, screwattack, supermissile",
				"amber, lightbeam, darkbeam, bomb, spacejump, spider, seeker, powerbomb, lightsuit, supermissile",
				"seeker, bomb, boostball, spacejump, supermissile, lightbeam, spider, darkbeam, gravity",
			    "seeker, bomb, boostball, spacejump, supermissile, lightbeam, spider, annihilator, gravity",
				"seeker, bomb, boostball, spacejump, supermissile, lightbeam, darkbeam, spider, grapple",
				"seeker, bomb, boostball, spacejump, supermissile, lightbeam, darkbeam, spider, screwattack",
				"seeker, bomb, boostball, spacejump, supermissile, lightbeam, annihilator, spider, grapple",
				"seeker, bomb, boostball, spacejump, supermissile, lightbeam, annihilator, spider, screwattack",
				"seeker, bomb, boostball, spacejump, supermissile, lightbeam, darkbeam, spider, powerbomb, darksuit",
				"seeker, bomb, boostball, spacejump, supermissile, lightbeam, darkbeam, spider, powerbomb, lightsuit",
				"seeker, bomb, boostball, spacejump, supermissile, lightbeam, annihilator, spider, powerbomb, darksuit",
				"seeker, bomb, boostball, spacejump, supermissile, lightbeam, annihilator, spider, powerbomb, lightsuit"
			],
			"item_count": 1
          }
        ]
      },
      {
        "name": "Ing Cache 1",
        "map_locations": [
          {
            "map": "darkagon",
            "x": 1960,
            "y": 1675
          }
        ],
        "sections": [
          {
            "name": "Light Beam",
            "capture_item": true,
			"access_rules": [ "spacejump, lightbeam, darkbeam" ],
            "item_count": 1
          }
        ]
      },
      {
        "name": "Ing Cache 2",
        "map_locations": [
          {
            "map": "darkagon",
            "x": 2570,
            "y": 1310
          }
        ],
        "sections": [
          {
            "name": "Sonic Boom",
            "capture_item": true,
            "access_rules": [ "spacejump, darkbeam, screwattack, annihilator" ],
            "item_count": 1
          }
        ]
      },
      {
        "name": "Doomed Entry",
        "map_locations": [
          {
            "map": "darkagon",
            "x": 2040,
            "y": 1185
          }
        ],
        "sections": [
          {
            "name": "Dark Agon Temple Key 2",
            "capture_item": true,
            "access_rules": [
				"{lightbeam, darkbeam}",
			    "spacejump, darkbeam",
			    "spacejump, bomb, annihilator",
				"spacejump, lightbeam, bomb, supermissile" ],
            "item_count": 1
          }
        ]
      },
      {
        "name": "Battleground",
        "map_locations": [
          {
            "map": "darkagon",
            "x": 1680,
            "y": 1186
          }
        ],
        "sections": [
          {
            "name": "Dark Agon Temple Key 3",
            "capture_item": true,
            "access_rules": [
				"spacejump, bomb, annihilator, lightbeam",
			    "darkbeam, lightbeam",
				"spacejump, bomb, supermissile" ],
            "item_count": 1
          }
		]
	  }
    ]
  }
]