[
	// Great Temple
	{
		"name": "Great Temple",
		"group": "Great Temple",
		"chest_unopened_img": "images/Beams/unopened.png",
		"chest_opened_img": "images/Beams/opened.png",
		"color": "#653162",
		"children": [
			{
				"name": "Temple Sanctuary/Main Energy Controller",
				"map_locations": [
					{
						"map": "greattemple",
						"x": 505,
						"y": 521
					}
				],
				"sections": [
					{
						"name": "Violet Translator",
						"capture_item": true,
						"access_rules": [
							"missile",
							"@TSA Translator Gate"
						],
						"item_count": 1
					},
					{
						"name": "Energy Transfer Module",
						"capture_item": true,
						"access_rules": [
							"missile",
							"@TSA Translator Gate"
						],
						"item_count": 1
					},
					{
						"name": "Light Suit",
						"capture_item": true,
						"access_rules": [
							"@GFMC Translator Gate, quadraxis, screwattack, annihilator",
							"@IS Translator Gate, @TSA Translator Gate, quadraxis, screwattack, annihilator",
							"@IS Translator Gate, @TST Translator Gate, quadraxis, screwattack, annihilator",
							"@POE Translator Gate, @TSA Translator Gate, quadraxis, screwattack, annihilator",
							"@POE Translator Gate, @TST Translator Gate, quadraxis, screwattack, annihilator"
						],
						"item_count": 1
					}
				]
			},
			{
				"name": "Transport A Access",
				"map_locations": [
					{
						"map": "greattemple",
						"x": 575,
						"y": 308
					}
				],
				"sections": [
					{
						"name": "Missile",
						"capture_item": true,
						"access_rules": [
							"{missile}",
							"@TSS Translator Gate"
						],
						"item_count": 1
					}
				]
			},
			{
				"name": "Transport B Access",
				"map_locations": [
					{
						"map": "greattemple",
						"x": 740,
						"y": 574
					}
				],
				"sections": [
					{
						"name": "E-Tank",
						"capture_item": true,
						"access_rules": [
							"@TSA Translator Gate, bomb",
							"@TAS Translator Gate, bomb",
							"{@TSA Translator Gate}",
							"{@TAS Translator Gate}"
						],
						"item_count": 1
					}
				]
			},
			{
				"name": "Sanctum",
				"map_locations": [
				    {
					    "map": "greattemple",
						"x": 1248,
						"y": 179
					}
				],
				"sections": [
				    {
					    "name": "Emperor Ing",
						"capture_item": true,
						"access_rules": [
							"@POE Translator Gate, spacejump, supermissile, missile, lightsuit, screwattack, bomb, spider, darkvisor, lightbeam, darkbeam, annihilator, skytemplekey:9",
							"@MG Translator Gate, spacejump, supermissile, missile, lightsuit, screwattack, bomb, spider, darkvisor, lightbeam, darkbeam, annihilator, skytemplekey:9",
							"@HAT Translator Gate, spacejump, supermissile, missile, lightsuit, screwattack, bomb, spider, darkvisor, lightbeam, darkbeam, annihilator, skytemplekey:9"
						],
						"item_count": 1
					}
				]
			}
		]
	}
]