[
	// Great Temple
	{
		"name": "Great Temple",
		"group": "Great Temple",
		"chest_unopened_img": "images/Beams/unopened.png",
		"chest_opened_img": "images/Beams/opened.png",
		"color": "#653162",
		"children": [
			{
				"name": "Main Energy Controller",
				"map_locations": [
					{
						"map": "greattemple",
						"x": 505,
						"y": 521
					}
				],
				"sections": [
					{
						"name": "Violet Translator",
						"capture_item": true,
						"access_rules": [ "missile" ],
						"item_count": 1
					},
					{
						"name": "Light Suit",
						"capture_item": true,
						"access_rules": [
							"violet, boostball, lightbeam, darkbeam, bomb, spacejump, spider, echovisor, sanctuarykey:3, screwattack, darksuit, etank:4, annihilator, boostball",
							"violet, boostball, lightbeam, darkbeam, bomb, spacejump, powerbomb, annihilator, spider, echovisor, screwattack, darksuit, etank:4, boostball",
							"violet, boostball, lightbeam, darkbeam, bomb, spacejump, spider, echovisor, sanctuarykey:3, screwattack, lightsuit, annihilator, boostball",
							"violet, boostball, lightbeam, darkbeam, bomb, spacejump, powerbomb, annihilator, spider, echovisor, screwattack, lightsuit, boostball",
							"violet, seeker, powerbomb, lightbeam, bomb, spacejump, spider, echovisor, annihilator, screwattack, darksuit, etank:4, boostball",
							"violet, seeker, powerbomb, lightbeam, bomb, spacejump, spider, echovisor, annihilator, screwattack, lightsuit, boostball",
							"emerald, violet, gravity, bomb, missile, supermissile, spacejump, powerbomb, spider, amber, lightbeam, darkbeam, echovisor, screwattack, darksuit, etank:4, boostball, annihilator",
							"emerald, violet, gravity, bomb, missile, supermissile, spacejump, powerbomb, spider, amber, lightbeam, darkbeam, echovisor, screwattack, lightsuit, boostball, annihilator",
							"emerald, violet, gravity, bomb, missile, supermissile, spacejump, powerbomb, spider, seeker, lightbeam, echovisor, screwattack, darksuit, etank:4, boostball, annihilator",
							"emerald, violet, gravity, bomb, missile, supermissile, spacejump, powerbomb, spider, seeker, lightbeam, echovisor, screwattack, lightsuit, boostball, annihilator" ],
						"item_count": 1
					}
				]
			},
			{
				"name": "Temple Sanctuary",
				"map_locations": [
					{
						"map": "greattemple",
						"x": 586,
						"y": 614
					}
				],
				"sections": [
					{
						"name": "Energy Transfer Module",
						"capture_item": true,
						"access_rules": [ "missile" ],
						"item_count": 1
					}
				]
			},
			{
				"name": "Transport A Access",
				"map_locations": [
					{
						"map": "greattemple",
						"x": 575,
						"y": 308
					}
				],
				"sections": [
					{
						"name": "Missile",
						"capture_item": true,
						"access_rules": [ "missile, emerald, bomb" ],
						"item_count": 1
					}
				]
			},
			{
				"name": "Transport B Access",
				"map_locations": [
					{
						"map": "greattemple",
						"x": 740,
						"y": 574
					}
				],
				"sections": [
					{
						"name": "E-Tank",
						"capture_item": true,
						"access_rules": [ "violet, bomb" ],
						"item_count": 1
					}
				]
			},
			{
				"name": "Sanctum",
				"map_locations": [
				    {
					    "map": "greattemple",
						"x": 1248,
						"y": 179
					}
				],
				"sections": [
				    {
					    "name": "Emperor Ing",
						"capture_item": true,
						"access_rules": [ "violet, supermissile, missile, lightsuit, screw, bomb, spider, lightbeam, darkbeam, annihilator, skytemplekey:9" ],
						"item_count": 1
					}
				]
			}
		]
	}
]