[
  {
    "name": "From Agon",
    "color": "#88eeff",
	"chest_unopened_img": "images/Beams/unopened.png",
	"chest_opened_img": "images/Beams/opened.png",
	"access_rules": [ "violet, seeker, powerbomb, lightbeam, bomb, spacejump" ],
    "children": [
      {
        "name": "Hive Temple",
        "map_locations": [
          {
            "map": "inghive",
            "x": 1178,
            "y": 968
          }
        ],
        "sections": [
          {
            "name": "Quadraxis",
            "capture_item": true,
            "access_rules": [
				"spider, echovisor, darkbeam, darksuit, etank:4, boostball",
				"spider, echovisor, darkbeam, lightsuit, boostball",
				"spider, echovisor, annihilator, darksuit, etank:4, boostball",
				"spider, echovisor, annihilator, lightsuit, boostball" ],
            "item_count": 1
          }
        ]
      },
      {
        "name": "Hive Gyro Chamber",
        "map_locations": [
          {
            "map": "inghive",
            "x": 1155,
            "y": 442
          }
        ],
        "sections": [
          {
            "name": "Ing Hive Key 2",
            "capture_item": true,
            "access_rules": [
				"darkbeam, grapple, spider, echovisor, boostball",
				"darkbeam, screwattack, spider, echovisor, boostball",
				"{darkbeam, grapple, echovisor}",
				"{darkbeam, screwattack, echovisor}"
			],
            "item_count": 1
          }
        ]
      },
      {
        "name": "Hive Entrance",
        "map_locations": [
          {
            "map": "inghive",
            "x": 2222,
            "y": 888
          }
        ],
        "sections": [
          {
            "name": "Sky Temple Key 5",
            "capture_item": true,
            "access_rules": [ "screwattack, darkvisor, lightsuit" ],
            "item_count": 1
          }
        ]
      },
      {
        "name": "Culling Chamber",
        "map_locations": [
          {
            "map": "inghive",
            "x": 2598,
            "y": 231
          }
        ],
        "sections": [
          {
            "name": "Ing Hive Key 1",
            "capture_item": true,
            "access_rules": [
				"spider",
				"{}"
			],
            "item_count": 1
          }
        ]
      },
      {
        "name": "Hazing Cliff",
        "map_locations": [
          {
            "map": "inghive",
            "x": 2904,
            "y": 289
          }
        ],
        "sections": [
          {
            "name": "Missile",
            "capture_item": true,
            "item_count": 1
          }
        ]
      },
      {
        "name": "Hive Dynamo Works",
        "map_locations": [
          {
            "map": "inghive",
            "x": 1425,
            "y": 645
          }
        ],
        "sections": [
          {
            "name": "Sky Temple Key 6",
            "capture_item": true,
            "access_rules": [
				"darkbeam, cobalt, darkvisor, grapple, spider, boostball",
				"darkbeam, cobalt, darkvisor, screwattack, spider, boostball",
				"darkbeam, cobalt, screwattack, annihilator, spider, boostball",
				"cobalt, annihilator, echovisor, screwattack, spider, boostball" ],
            "item_count": 1
          }
        ]
      },
      {
        "name": "Aerial Training Site",
        "map_locations": [
          {
            "map": "inghive",
            "x": 831,
            "y": 666
          }
        ],
        "sections": [
          {
            "name": "Missile",
            "capture_item": true,
            "access_rules": [
				"darkbeam, screwattack",
				"annihilator, echovisor, spider, screwattack, boostball",
				"{darkbeam, echovisor, boostball, spider}",
				"{annihilator, echovisor, boostball, spider}"
			],
            "item_count": 1
          },
          {
            "name": "Ing Hive Key 3",
            "capture_item": true,
            "access_rules": [
				"darkbeam, echovisor, screwattack",
				"annihilator, echovisor, screwattack",
				"{darkbeam, spider, boostball, echovisor}",
				"{boostball, spider, echovisor, annihilator}"
			],
            "item_count": 1
          }
        ]
      }
    ]
  },
  {
    "name": "From Torvus",
    "color": "#88eeff",
	"chest_unopened_img": "images/Beams/unopened.png",
	"chest_opened_img": "images/Beams/opened.png",
	"access_rules": [
		"amber, lightbeam, violet, gravity, bomb, missile, supermissile, spacejump, powerbomb, spider",
		"seeker, boostball, violet, gravity, bomb, missile, supermissile, spacejump, powerbomb, spider"
	],
    "children": [
      {
        "name": "Hive Temple",
        "map_locations": [
          {
            "map": "inghive",
            "x": 1178,
            "y": 968
          }
        ],
        "sections": [
          {
            "name": "Quadraxis",
            "capture_item": true,
            "access_rules": [
				"lightbeam, sanctuarykey:3, darkbeam, echovisor, darksuit, etank:4, boostball",
				"lightbeam, sanctuarykey:3, darkbeam, echovisor, lightsuit, boostball",
				"lightbeam, annihilator, echovisor, darksuit, etank:4, boostball",
				"lightbeam, annihilator, echovisor, lightsuit, boostball" ],
            "item_count": 1
          }
        ]
      },
      {
        "name": "Hive Gyro Chamber",
        "map_locations": [
          {
            "map": "inghive",
            "x": 1155,
            "y": 442
          }
        ],
        "sections": [
          {
            "name": "Ing Hive Key 2",
            "capture_item": true,
            "access_rules": [
				"lightbeam, darkbeam, screwattack, echovisor, boostball",
				"lightbeam, darkbeam, grapple, echovisor, boostball",
				"lightbeam, annihilator, screwattack, echovisor, boostball",
				"{lightbeam, darkbeam, screwattack, echovisor}",
				"{lightbeam, darkbeam, grapple, echovisor}",
				"{lightbeam, annihilator, screwattack, echovisor}"
			],
            "item_count": 1
          }
        ]
      },
      {
        "name": "Hive Entrance",
        "map_locations": [
          {
            "map": "inghive",
            "x": 2222,
            "y": 888
          }
        ],
        "sections": [
          {
            "name": "Sky Temple Key 5",
            "capture_item": true,
            "access_rules": [ "screwattack, powerbomb, darkvisor, lightsuit" ],
            "item_count": 1
          }
        ]
      },
      {
        "name": "Culling Chamber",
        "map_locations": [
          {
            "map": "inghive",
            "x": 2598,
            "y": 231
          }
        ],
        "sections": [
          {
            "name": "Ing Hive Key 1",
            "capture_item": true,
            "item_count": 1
          }
        ]
      },
      {
        "name": "Hazing Cliff",
        "map_locations": [
          {
            "map": "inghive",
            "x": 2904,
            "y": 289
          }
        ],
        "sections": [
          {
            "name": "Missile",
            "capture_item": true,
            "item_count": 1
          }
        ]
      },
      {
        "name": "Hive Dynamo Works",
        "map_locations": [
          {
            "map": "inghive",
            "x": 1425,
            "y": 645
          }
        ],
        "sections": [
          {
            "name": "Sky Temple Key 6",
            "capture_item": true,
            "access_rules": [
				"seeker, darkbeam, cobalt, darkvisor, grapple, boostball",
				"seeker, darkbeam, cobalt, darkvisor, screwattack, boostball",
				"lightbeam, darkbeam, cobalt, screwattack, annihilator, boostball",
				"cobalt, annihilator, echovisor, screwattack, boostball" ],
            "item_count": 1
          }
        ]
      },
      {
        "name": "Aerial Training Site",
        "map_locations": [
          {
            "map": "inghive",
            "x": 831,
            "y": 666
          }
        ],
        "sections": [
          {
            "name": "Missile",
            "capture_item": true,
            "access_rules": [
				"lightbeam, darkbeam, screwattack",
				"boostball, annihilator, echovisor, screwattack",
				"{annihilator, echovisor, boostball}"
			],
            "item_count": 1
          },
          {
            "name": "Ing Hive Key 3",
            "capture_item": true,
            "access_rules": [
				"lightbeam, boostball, darkbeam, echovisor, screwattack",
				"boostball, annihilator, echovisor, screwattack",
				"{lightbeam, darkbeam, boostball, echovisor}",
				"{boostball, echovisor, annihilator}"
			],
            "item_count": 1
          }
        ]
      }
    ]
  },
  {
    "name": "Ing Hive",
    "color": "#dd6688",
	"chest_unopened_img": "images/Beams/unopened.png",
	"chest_opened_img": "images/Beams/opened.png",
	"access_rules": [
		"violet, boostball, lightbeam, bomb, spacejump, powerbomb",
		"violet, emerald, seeker, darkvisor, boostball, spacejump, lightbeam, bomb"
	],
    "children": [
      {
        "name": "Hive Temple",
        "map_locations": [
          {
            "map": "inghive",
            "x": 1178,
            "y": 968
          }
        ],
        "sections": [
          {
            "name": "Quadraxis",
            "capture_item": true,
            "access_rules": [
				"spider, echovisor, sanctuarykey:3, darksuit, etank:4",
				"powerbomb, annihilator, spider, echovisor, darksuit, etank:4",
				"spider, echovisor, sanctuarykey:3, lightsuit",
				"powerbomb, annihilator, spider, echovisor, lightsuit" ],
            "item_count": 1
          }
        ]
      },
      {
        "name": "Hive Gyro Chamber",
        "map_locations": [
          {
            "map": "inghive",
            "x": 1155,
            "y": 442
          }
        ],
        "sections": [
          {
            "name": "Ing Hive Key 2",
            "capture_item": true,
            "access_rules": [
				"grapple, spider, echovisor",
				"screwattack, spider, echovisor",
				"{grapple, echovisor}",
				"{screwattack, echovisor}"
			],
            "item_count": 1
          }
        ]
      },
      {
        "name": "Hive Entrance",
        "map_locations": [
          {
            "map": "inghive",
            "x": 2222,
            "y": 888
          }
        ],
        "sections": [
          {
            "name": "Sky Temple Key 5",
            "capture_item": true,
            "access_rules": [ "screwattack, powerbomb, darkvisor, lightsuit" ],
            "item_count": 1
          }
        ]
      },
      {
        "name": "Culling Chamber",
        "map_locations": [
          {
            "map": "inghive",
            "x": 2598,
            "y": 231
          }
        ],
        "sections": [
          {
            "name": "Ing Hive Key 1",
            "capture_item": true,
            "access_rules": [
				"spider",
				"{}"
			],
            "item_count": 1
          }
        ]
      },
      {
        "name": "Hazing Cliff",
        "map_locations": [
          {
            "map": "inghive",
            "x": 2904,
            "y": 289
          }
        ],
        "sections": [
          {
            "name": "Missile",
            "capture_item": true,
            "item_count": 1
          }
        ]
      },
      {
        "name": "Hive Dynamo Works",
        "map_locations": [
          {
            "map": "inghive",
            "x": 1425,
            "y": 645
          }
        ],
        "sections": [
          {
            "name": "Sky Temple Key 6",
            "capture_item": true,
            "access_rules": [
				"darkbeam, cobalt, seeker, spider, darkvisor, grapple",
				"darkbeam, cobalt, seeker, spider, darkvisor,  screwattack",
				"darkbeam, cobalt, annihilator, spider, screwattack",
				"cobalt, powerbomb, echovisor, annihilator, spider, screwattack" ],
            "item_count": 1
          }
        ]
      },
      {
        "name": "Aerial Training Site",
        "map_locations": [
          {
            "map": "inghive",
            "x": 831,
            "y": 666
          }
        ],
        "sections": [
          {
            "name": "Missile",
            "capture_item": true,
            "access_rules": [
				"darkbeam, screwattack",
				"powerbomb, annihilator, spider, screwattack",
				"{powerbomb, darkbeam, spider}",
				"{powerbomb, annihilator, spider}"
			],
            "item_count": 1
          },
          {
            "name": "Ing Hive Key 3",
            "capture_item": true,
            "access_rules": [
				"darkbeam, echovisor, powerbomb, screwattack",
				"annihilator, echovisor, powerbomb, screwattack",
				"{darkbeam, echovisor, powerbomb, spider}",
				"{annihilator, echovisor, powerbomb, spider}"
			],
            "item_count": 1
          }
        ]
      }
    ]
  }
]