[
  {
    "name": "Ing Hive",
    "color": "#dd6688",
	"chest_unopened_img": "images/Beams/unopened.png",
	"chest_opened_img": "images/Beams/opened.png",
    "children": [
      {
        "name": "Hive Temple",
        "map_locations": [
          {
            "map": "inghive",
            "x": 1178,
            "y": 968
          }
        ],
        "sections": [
          {
            "name": "Quadraxis",
            "capture_item": true,
            "access_rules": [
				"@GFMC Translator Gate, seeker, darkvisor, boostball, lightbeam, spacejump, bomb, darkbeam, echovisor, sanctuarykey:3, spider, darksuit, etank:2",
				"@GFMC Translator Gate, seeker, darkvisor, boostball, lightbeam, spacejump, bomb, darkbeam, echovisor, sanctuarykey:3, spider, lightsuit",
				"@GFMC Translator Gate, seeker, darkvisor, boostball, lightbeam, spacejump, bomb, darkbeam, echovisor, screwattack, annihilator, spider, darksuit, etank:3",
				"@GFMC Translator Gate, seeker, darkvisor, boostball, lightbeam, spacejump, bomb, darkbeam, echovisor, screwattack, annihilator, spider, lightsuit",
				"@GFMC Translator Gate, seeker, darkvisor, boostball, lightbeam, spacejump, bomb, powerbomb, echovisor, annihilator, spider, darksuit, etank:3",
				"@GFMC Translator Gate, seeker, darkvisor, boostball, lightbeam, spacejump, bomb, powerbomb, echovisor, annihilator, spider, lightsuit",
				"@IS Translator Gate, missile, lightbeam, bomb, powerbomb, spacejump, darkbeam, echovisor, sanctuarykey:3, spider, boostball, darksuit, etank:2",
				"@IS Translator Gate, missile, lightbeam, bomb, powerbomb, spacejump, darkbeam, echovisor, screwattack, annihilator, spider, boostball, darksuit, etank:3",
				"@IS Translator Gate, missile, lightbeam, bomb, powerbomb, spacejump, darkbeam, echovisor, sanctuarykey:3, spider, boostball, lightsuit",
				"@IS Translator Gate, missile, lightbeam, bomb, powerbomb, spacejump, darkbeam, echovisor, screwattack, annihilator, spider, boostball, lightsuit",
				"@IS Translator Gate, missile, bomb, spacejump, boostball, seeker, supermissile, gravity, spider, powerbomb, darkbeam, echovisor, sanctuarykey:3, lightbeam, darksuit, etank:2",
				"@IS Translator Gate, missile, bomb, spacejump, boostball, seeker, supermissile, gravity, spider, powerbomb, darkbeam, echovisor, sanctuarykey:3, lightbeam, lightsuit",
				"@IS Translator Gate, missile, bomb, spacejump, boostball, seeker, supermissile, gravity, spider, powerbomb, annihilator, echovisor, darksuit, etank:3",
				"@IS Translator Gate, missile, bomb, spacejump, boostball, seeker, supermissile, gravity, spider, powerbomb, annihilator, echovisor, darksuit, lightsuit",
				"@POE Translator Gate, darkbeam, supermissile, gravity, spider, boostball, bomb, powerbomb, echovisor, sanctuarykey:3, darksuit, etank:2",
				"@POE Translator Gate, darkbeam, supermissile, gravity, spider, boostball, bomb, powerbomb, echovisor, sanctuarykey:3, lightsuit",
				"@POE Translator Gate, darkbeam, supermissile, gravity, spider, boostball, bomb, powerbomb, echovisor, annihilator, darksuit, etank:3",
				"@POE Translator Gate, darkbeam, supermissile, gravity, spider, boostball, bomb, powerbomb, echovisor, annihilator, lightsuit",
				"@POE Translator Gate, darkbeam, supermissile, bomb, seeker, lightbeam, powerbomb, echovisor, spider, boostball, sanctuarykey:3, darksuit, etank:2",
				"@POE Translator Gate, darkbeam, supermissile, bomb, seeker, lightbeam, powerbomb, echovisor, spider, boostball, sanctuarykey:3, lightsuit",
				"@POE Translator Gate, darkbeam, supermissile, bomb, seeker, lightbeam, powerbomb, echovisor, spider, boostball, screwattack, annihilator, darksuit, etank:3",
				"@POE Translator Gate, darkbeam, supermissile, bomb, seeker, lightbeam, powerbomb, echovisor, spider, boostball, screwattack, annihilator, lightsuit"
			],
            "item_count": 1
          }
        ]
      },
      {
        "name": "Hive Gyro Chamber",
        "map_locations": [
          {
            "map": "inghive",
            "x": 1155,
            "y": 442
          }
        ],
        "sections": [
          {
            "name": "Ing Hive Key 2",
            "capture_item": true,
            "access_rules": [
				"{@GFMC Translator Gate, seeker, darkvisor, boostball, lightbeam, spacejump, bomb, darkbeam, echovisor, grapple}",
				"{@GFMC Translator Gate, seeker, darkvisor, boostball, lightbeam, spacejump, bomb, darkbeam, echovisor, screwattack}",
				"@GFMC Translator Gate, seeker, darkvisor, boostball, lightbeam, spacejump, bomb, darkbeam, echovisor, spider",
				"{@IS Translator Gate, missile, lightbeam, bomb, powerbomb, spacejump, darkbeam, echovisor, grapple}",
				"{@IS Translator Gate, missile, lightbeam, bomb, powerbomb, spacejump, darkbeam, echovisor, screwattack}",
				"{@POE Translator Gate, darkbeam, supermissile, bomb, seeker, lightbeam, powerbomb, echovisor, grapple}",
				"{@POE Translator Gate, darkbeam, supermissile, bomb, seeker, lightbeam, powerbomb, echovisor, screwattack}",
				"@IS Translator Gate, missile, lightbeam, bomb, powerbomb, spacejump, darkbeam, echovisor, spider, boostball",
				"@IS Translator Gate, missile, bomb, spacejump, boostball, seeker, supermissile, gravity, spider, powerbomb, darkbeam, echovisor",
				"@POE Translator Gate, darkbeam, supermissile, gravity, spider, boostball, bomb, powerbomb, echovisor",
				"@POE Translator Gate, darkbeam, supermissile, bomb, seeker, lightbeam, powerbomb, echovisor, spider, boostball"
			],
            "item_count": 1
          }
        ]
      },
      {
        "name": "Hive Entrance",
        "map_locations": [
          {
            "map": "inghive",
            "x": 2222,
            "y": 888
          }
        ],
        "sections": [
          {
            "name": "Sky Temple Key 5",
            "capture_item": true,
            "access_rules": [
				"@GFMC Translator Gate, seeker, darkvisor, boostball, lightbeam, spacejump, bomb, screwattack, powerbomb, lightsuit",
				"@IS Translator Gate, missile, lightbeam, bomb, powerbomb, spacejump, screwattack, lightsuit, darkvisor",
				"@IS Translator Gate, missile, bomb, spacejump, boostball, seeker, supermissile, gravity, spider, powerbomb, screwattack, lightsuit, darkvisor",
				"@POE Translator Gate, darkbeam, supermissile, gravity, spider, boostball, bomb, powerbomb, screwattack, lightsuit, darkvisor",
				"@POE Translator Gate, darkbeam, supermissile, bomb, seeker, lightbeam, powerbomb, screwattack, lightsuit, darkvisor"
			],
            "item_count": 1
          }
        ]
      },
      {
        "name": "Culling Chamber",
        "map_locations": [
          {
            "map": "inghive",
            "x": 2598,
            "y": 231
          }
        ],
        "sections": [
          {
            "name": "Ing Hive Key 1",
            "capture_item": true,
            "access_rules": [
				"@GFMC Translator Gate, seeker, darkvisor, boostball, lightbeam, spacejump, bomb, spider",
				"@IS Translator Gate, missile, lightbeam, bomb, powerbomb, spacejump, spider",
				"@IS Translator Gate, missile, bomb, spacejump, boostball, seeker, supermissile, gravity, spider, powerbomb",
				"@POE Translator Gate, darkbeam, supermissile, gravity, spider, boostball, bomb, powerbomb",
				"@POE Translator Gate, darkbeam, supermissile, bomb, seeker, lightbeam, powerbomb, spider"
			],
            "item_count": 1
          }
        ]
      },
      {
        "name": "Hazing Cliff",
        "map_locations": [
          {
            "map": "inghive",
            "x": 2904,
            "y": 289
          }
        ],
        "sections": [
          {
            "name": "Missile",
            "capture_item": true,
			"access_rules": [
				"@GFMC Translator Gate, seeker, darkvisor, boostball, lightbeam, spacejump, bomb, etank:1",
				"@IS Translator Gate, missile, lightbeam, bomb, powerbomb, spacejump, etank:1",
				"@IS Translator Gate, missile, bomb, spacejump, boostball, seeker, supermissile, gravity, spider, powerbomb, lightbeam, etank:1",
				"@IS Translator Gate, missile, bomb, spacejump, boostball, seeker, supermissile, gravity, spider, powerbomb, annihilator, darkammo:5, lightammo:5, etank:1",
				"@POE Translator Gate, darkbeam, supermissile, gravity, spider, boostball, bomb, powerbomb, lightbeam, etank:1",
				"@POE Translator Gate, darkbeam, supermissile, gravity, spider, boostball, bomb, powerbomb, annihilator, darkammo:5, lightammo:5, etank:1",
				"@POE Translator Gate, darkbeam, supermissile, bomb, seeker, lightbeam, powerbomb, etank:1",
				"@GFMC Translator Gate, seeker, darkvisor, boostball, lightbeam, spacejump, bomb, darksuit",
				"@IS Translator Gate, missile, lightbeam, bomb, powerbomb, spacejump, darksuit",
				"@IS Translator Gate, missile, bomb, spacejump, boostball, seeker, supermissile, gravity, spider, powerbomb, lightbeam, darksuit",
				"@POE Translator Gate, darkbeam, supermissile, gravity, spider, boostball, bomb, powerbomb, lightbeam, darksuit",
				"@IS Translator Gate, missile, bomb, spacejump, boostball, seeker, supermissile, gravity, spider, powerbomb, annihilator, darkammo:5, lightammo:5, darksuit",
				"@POE Translator Gate, darkbeam, supermissile, gravity, spider, boostball, bomb, powerbomb, annihilator, darkammo:5, lightammo:5, darksuit",
				"@POE Translator Gate, darkbeam, supermissile, bomb, seeker, lightbeam, powerbomb, darksuit",
				"@GFMC Translator Gate, seeker, darkvisor, boostball, lightbeam, spacejump, bomb, lightsuit",
				"@IS Translator Gate, missile, lightbeam, bomb, powerbomb, spacejump, lightsuit",
				"@IS Translator Gate, missile, bomb, spacejump, boostball, seeker, supermissile, gravity, spider, powerbomb, lightbeam, lightsuit",
				"@POE Translator Gate, darkbeam, supermissile, gravity, spider, boostball, bomb, powerbomb, lightbeam, lightsuit",
				"@IS Translator Gate, missile, bomb, spacejump, boostball, seeker, supermissile, gravity, spider, powerbomb, annihilator, darkammo:5, lightammo:5, lightsuit",
				"@POE Translator Gate, darkbeam, supermissile, gravity, spider, boostball, bomb, powerbomb, annihilator, darkammo:5, lightammo:5, lightsuit",
				"@POE Translator Gate, darkbeam, supermissile, bomb, seeker, lightbeam, powerbomb, lightsuit"
			],
            "item_count": 1
          }
        ]
      },
      {
        "name": "Hive Dynamo Works",
        "map_locations": [
          {
            "map": "inghive",
            "x": 1425,
            "y": 645
          }
        ],
        "sections": [
          {
            "name": "Sky Temple Key 6",
            "capture_item": true,
            "access_rules": [
				"@ST Translator Gate, spider, powerbomb, boostball, darkvisor, etank:1",
				"@ST Translator Gate, spider, powerbomb, boostball, darkvisor, darksuit",
				"@ST Translator Gate, spider, powerbomb, boostball, darkvisor, lightsuit"
			],
            "item_count": 1
          }
        ]
      },
      {
        "name": "Aerial Training Site",
        "map_locations": [
          {
            "map": "inghive",
            "x": 831,
            "y": 666
          }
        ],
        "sections": [
          {
            "name": "Missile",
            "capture_item": true,
            "access_rules": [
				"{@GFMC Translator Gate, seeker, darkvisor, boostball, lightbeam, spacejump, powerbomb, spider, bomb, echovisor, darkbeam}",
				"{@GFMC Translator Gate, seeker, darkvisor, boostball, lightbeam, spacejump, powerbomb, spider, bomb, echovisor, annihilator}",
				"{@IS Translator Gate, missile, bomb, spacejump, boostball, seeker, supermissile, gravity, spider, powerbomb, darkbeam, echovisor, lightbeam}",
				"{@IS Translator Gate, missile, bomb, spacejump, boostball, seeker, supermissile, gravity, spider, powerbomb, annihilator, echovisor}",
				"{@POE Translator Gate, darkbeam, supermissile, gravity, spider, boostball, bomb, powerbomb, echovisor, lightbeam}",
				"{@POE Translator Gate, darkbeam, supermissile, gravity, spider, boostball, bomb, powerbomb, echovisor, annihilator}",
				"@GFMC Translator Gate, seeker, darkvisor, boostball, lightbeam, spacejump, powerbomb, echovisor, darkbeam, screwattack",
				"@GFMC Translator Gate, seeker, darkvisor, boostball, lightbeam, spacejump, powerbomb, echovisor, annihilator, screwattack",
				"@GFMC Translator Gate, seeker, darkvisor, boostball, lightbeam, spacejump, bomb, darkbeam, screwattack",
				"@IS Translator Gate, missile, lightbeam, bomb, spacejump, powerbomb, darkbeam, screwattack",
				"@IS Translator Gate, missile, bomb, spacejump, boostball, seeker, supermissile, gravity, spider, powerbomb, darkbeam, screwattack",
				"@IS Translator Gate, missile, bomb, spacejump, boostball, seeker, supermissile, gravity, spider, powerbomb, darkbeam, echovisor, lightbeam, screwattack",
				"@IS Translator Gate, missile, bomb, spacejump, boostball, seeker, supermissile, gravity, spider, powerbomb, annihilator, echovisor, screwattack",
				"@POE Translator Gate, darkbeam, supermissile, gravity, spider, boostball, bomb, powerbomb, echovisor, lightbeam, screwattack",
				"@POE Translator Gate, darkbeam, supermissile, gravity, spider, boostball, bomb, powerbomb, echovisor, annihilator, screwattack",
				"@POE Translator Gate, darkbeam, supermissile, gravity, spider, boostball, bomb, powerbomb, lightbeam, screwattack",
				"@POE Translator Gate, darkbeam, supermissile, bomb, seeker, lightbeam, powerbomb, screwattack, spider"
			],
            "item_count": 1
          },
          {
            "name": "Ing Hive Key 3",
            "capture_item": true,
            "access_rules": [
				"{@GFMC Translator Gate, seeker, darkvisor, boostball, lightbeam, spacejump, powerbomb, spider, bomb, echovisor, darkbeam}",
				"{@GFMC Translator Gate, seeker, darkvisor, boostball, lightbeam, spacejump, powerbomb, spider, bomb, echovisor, annihilator}",
				"{@IS Translator Gate, missile, bomb, spacejump, boostball, seeker, supermissile, gravity, spider, powerbomb, darkbeam, echovisor, lightbeam}",
				"{@IS Translator Gate, missile, bomb, spacejump, boostball, seeker, supermissile, gravity, spider, powerbomb, annihilator, echovisor}",
				"{@POE Translator Gate, darkbeam, supermissile, gravity, spider, boostball, bomb, powerbomb, echovisor, lightbeam}",
				"{@POE Translator Gate, darkbeam, supermissile, gravity, spider, boostball, bomb, powerbomb, echovisor, annihilator}",
				"@GFMC Translator Gate, seeker, darkvisor, boostball, lightbeam, spacejump, powerbomb, echovisor, darkbeam, screwattack",
				"@GFMC Translator Gate, seeker, darkvisor, boostball, lightbeam, spacejump, powerbomb, echovisor, annihilator, screwattack",
				"@GFMC Translator Gate, seeker, darkvisor, boostball, lightbeam, spacejump, bomb, darkbeam, echovisor, screwattack",
				"@IS Translator Gate, missile, lightbeam, bomb, spacejump, powerbomb, darkbeam, echovisor, screwattack",
				"@IS Translator Gate, missile, bomb, spacejump, boostball, seeker, supermissile, gravity, spider, powerbomb, darkbeam, echovisor, screwattack",
				"@IS Translator Gate, missile, bomb, spacejump, boostball, seeker, supermissile, gravity, spider, powerbomb, annihilator, echovisor, screwattack",
				"@POE Translator Gate, darkbeam, supermissile, gravity, spider, boostball, bomb, powerbomb, echovisor, screwattack",
				"@POE Translator Gate, darkbeam, supermissile, bomb, seeker, lightbeam, powerbomb, screwattack, echovisor"
			],
            "item_count": 1
          }
        ]
      }
    ]
  }
]