[ // Ing Hive
  {
    "name": "From Agon",
    "color": "#88eeff",
	"access_rules": [ "violet, seeker, powerbomb, lightbeam, bomb, spacejump" ],
    "children": [
      {
        "name": "Hive Temple",
        "map_locations": [
          {
            "map": "inghive",
            "x": 1178,
            "y": 968
          }
        ],
        "sections": [
          {
            "name": "Quadraxis",
            "capture_item": true,
            "access_rules": [
				"spider, echovisor, darkbeam, darksuit, etank:4, boostball",
				"spider, echovisor, darkbeam, lightsuit, boostball",
				"spider, echovisor, annihilator, darksuit, etank:4, boostball",
				"spider, echovisor, annihilator, lightsuit, boostball" ],
            "item_count": 1
          }
        ]
      },
      {
        "name": "Hive Gyro Chamber",
        "map_locations": [
          {
            "map": "inghive",
            "x": 1155,
            "y": 442
          }
        ],
        "sections": [
          {
            "name": "Ing Hive Key 2",
            "capture_item": true,
            "access_rules": [
				"darkbeam, grapple, spider, echovisor",
				"darkbeam, screwattack, spider, echovisor" ],
            "item_count": 1
          }
        ]
      },
      {
        "name": "Hive Entrance",
        "map_locations": [
          {
            "map": "inghive",
            "x": 2222,
            "y": 888
          }
        ],
        "sections": [
          {
            "name": "Sky Temple Key 5",
            "capture_item": true,
            "access_rules": [ "screwattack, darkvisor, lightsuit" ],
            "item_count": 1
          }
        ]
      },
      {
        "name": "Culling Chamber",
        "map_locations": [
          {
            "map": "inghive",
            "x": 2598,
            "y": 231
          }
        ],
        "sections": [
          {
            "name": "Ing Hive Key 1",
            "capture_item": true,
            "access_rules": [ "spider" ],
            "item_count": 1
          }
        ]
      },
      {
        "name": "Hazing Cliff",
        "map_locations": [
          {
            "map": "inghive",
            "x": 2904,
            "y": 289
          }
        ],
        "sections": [
          {
            "name": "Missile",
            "capture_item": true,
            "item_count": 1
          }
        ]
      },
      {
        "name": "Hive Dynamo Works",
        "map_locations": [
          {
            "map": "inghive",
            "x": 1425,
            "y": 645
          }
        ],
        "sections": [
          {
            "name": "Sky Temple Key 6",
            "capture_item": true,
            "access_rules": [
				"darkbeam, cobalt, darkvisor, grapple, spider, boostball",
				"darkbeam, cobalt, darkvisor, screwattack, spider, boostball",
				"darkbeam, cobalt, screwattack, annihilator, spider, boostball",
				"cobalt, darkbeam, echovisor, screwattack, darkvisor, spider, boostball",
				"cobalt, annihilator, echovisor, screwattack, spider, boostball" ],
            "item_count": 1
          }
        ]
      },
      {
        "name": "Aerial Training Site",
        "map_locations": [
          {
            "map": "inghive",
            "x": 831,
            "y": 666
          }
        ],
        "sections": [
          {
            "name": "Missile",
            "capture_item": true,
            "access_rules": [
				"darkbeam, screwattack",
				"annihilator, echovisor, screwattack" ],
            "item_count": 1
          },
          {
            "name": "Ing Hive Key 3",
            "capture_item": true,
            "access_rules": [
				"darkbeam, echovisor, screwattack",
				"annihilator, echovisor, screwattack"],
            "item_count": 1
          }
        ]
      }
    ]
  },
  {
    "name": "From Torvus",
    "color": "#88eeff",
	"access_rules": [ "emerald, violet, gravity, bomb, missile, supermissile, spacejump, powerbomb, spider" ],
    "children": [
      {
        "name": "Hive Temple",
        "map_locations": [
          {
            "map": "inghive",
            "x": 1178,
            "y": 968
          }
        ],
        "sections": [
          {
            "name": "Quadraxis",
            "capture_item": true,
            "access_rules": [
				"amber, lightbeam, sanctuarykey:3, darkbeam, echovisor, darksuit, etank:4, boostball",
				"amber, lightbeam, sanctuarykey:3, darkbeam, echovisor, lightsuit, boostball",
				"seeker, lightbeam, sanctuarykey:3, darkbeam, echovisor, darksuit, etank:4, boostball",
				"seeker, lightbeam, sanctuarykey:3, darkbeam, echovisor, lightsuit, boostball",
				"amber, lightbeam, annihilator, echovisor, darksuit, etank:4, boostball",
				"amber, lightbeam, annihilator, echovisor, lightsuit, boostball",
				"seeker, lightbeam, annihilator, echovisor, darksuit, etank:4, boostball",
				"seeker, lightbeam, annihilator, echovisor, lightsuit, boostball" ],
            "item_count": 1
          }
        ]
      },
      {
        "name": "Hive Gyro Chamber",
        "map_locations": [
          {
            "map": "inghive",
            "x": 1155,
            "y": 442
          }
        ],
        "sections": [
          {
            "name": "Ing Hive Key 2",
            "capture_item": true,
            "access_rules": [
				"amber, lightbeam, darkbeam, grapple, spider, echovisor, boostball",
				"amber, lightbeam, darkbeam, screwattack, spider, echovisor, boostball",
				"seeker, lightbeam, darkbeam, grapple, spider, echovisor, boostball",
				"seeker, lightbeam, annihilator, screwattack, spider, echovisor, boostball" ],
            "item_count": 1
          }
        ]
      },
      {
        "name": "Hive Entrance",
        "map_locations": [
          {
            "map": "inghive",
            "x": 2222,
            "y": 888
          }
        ],
        "sections": [
          {
            "name": "Sky Temple Key 5",
            "capture_item": true,
            "access_rules": [
				"amber, lightbeam, darkbeam, screwattack, powerbomb, darkvisor, lightsuit",
				"seeker, boostball, screwattack, powerbomb, darkvisor, lightsuit" ],
            "item_count": 1
          }
        ]
      },
      {
        "name": "Culling Chamber",
        "map_locations": [
          {
            "map": "inghive",
            "x": 2598,
            "y": 231
          }
        ],
        "sections": [
          {
            "name": "Ing Hive Key 1",
            "capture_item": true,
            "access_rules": [
				"amber, lightbeam, darkbeam",
				"boostball, seeker"],
            "item_count": 1
          }
        ]
      },
      {
        "name": "Hazing Cliff",
        "map_locations": [
          {
            "map": "inghive",
            "x": 2904,
            "y": 289
          }
        ],
        "sections": [
          {
            "name": "Missile",
            "capture_item": true,
			"access_rules": [
				"amber, lightbeam, darkbeam",
				"boostball, seeker" ],
            "item_count": 1
          }
        ]
      },
      {
        "name": "Hive Dynamo Works",
        "map_locations": [
          {
            "map": "inghive",
            "x": 1425,
            "y": 645
          }
        ],
        "sections": [
          {
            "name": "Sky Temple Key 6",
            "capture_item": true,
            "access_rules": [
				"amber, lightbeam, darkbeam, cobalt, seeker, darkvisor, grapple, boostball",
				"amber, lightbeam, darkbeam, cobalt, seeker, darkvisor, screwattack, boostball",
				"amber, lightbeam, darkbeam, cobalt, annihilator, screwattack, boostball",
				"boostball, darkbeam, cobalt, seeker, darkvisor, grapple",
				"boostball, darkbeam, cobalt, seeker, darkvisor, screwattack",
				"boostball, darkbeam, cobalt, annihilator, screwattack",
				"seeker, boostball, cobalt, echovisor, annihilator, screwattack" ],
            "item_count": 1
          }
        ]
      },
      {
        "name": "Aerial Training Site",
        "map_locations": [
          {
            "map": "inghive",
            "x": 831,
            "y": 666
          }
        ],
        "sections": [
          {
            "name": "Missile",
            "capture_item": true,
            "access_rules": [
				"amber, lightbeam, darkbeam, screwattack",
				"seeker, boostball, lightbeam, darkbeam, screwattack",
				"seeker, boostball, annihilator, echovisor, screwattack" ],
            "item_count": 1
          },
          {
            "name": "Ing Hive Key 3",
            "capture_item": true,
            "access_rules": [
				"amber, lightbeam, darkbeam, echovisor, screwattack",
				"seeker, boostball, lightbeam, darkbeam, echovisor, screwattack",
				"seeker, boostball, annihilator, echovisor, screwattack" ],
            "item_count": 1
          }
        ]
      }
    ]
  },
  {
    "name": "Ing Hive",
    "color": "#dd6688",
	"access_rules": [ "violet, boostball, lightbeam, darkbeam, bomb, spacejump" ],
    "children": [
      {
        "name": "Hive Temple",
        "map_locations": [
          {
            "map": "inghive",
            "x": 1178,
            "y": 968
          }
        ],
        "sections": [
          {
            "name": "Quadraxis",
            "capture_item": true,
            "access_rules": [
				"spider, echovisor, sanctuarykey:3, darksuit, etank:4",
				"powerbomb, annihilator, spider, echovisor, darksuit, etank:4",
				"spider, echovisor, sanctuarykey:3, lightsuit",
				"powerbomb, annihilator, spider, echovisor, lightsuit" ],
            "item_count": 1
          }
        ]
      },
      {
        "name": "Hive Gyro Chamber",
        "map_locations": [
          {
            "map": "inghive",
            "x": 1155,
            "y": 442
          }
        ],
        "sections": [
          {
            "name": "Ing Hive Key 2",
            "capture_item": true,
            "access_rules": [ "grapple, spider, echovisor" ],
            "item_count": 1
          }
        ]
      },
      {
        "name": "Hive Entrance",
        "map_locations": [
          {
            "map": "inghive",
            "x": 2222,
            "y": 888
          }
        ],
        "sections": [
          {
            "name": "Sky Temple Key 5",
            "capture_item": true,
            "access_rules": [ "screwattack, powerbomb, darkvisor, lightsuit" ],
            "item_count": 1
          }
        ]
      },
      {
        "name": "Culling Chamber",
        "map_locations": [
          {
            "map": "inghive",
            "x": 2598,
            "y": 231
          }
        ],
        "sections": [
          {
            "name": "Ing Hive Key 1",
            "capture_item": true,
            "access_rules": [ "spider" ],
            "item_count": 1
          }
        ]
      },
      {
        "name": "Hazing Cliff",
        "map_locations": [
          {
            "map": "inghive",
            "x": 2904,
            "y": 289
          }
        ],
        "sections": [
          {
            "name": "Missile",
            "capture_item": true,
            "item_count": 1
          }
        ]
      },
      {
        "name": "Hive Dynamo Works",
        "map_locations": [
          {
            "map": "inghive",
            "x": 1425,
            "y": 645
          }
        ],
        "sections": [
          {
            "name": "Sky Temple Key 6",
            "capture_item": true,
            "access_rules": [
				"darkvisor, powerbomb, seeker, grapple, spider",
				"darkvisor, powerbomb, seeker, screwattack, spider",
				"darkvisor, powerbomb, screwattack, annihilator, spider" ],
            "item_count": 1
          }
        ]
      },
      {
        "name": "Aerial Training Site",
        "map_locations": [
          {
            "map": "inghive",
            "x": 831,
            "y": 666
          }
        ],
        "sections": [
          {
            "name": "Missile",
            "capture_item": true,
            "access_rules": [ "screwattack" ],
            "item_count": 1
          },
          {
            "name": "Ing Hive Key 3",
            "capture_item": true,
            "access_rules": [ "echovisor, powerbomb, screwattack" ],
            "item_count": 1
          }
        ]
      }
    ]
  }
]