[
  {
    "name": "Sanctuary Fortress",
    "color": "#88eeff",
	"chest_unopened_img": "images/Beams/unopened.png",
	"chest_opened_img": "images/Beams/opened.png",
    "children": [
      {
        "name": "Dynamo Works",
        "map_locations": [
          {
            "map": "sanctuaryfortress",
            "x": 1635,
            "y": 641
          }
        ],
        "sections": [
          {
            "name": "Spider Guardian",
            "capture_item": true,
            "access_rules": [
				"@ST Translator Gate, boostball, bomb",
				"@ST Translator Gate, spider, bomb"
			],
            "item_count": 1
          },
          {
            "name": "Missile",
            "capture_item": true,
            "access_rules": [ "@ST Translator Gate, spider, bomb" ],
            "item_count": 1
          }
        ]
      },
      {
        "name": "Vault",
        "map_locations": [
          {
            "map": "sanctuaryfortress",
            "x": 227,
            "y": 395
          }
        ],
        "sections": [
          {
            "name": "Screw Attack",
            "capture_item": true,
            "access_rules": [
				"{@IS Translator Gate, missile, lightbeam, bomb, powerbomb, darkbeam, screwattack}",
				"{@POE Translator Gate, darkbeam, supermissile, bomb, seeker, powerbomb, screwattack}",
				"@GFMC Translator Gate, seeker, darkvisor, boostball, spacejump, lightbeam, bomb, darkbeam, screwattack",
				"@GFMC Translator Gate, seeker, darkvisor, boostball, spacejump, lightbeam, bomb, powerbomb, spider, echovisor, annihilator, screwattack",
				"@GFMC Translator Gate, seeker, darkvisor, boostball, spacejump, lightbeam, bomb, powerbomb, spider, echovisor, annihilator, grapple",
				"@IS Translator Gate, missile, lightbeam, bomb, spacejump, powerbomb, darkbeam, screwattack, boostball",
				"@IS Translator Gate, missile, bomb, spacejump, boostball, seeker, supermissile, gravity, spider, powerbomb, echovisor, grapple, darkbeam",
				"@IS Translator Gate, missile, bomb, spacejump, boostball, seeker, supermissile, gravity, spider, powerbomb, echovisor, grapple, annihilator",
				"@IS Translator Gate, missile, bomb, spacejump, boostball, seeker, supermissile, gravity, spider, powerbomb, darkbeam, screwattack",
				"@POE Translator Gate, darkbeam, supermissile, gravity, spider, boostball, powerbomb, echovisor, bomb, grapple",
				"@POE Translator Gate, darkbeam, supermissile, gravity, spider, boostball, bomb, powerbomb, screwattack",
				"@POE Translator Gate, darkbeam, supermissile, bomb, seeker, lightbeam, powerbomb, screwattack, boostball"
			],
            "item_count": 1
          }
        ]
      },
      {
        "name": "Sanctuary Energy Controller",
        "map_locations": [
          {
            "map": "sanctuaryfortress",
            "x": 1188,
            "y": 1410
          }
        ],
        "sections": [
          {
            "name": "Cobalt Translator",
            "capture_item": true,
            "access_rules": [
				"@GFMC Translator Gate, seeker, darkvisor, boostball, spacejump, lightbeam, bomb, darkbeam, grapple",
				"@GFMC Translator Gate, seeker, darkvisor, boostball, spacejump, lightbeam, bomb, darkbeam, screwattack",
				"@GFMC Translator Gate, seeker, darkvisor, boostball, spacejump, lightbeam, bomb, powerbomb, spider, echovisor, annihilator, screwattack",
				"@GFMC Translator Gate, seeker, darkvisor, boostball, spacejump, lightbeam, bomb, powerbomb, spider, echovisor, annihilator, grapple",
				"@IS Translator Gate, missile, lightbeam, bomb, spacejump, powerbomb, darkbeam, screwattack",
				"@IS Translator Gate, missile, lightbeam, bomb, spacejump, powerbomb, darkbeam, grapple",
				"@IS Translator Gate, missile, bomb, spacejump, boostball, seeker, supermissile, gravity, spider, powerbomb, darkbeam, screwattack",
				"@IS Translator Gate, missile, bomb, spacejump, boostball, seeker, supermissile, gravity, spider, powerbomb, darkbeam, grapple",
				"@IS Translator Gate, missile, bomb, spacejump, boostball, seeker, supermissile, gravity, spider, powerbomb, echovisor, annihilator, grapple",
				"@IS Translator Gate, missile, bomb, spacejump, boostball, seeker, supermissile, gravity, spider, powerbomb, echovisor, annihilator, screwattack",
				"@POE Translator Gate, darkbeam, supermissile, gravity, spider, boostball, bomb, powerbomb, screwattack",
				"@POE Translator Gate, darkbeam, supermissile, gravity, spider, boostball, bomb, powerbomb, grapple",
				"@POE Translator Gate, darkbeam, supermissile, bomb, seeker, lightbeam, powerbomb, screwattack",
				"@POE Translator Gate, darkbeam, supermissile, bomb, seeker, lightbeam, powerbomb, grapple"
			],
            "item_count": 1
          }
        ]
      },
      {
        "name": "Watch Station Access",
        "map_locations": [
          {
            "map": "sanctuaryfortress",
            "x": 937,
            "y": 578
          }
        ],
        "sections": [
          {
            "name": "E-Tank",
            "capture_item": true,
            "access_rules": [
				"{@GFMC Translator Gate, seeker, darkvisor, boostball, lightbeam, spacejump, bomb, darkbeam, grapple}",
				"{@IS Translator Gate, missile, lightbeam, bomb, spacejump, powerbomb, darkbeam, grapple}",
				"{@GFMC Translator Gate, seeker, darkvisor, boostball, lightbeam, spacejump, bomb, darkbeam, spider}",
				"{@IS Translator Gate, missile, lightbeam, bomb, spacejump, powerbomb, darkbeam, spider}",
				"{@IS Translator Gate, missile, bomb, spacejump, boostball, seeker, supermissile, gravity, spider, powerbomb, darkbeam}",
				"{@POE Translator Gate, darkbeam, lightbeam, supermissile, gravity, spider, boostball, bomb, powerbomb}",
				"{@POE Translator Gate, darkbeam, lightbeam, supermissile, bomb, seeker, powerbomb, grapple}",
				"{@POE Translator Gate, darkbeam, lightbeam, supermissile, bomb, seeker, powerbomb, spider}",
				"@GFMC Translator Gate, seeker, darkvisor, boostball, lightbeam, spacejump, powerbomb, spider, bomb, echovisor, darkbeam",
				"@GFMC Translator Gate, seeker, darkvisor, boostball, lightbeam, spacejump, powerbomb, spider, bomb, echovisor, annihilator",
				"@GFMC Translator Gate, seeker, darkvisor, boostball, lightbeam, spacejump, bomb, darkbeam, screwattack",
				"@IS Translator Gate, missile, lightbeam, bomb, spacejump, powerbomb, darkbeam, screwattack",
				"@IS Translator Gate, missile, bomb, spacejump, boostball, seeker, supermissile, gravity, spider, powerbomb, darkbeam, screwattack",
				"@IS Translator Gate, missile, bomb, spacejump, boostball, seeker, supermissile, gravity, spider, powerbomb, darkbeam, echovisor, lightbeam",
				"@IS Translator Gate, missile, bomb, spacejump, boostball, seeker, supermissile, gravity, spider, powerbomb, annihilator, lightbeam, echovisor",
				"@POE Translator Gate, darkbeam, supermissile, gravity, spider, boostball, bomb, powerbomb, echovisor, lightbeam",
				"@POE Translator Gate, darkbeam, supermissile, gravity, spider, boostball, bomb, powerbomb, screwattack",
				"@POE Translator Gate, darkbeam, supermissile, bomb, seeker, lightbeam, powerbomb, screwattack"
			],
            "item_count": 1
          }
        ]
      },
      {
        "name": "Hall of Combat Mastery",
        "map_locations": [
          {
            "map": "sanctuaryfortress",
            "x": 2605,
            "y": 130
          }
        ],
        "sections": [
          {
            "name": "E-Tank",
            "capture_item": true,
            "access_rules": [
				"{@GFMC Translator Gate, seeker, darkvisor, boostball, lightbeam, spacejump, bomb}",
				"{@IS Translator Gate, missile, lightbeam, bomb, spacejump, powerbomb}",
				"{@POE Translator Gate, darkbeam, supermissile, bomb, seeker, lightbeam, powerbomb}",
				"@GFMC Translator Gate, seeker, darkvisor, boostball, lightbeam, spacejump, bomb, spider",
				"@IS Translator Gate, missile, lightbeam, bomb, spacejump, powerbomb, spider",
				"@IS Translator Gate, missile, bomb, spacejump, boostball, seeker, supermissile, gravity, spider, powerbomb",
				"@POE Translator Gate, darkbeam, supermissile, gravity, spider, boostball, bomb, powerbomb",
				"@POE Translator Gate, darkbeam, supermissile, bomb, seeker, lightbeam, powerbomb, spider"
			],
            "item_count": 1
          }
        ]
      },
      {
        "name": "Temple Access",
        "map_locations": [
          {
            "map": "sanctuaryfortress",
            "x": 1178,
            "y": 740
          }
        ],
        "sections": [
          {
            "name": "Missile",
            "capture_item": true,
            "access_rules": [
				"{@GFMC Translator Gate, seeker, darkvisor, boostball, lightbeam, spacejump, bomb, darkbeam, spider}",
				"{@GFMC Translator Gate, seeker, darkvisor, boostball, lightbeam, spacejump, bomb, darkbeam, screwattack}",
				"{@GFMC Translator Gate, seeker, darkvisor, boostball, lightbeam, spacejump, bomb, darkbeam, grapple}",
				"{@GFMC Translator Gate, seeker, darkvisor, boostball, lightbeam, spacejump, bomb, annihilator, powerbomb, spider, echoviso}",
				"{@IS Translator Gate, missile, lightbeam, bomb, spacejump, powerbomb, darkbeam, spider}",
				"{@IS Translator Gate, missile, lightbeam, bomb, spacejump, powerbomb, darkbeam, screwattack}",
				"{@IS Translator Gate, missile, lightbeam, bomb, spacejump, powerbomb, darkbeam, grapple}",
				"{@IS Translator Gate, missile, bomb, spacejump, boostball, seeker, supermissile, gravity, spider, powerbomb, darkbeam}",
				"{@IS Translator Gate, missile, bomb, spacejump, boostball, seeker, supermissile, gravity, spider, powerbomb, annihilator, echovisor}",
				"{@POE Translator Gate, darkbeam, supermissile, gravity, spider, boostball, bomb, powerbomb}",
				"{@POE Translator Gate, darkbeam, supermissile, bomb, seeker, lightbeam, powerbomb, spider}",
				"{@POE Translator Gate, darkbeam, supermissile, bomb, seeker, lightbeam, powerbomb, screwattack}",
				"{@POE Translator Gate, darkbeam, supermissile, bomb, seeker, lightbeam, powerbomb, grapple}",
				"@GFMC Translator Gate, seeker, darkvisor, boostball, lightbeam, spacejump, bomb, darkbeam, darkvisor, spider",
				"@GFMC Translator Gate, seeker, darkvisor, boostball, lightbeam, spacejump, bomb, darkbeam, darkvisor, screwattack",
				"@GFMC Translator Gate, seeker, darkvisor, boostball, lightbeam, spacejump, bomb, darkbeam, darkvisor, grapple",
				"@GFMC Translator Gate, seeker, darkvisor, boostball, lightbeam, spacejump, bomb, annihilator, powerbomb, spider, echovisor",
				"@IS Translator Gate, missile, lightbeam, bomb, spacejump, powerbomb, darkbeam, darkvisor, echovisor, seeker, spider",
				"@IS Translator Gate, missile, lightbeam, bomb, spacejump, powerbomb, darkbeam, darkvisor, echovisor, seeker, screwattack",
				"@IS Translator Gate, missile, lightbeam, bomb, spacejump, powerbomb, darkbeam, darkvisor, echovisor, seeker, grapple",
				"@IS Translator Gate, missile, bomb, spacejump, boostball, seeker, supermissile, gravity, spider, powerbomb, darkbeam, echovisor, darkvisor",
				"@IS Translator Gate, missile, bomb, spacejump, boostball, seeker, supermissile, gravity, spider, powerbomb, annihilator, echovisor, darkvisor",
				"@POE Translator Gate, darkbeam, supermissile, gravity, spider, boostball, bomb, powerbomb, darkvisor, echovisor, seeker",
				"@POE Translator Gate, darkbeam, supermissile, bomb, seeker, lightbeam, powerbomb, darkvisor, echovisor, spider",
				"@POE Translator Gate, darkbeam, supermissile, bomb, seeker, lightbeam, powerbomb, darkvisor, echovisor, screwattack",
				"@POE Translator Gate, darkbeam, supermissile, bomb, seeker, lightbeam, powerbomb, darkvisor, echovisor, grapple"
			],
            "item_count": 1
          }
        ]
      },
      {
        "name": "Main Research",
        "map_locations": [
          {
            "map": "sanctuaryfortress",
            "x": 1906,
            "y": 255
          }
        ],
        "sections": [
          {
            "name": "Missile",
            "capture_item": true,
            "access_rules": [
				"{@GFMC Translator Gate, seeker, darkvisor, boostball, lightbeam, spacejump, powerbomb}",
				"{@GFMC Translator Gate, seeker, darkvisor, boostball, lightbeam, spacejump, bomb, darkbeam, screwattack}",
				"{@IS Translator Gate, missile, lightbeam, bomb, spacejump, powerbomb, darkbeam, screwattack}",
				"{@POE Translator Gate, darkbeam, supermissile, bomb, seeker, powerbomb, screwattack}",
				"@GFMC Translator Gate, seeker, darkvisor, boostball, lightbeam, spacejump, powerbomb, spider, bomb",
				"@IS Translator Gate, missile, lightbeam, bomb, spacejump, powerbomb, darkbeam, screwattack, spider",
				"@IS Translator Gate, missile, bomb, spacejump, boostball, seeker, supermissile, gravity, spider, powerbomb",
				"@POE Translator Gate, darkbeam, supermissile, gravity, spider, boostball, bomb, powerbomb",
				"@POE Translator Gate, darkbeam, supermissile, bomb, seeker, lightbeam, powerbomb, screwattack, spider"
			],
            "item_count": 1
          }
        ]
      },
      {
        "name": "Central Area Transport West",
        "map_locations": [
          {
            "map": "sanctuaryfortress",
            "x": 1758,
            "y": 276
          }
        ],
        "sections": [
          {
            "name": "Missile",
            "capture_item": true,
            "access_rules": [
				"@GFMC Translator Gate, seeker, darkvisor, boostball, lightbeam, spacejump, powerbomb, echovisor, darkbeam, spider, bomb",
				"@GFMC Translator Gate, seeker, darkvisor, boostball, lightbeam, spacejump, powerbomb, echovisor, annihilator, spider, bomb",
				"@GFMC Translator Gate, seeker, darkvisor, boostball, lightbeam, spacejump, bomb, darkbeam, screwattack",
				"@IS Translator Gate, missile, lightbeam, bomb, spacejump, powerbomb, darkbeam, screwattack",
				"@IS Translator Gate, missile, bomb, spacejump, boostball, seeker, supermissile, gravity, spider, powerbomb",
				"@POE Translator Gate, darkbeam, supermissile, gravity, spider, boostball, bomb, powerbomb",
				"@POE Translator Gate, darkbeam, supermissile, bomb, seeker, lightbeam, powerbomb, screwattack, spider"
			],
            "item_count": 1
          }
        ]
      },
      {
        "name": "Sentinel's Path",
        "map_locations": [
          {
            "map": "sanctuaryfortress",
            "x": 940,
            "y": 908
          }
        ],
        "sections": [
          {
            "name": "Missile",
            "capture_item": true,
            "access_rules": [
				"@GFMC Translator Gate, seeker, darkvisor, boostball, lightbeam, spacejump, bomb, powerbomb, spider, echovisor, annihilator",
				"@GFMC Translator Gate, seeker, darkvisor, boostball, lightbeam, spacejump, bomb, darkbeam, screwattack, spider, echovisor, annihilator",
				"@IS Translator Gate, missile, lightbeam, bomb, spacejump, powerbomb, darkbeam, screwattack, annihilator, echovisor",
				"@IS Translator Gate, missile, bomb, spacejump, boostball, seeker, supermissile, gravity, spider, powerbomb, annihilator, echovisor",
				"@POE Translator Gate, darkbeam, supermissile, gravity, spider, boostball, bomb, powerbomb, annihilator, echovisor",
				"@POE Translator Gate, darkbeam, supermissile, bomb, seeker, lightbeam, powerbomb, screwattack, spider, annihilator, echovisor"
			],
            "item_count": 1
          }
        ]
      },
      {
        "name": "Watch Station",
        "map_locations": [
          {
            "map": "sanctuaryfortress",
            "x": 817,
            "y": 466
          }
        ],
        "sections": [
          {
            "name": "Beam Ammo Expansion",
            "capture_item": true,
            "access_rules": [
				"@GFMC Translator Gate, seeker, darkvisor, boostball, lightbeam, spacejump, powerbomb, spider, bomb, echovisor, darkbeam",
				"@GFMC Translator Gate, seeker, darkvisor, boostball, lightbeam, spacejump, powerbomb, spider, bomb, echovisor, annihilator",
				"@GFMC Translator Gate, seeker, darkvisor, boostball, lightbeam, spacejump, bomb, darkbeam, screwattack, spider",
				"@IS Translator Gate, missile, lightbeam, bomb, spacejump, powerbomb, darkbeam, screwattack, spider",
				"@IS Translator Gate, missile, bomb, spacejump, boostball, seeker, supermissile, gravity, spider, powerbomb, darkbeam, screwattack",
				"@IS Translator Gate, missile, bomb, spacejump, boostball, seeker, supermissile, gravity, spider, powerbomb, darkbeam, echovisor, lightbeam",
				"@IS Translator Gate, missile, bomb, spacejump, boostball, seeker, supermissile, gravity, spider, powerbomb, annihilator, lightbeam, echovisor",
				"@POE Translator Gate, darkbeam, supermissile, gravity, spider, boostball, bomb, powerbomb, echovisor, lightbeam",
				"@POE Translator Gate, darkbeam, supermissile, gravity, spider, boostball, bomb, powerbomb, lightbeam, screwattack",
				"@POE Translator Gate, darkbeam, supermissile, bomb, seeker, lightbeam, powerbomb, screwattack, spider"
			],
            "item_count": 1
          }
        ]
      },
      {
        "name": "Main Gyro Chamber",
        "map_locations": [
          {
            "map": "sanctuaryfortress",
            "x": 1155,
            "y": 442
          }
        ],
        "sections": [
          {
            "name": "Power Bomb",
            "capture_item": true,
            "access_rules": [
				"@GFMC Translator Gate, seeker, darkvisor, boostball, lightbeam, spacejump, bomb, darkbeam, powerbomb, echovisor, spider",
				"@GFMC Translator Gate, seeker, darkvisor, boostball, lightbeam, spacejump, bomb, darkbeam, powerbomb, echovisor, screwattack",
				"@GFMC Translator Gate, seeker, darkvisor, boostball, lightbeam, spacejump, bomb, darkbeam, powerbomb, echovisor, grapple",
				"@GFMC Translator Gate, seeker, darkvisor, boostball, lightbeam, spacejump, bomb, annihilator, spider, screwattack, powerbomb, echovisor",
				"@IS Translator Gate, missile, lightbeam, bomb, spacejump, powerbomb, darkbeam, echovisor, annihilator, spider",
				"@IS Translator Gate, missile, lightbeam, bomb, spacejump, powerbomb, darkbeam, echovisor, annihilator, screwattack",
				"@IS Translator Gate, missile, lightbeam, bomb, spacejump, powerbomb, darkbeam, echovisor, annihilator, grapple",
				"@IS Translator Gate, missile, bomb, spacejump, boostball, seeker, supermissile, gravity, spider, powerbomb, darkbeam, echovisor, annihilator",
				"@IS Translator Gate, missile, bomb, spacejump, boostball, seeker, supermissile, gravity, spider, powerbomb, annihilator, echovisor, screwattack",
				"@POE Translator Gate, darkbeam, supermissile, gravity, spider, boostball, bomb, powerbomb, echovisor, annihilator",
				"@POE Translator Gate, darkbeam, supermissile, bomb, seeker, powerbomb, lightbeam, annihilator, echovisor, spider",
				"@POE Translator Gate, darkbeam, supermissile, bomb, seeker, powerbomb, lightbeam, annihilator, echovisor, screwattack",
				"@POE Translator Gate, darkbeam, supermissile, bomb, seeker, powerbomb, lightbeam, annihilator, echovisor, grapple"
			],
            "item_count": 1
          }
        ]
      },
      {
        "name": "Aerie",
        "map_locations": [
          {
            "map": "sanctuaryfortress",
            "x": 965,
            "y": 113
          }
        ],
        "sections": [
          {
            "name": "Echo Visor",
            "capture_item": true,
            "access_rules": [
				"@GFMC Translator Gate, seeker, darkvisor, boostball, lightbeam, spacejump, bomb, darkbeam, powerbomb, spider",
				"@GFMC Translator Gate, seeker, darkvisor, boostball, lightbeam, spacejump, bomb, annihilator, spider, screwattack, powerbomb, echovisor",
				"@IS Translator Gate, missile, lightbeam, bomb, spacejump, powerbomb, boostball, darkbeam, spider",
				"@IS Translator Gate, missile, bomb, spacejump, boostball, seeker, supermissile, gravity, spider, powerbomb, darkbeam, annihilator",
				"@IS Translator Gate, missile, bomb, spacejump, boostball, seeker, supermissile, gravity, spider, powerbomb, darkbeam, lightbeam",
				"@IS Translator Gate, missile, bomb, spacejump, boostball, seeker, supermissile, gravity, spider, powerbomb, annihilator, echovisor, screwattack",
				"@POE Translator Gate, darkbeam, supermissile, gravity, spider, boostball, bomb, powerbomb, annihilator",
				"@POE Translator Gate, darkbeam, supermissile, gravity, spider, boostball, bomb, powerbomb, lightbeam",
				"@POE Translator Gate, darkbeam, supermissile, bomb, seeker, powerbomb, lightbeam"
			],
            "item_count": 1
          }
        ]
      },
      {
        "name": "Reactor Core",
        "map_locations": [
          {
            "map": "sanctuaryfortress",
            "x": 2200,
            "y": 255
          }
        ],
        "sections": [
          {
            "name": "E-Tank",
            "capture_item": true,
            "access_rules": [
				"@GFMC Translator Gate, seeker, darkvisor, boostball, lightbeam, spacejump, spider",
				"@IS Translator Gate, missile, lightbeam, bomb, powerbomb, darkbeam, spacejump, screwattack, spider, boostball, powerbomb",
				"@IS Translator Gate, missile, bomb, spacejump, boostball, seeker, supermissile, gravity, spider, powerbomb",
				"@POE Translator Gate, darkbeam, supermissile, gravity, spider, boostball, bomb, powerbomb",
				"@POE Translator Gate, darkbeam, supermissile, bomb, seeker, powerbomb, screwattack, lightbeam, spider, boostball"
			],
            "item_count": 1
          }
        ]
      },
      {
        "name": "Sanctuary Entrance",
        "map_locations": [
          {
            "map": "sanctuaryfortress",
            "x": 2222,
            "y": 1140
          }
        ],
        "sections": [
          {
            "name": "Power Bomb",
            "capture_item": true,
            "access_rules": [ "@GFMC Translator Gate, boostball, spider, powerbomb" ],
            "item_count": 1
          }
        ]
      },
      {
        "name": "Transit Station",
        "map_locations": [
          {
            "map": "sanctuaryfortress",
            "x": 2059,
            "y": 285
          }
        ],
        "sections": [
          {
            "name": "Power Bomb",
            "capture_item": true,
            "access_rules": [
				"@GFMC Translator Gate, seeker, darkvisor, boostball, lightbeam, spacejump, spider, powerbomb, darkbeam",
				"@GFMC Translator Gate, seeker, darkvisor, boostball, lightbeam, spacejump, spider, powerbomb, annihilator",
				"@IS Translator Gate, missile, lightbeam, bomb, powerbomb, darkbeam, spacejump, screwattack, spider",
				"@IS Translator Gate, missile, bomb, spacejump, boostball, seeker, supermissile, gravity, spider, powerbomb, lightbeam",
				"@IS Translator Gate, missile, bomb, spacejump, boostball, seeker, supermissile, gravity, spider, powerbomb, annihilator",
				"@POE Translator Gate, darkbeam, supermissile, gravity, spider, boostball, bomb, powerbomb, lightbeam",
				"@POE Translator Gate, darkbeam, supermissile, gravity, spider, boostball, bomb, powerbomb, annihilator",
				"@POE Translator Gate, darkbeam, supermissile, bomb, seeker, powerbomb, screwattack, lightbeam, spider",
				"@POE Translator Gate, darkbeam, supermissile, bomb, seeker, powerbomb, screwattack, annihilator, spider"
			],
            "item_count": 1
          }
        ]
      },
      {
        "name": "Sanctuary Map Station",
        "map_locations": [
          {
            "map": "sanctuaryfortress",
            "x": 2147,
            "y": 170
          }
        ],
        "sections": [
          {
            "name": "Power Bomb",
            "capture_item": true,
            "access_rules": [ "@RC Translator Gate, lightsuit" ],
            "item_count": 1
          }
        ]
      }
	]
  }
]