[ // Sanctuary Fortress
  {
    "name": "From Agon",
    "color": "#88eeff",
	"chest_unopened_img": "images/Beams/unopened.png",
	"chest_opened_img": "images/Beams/opened.png",
	"access_rules": [ "violet, seeker, powerbomb, lightbeam, bomb, spacejump" ],
    "children": [
      {
        "name": "Dynamo Works",
        "map_locations": [
          {
            "map": "sanctuaryfortress",
            "x": 1635,
            "y": 641
          }
        ],
        "sections": [
          {
            "name": "Spider Guardian",
            "capture_item": true,
            "access_rules": [
				"darkbeam, cobalt, darkvisor, grapple",
				"darkbeam, cobalt, darkvisor, screwattack",
				"darkbeam, cobalt, screwattack, annihilator, spider",
				"cobalt, annihilator, echovisor, screwattack, spider, boostball" ],
            "item_count": 1
          },
          {
            "name": "Missile",
            "capture_item": true,
            "access_rules": [
				"darkbeam, cobalt, darkvisor, grapple",
				"darkbeam, cobalt, darkvisor, screwattack",
				"darkbeam, cobalt, screwattack, annihilator, spider",
				"cobalt, annihilator, echovisor, screwattack, spider, boostball" ],
            "item_count": 1
          }
        ]
      },
      {
        "name": "Reactor Core",
        "map_locations": [
          {
            "map": "sanctuaryfortress",
            "x": 2200,
            "y": 255
          }
        ],
        "sections": [
          {
            "name": "E-Tank",
            "capture_item": true,
            "access_rules": [ "spider, boostball" ],
            "item_count": 1
          }
        ]
      },
      {
        "name": "Vault",
        "map_locations": [
          {
            "map": "sanctuaryfortress",
            "x": 227,
            "y": 395
          }
        ],
        "sections": [
          {
            "name": "Screw Attack",
            "capture_item": true,
            "access_rules": [ "darkbeam, screwattack" ],
            "item_count": 1
          }
        ]
      },
      {
        "name": "Sanctuary Energy Controller",
        "map_locations": [
          {
            "map": "sanctuaryfortress",
            "x": 1188,
            "y": 1410
          }
        ],
        "sections": [
          {
            "name": "Cobalt Translator",
            "capture_item": true,
            "access_rules": [
				"darkbeam, darkvisor, grapple",
				"darkbeam, darkvisor, screwattack",
				"darkbeam, screwattack, annihilator",
				"darkbeam, echovisor, screwattack, darkvisor, spider, boostball" ],
            "item_count": 1
          }
        ]
      },
      {
        "name": "Watch Station Access",
        "map_locations": [
          {
            "map": "sanctuaryfortress",
            "x": 937,
            "y": 578
          }
        ],
        "sections": [
          {
            "name": "E-Tank",
            "capture_item": true,
            "access_rules": [
				"spider, annihilator, echovisor, boostball",
				"spider, darkbeam, echovisor, boostball",
				"darkbeam, screwattack" ],
            "item_count": 1
          }
        ]
      },
      {
        "name": "Hall of Combat Mastery",
        "map_locations": [
          {
            "map": "sanctuaryfortress",
            "x": 2605,
            "y": 130
          }
        ],
        "sections": [
          {
            "name": "E-Tank",
            "capture_item": true,
            "access_rules": [ "spider" ],
            "item_count": 1
          }
        ]
      },
      {
        "name": "Temple Access",
        "map_locations": [
          {
            "map": "sanctuaryfortress",
            "x": 1178,
            "y": 740
          }
        ],
        "sections": [
          {
            "name": "Missile",
            "capture_item": true,
            "access_rules": [
				"darkbeam, darkvisor, echovisor, boostball",
				"spider, annihilator, screwattack, darkvisor, echovisor, boostball" ],
            "item_count": 1
          }
        ]
      },
      {
        "name": "Main Research",
        "map_locations": [
          {
            "map": "sanctuaryfortress",
            "x": 1906,
            "y": 255
          }
        ],
        "sections": [
          {
            "name": "Missile",
            "capture_item": true,
            "access_rules": [ "spider" ],
            "item_count": 1
          }
        ]
      },
      {
        "name": "Central Area Transport West",
        "map_locations": [
          {
            "map": "sanctuaryfortress",
            "x": 1758,
            "y": 276
          }
        ],
        "sections": [
          {
            "name": "Missile",
            "capture_item": true,
            "access_rules": [
				"darkbeam, screwattack",
				"spider, darkbeam, echovisor, boostball",
				"spider, annihilator, echovisor, boostball" ],
            "item_count": 1
          }
        ]
      },
      {
        "name": "Sentinel's Path",
        "map_locations": [
          {
            "map": "sanctuaryfortress",
            "x": 940,
            "y": 908
          }
        ],
        "sections": [
          {
            "name": "Missile",
            "capture_item": true,
            "access_rules": [
				"darkbeam, screwattack, darkvisor, echovisor, annihilator",
				"darkbeam, screwattack, spider, echovisor, annihilator",
				"spider, echovisor, annihilator, boostball" ],
            "item_count": 1
          }
        ]
      },
      {
        "name": "Watch Station",
        "map_locations": [
          {
            "map": "sanctuaryfortress",
            "x": 817,
            "y": 466
          }
        ],
        "sections": [
          {
            "name": "Beam Ammo Expansion",
            "capture_item": true,
            "access_rules": [
				"spider, darkbeam, screwattack",
				"spider, darkbeam, echovisor, boostball",
				"spider, annihilator, echovisor, boostball" ],
            "item_count": 1
          }
        ]
      },
      {
        "name": "Main Gyro Chamber",
        "map_locations": [
          {
            "map": "sanctuaryfortress",
            "x": 1155,
            "y": 442
          }
        ],
        "sections": [
          {
            "name": "Power Bomb",
            "capture_item": true,
            "access_rules": [
				"darkbeam, echovisor, annihilator",
				"spider, screwattack, annihilator, echovisor, boostball" ],
            "item_count": 1
          }
        ]
      },
      {
        "name": "Aerie",
        "map_locations": [
          {
            "map": "sanctuaryfortress",
            "x": 965,
            "y": 113
          }
        ],
        "sections": [
          {
            "name": "Echo Visor",
            "capture_item": true,
            "access_rules": [
				"spider, darkbeam, boostball, echovisor",
				"spider, boostball, screwattack, annihilator, echovisor" ],
            "item_count": 1
          }
        ]
      },
      {
        "name": "Transit Station",
        "map_locations": [
          {
            "map": "sanctuaryfortress",
            "x": 2059,
            "y": 285
          }
        ],
        "sections": [
          {
            "name": "Power Bomb",
            "capture_item": true,
            "access_rules": [
				"spider, darkbeam",
				"spider, annihilator" ],
            "item_count": 1
          }
        ]
      },
      {
        "name": "Sanctuary Map Station",
        "map_locations": [
          {
            "map": "sanctuaryfortress",
            "x": 2147,
            "y": 170
          }
        ],
        "sections": [
          {
            "name": "Power Bomb",
            "capture_item": true,
            "access_rules": [ "cobalt, lightsuit" ],
            "item_count": 1
          }
        ]
      }
	]
  },
  {
    "name": "From Torvus",
    "color": "#88eeff",
	"chest_unopened_img": "images/Beams/unopened.png",
	"chest_opened_img": "images/Beams/opened.png",
	"access_rules": [ "emerald, violet, gravity, bomb, missile, supermissile, spacejump, powerbomb, spider" ],
    "children": [
      {
        "name": "Dynamo Works",
        "map_locations": [
          {
            "map": "sanctuaryfortress",
            "x": 1635,
            "y": 641
          }
        ],
        "sections": [
          {
            "name": "Spider Guardian",
            "capture_item": true,
            "access_rules": [
				"amber, lightbeam, darkbeam, cobalt, seeker, darkvisor, grapple",
				"amber, lightbeam, darkbeam, cobalt, seeker, darkvisor, screwattack",
				"amber, lightbeam, darkbeam, cobalt, annihilator, screwattack",
				"boostball, darkbeam, cobalt, seeker, darkvisor, grapple",
				"boostball, darkbeam, cobalt, seeker, darkvisor, screwattack",
				"boostball, darkbeam, cobalt, annihilator, screwattack",
				"seeker, boostball, cobalt, echovisor, annihilator, screwattack" ],
            "item_count": 1
          },
          {
            "name": "Missile",
            "capture_item": true,
            "access_rules": [
				"amber, lightbeam, darkbeam, cobalt, seeker, darkvisor, grapple",
				"amber, lightbeam, darkbeam, cobalt, seeker, darkvisor, screwattack",
				"amber, lightbeam, darkbeam, cobalt, annihilator, screwattack",
				"boostball, darkbeam, cobalt, seeker, darkvisor, grapple",
				"boostball, darkbeam, cobalt, seeker, darkvisor, screwattack",
				"boostball, darkbeam, cobalt, annihilator, screwattack",
				"seeker, boostball, cobalt, echovisor, annihilator, screwattack" ],
            "item_count": 1
          }
        ]
      },
      {
        "name": "Reactor Core",
        "map_locations": [
          {
            "map": "sanctuaryfortress",
            "x": 2200,
            "y": 255
          }
        ],
        "sections": [
          {
            "name": "E-Tank",
            "capture_item": true,
            "access_rules": [ "boostball" ],
            "item_count": 1
          }
        ]
      },
      {
        "name": "Vault",
        "map_locations": [
          {
            "map": "sanctuaryfortress",
            "x": 227,
            "y": 395
          }
        ],
        "sections": [
          {
            "name": "Screw Attack",
            "capture_item": true,
            "access_rules": [
				"amber, lightbeam, darkbeam, screwattack",
				"seeker, boostball, lightbeam, darkbeam, screwattack",
				"seeker, boostball, echovisor, annihilator, screwattack" ],
            "item_count": 1
          }
        ]
      },
      {
        "name": "Sanctuary Energy Controller",
        "map_locations": [
          {
            "map": "sanctuaryfortress",
            "x": 1188,
            "y": 1410
          }
        ],
        "sections": [
          {
            "name": "Cobalt Translator",
            "capture_item": true,
            "access_rules": [
				"amber, lightbeam, darkbeam, seeker, darkvisor, grapple",
				"amber, lightbeam, darkbeam, seeker, darkvisor, screwattack",
				"amber, lightbeam, darkbeam, annihilator, screwattackr",
				"boostball, darkbeam, seeker, darkvisor, grapple",
				"boostball, darkbeam, seeker, darkvisor, screwattack",
				"boostball, darkbeam, annihilator, screwattack",
				"seeker, boostball, echovisor, annihilator, screwattack" ],
            "item_count": 1
          }
        ]
      },
      {
        "name": "Watch Station Access",
        "map_locations": [
          {
            "map": "sanctuaryfortress",
            "x": 937,
            "y": 578
          }
        ],
        "sections": [
          {
            "name": "E-Tank",
            "capture_item": true,
            "access_rules": [
				"boostball, seeker, lightbeam, annihilator, echovisor",
				"boostball, seeker, lightbeam, darkbeam, echovisor",
				"boostball, seeker, lightbeam, darkbeam, screwattack",
				"amber, lightbeam, darkbeam, echovisor, boostball",
				"amber, lightbeam, darkbeam, screwattack" ],
            "item_count": 1
          }
        ]
      },
      {
        "name": "Hall of Combat Mastery",
        "map_locations": [
          {
            "map": "sanctuaryfortress",
            "x": 2605,
            "y": 130
          }
        ],
        "sections": [
          {
            "name": "E-Tank",
            "capture_item": true,
            "access_rules": [
				"amber, lightbeam, darkbeam",
				"boostball, seeker" ],
            "item_count": 1
          }
        ]
      },
      {
        "name": "Temple Access",
        "map_locations": [
          {
            "map": "sanctuaryfortress",
            "x": 1178,
            "y": 740
          }
        ],
        "sections": [
          {
            "name": "Missile",
            "capture_item": true,
            "access_rules": [
				"amber, lightbeam, darkbeam, seeker, darkvisor, echovisor, boostball",
				"boostball, seeker, annihilator, screwattack, darkvisor, echovisor",
				"boostball, seeker, darkbeam, darkvisor, echovisor" ],
            "item_count": 1
          }
        ]
      },
      {
        "name": "Main Research",
        "map_locations": [
          {
            "map": "sanctuaryfortress",
            "x": 1906,
            "y": 255
          }
        ],
        "sections": [
          {
            "name": "Missile",
            "capture_item": true,
            "access_rules": [
				"amber, lightbeam, darkbeam",
				"boostball, seeker" ],
            "item_count": 1
          }
        ]
      },
      {
        "name": "Central Area Transport West",
        "map_locations": [
          {
            "map": "sanctuaryfortress",
            "x": 1758,
            "y": 276
          }
        ],
        "sections": [
          {
            "name": "Missile",
            "capture_item": true,
            "access_rules": [
				"amber, lightbeam, darkbeam, screwattack",
				"amber, lightbeam, darkbeam, echovisor, boostball",
				"amber, lightbeam, annihilator, echovisor, boostball",
				"boostball, seeker, darkbeam, screwattack",
				"boostball, seeker, darkbeam, echovisor, boostball",
				"boostball, seeker, annihilator, echovisor, boostball" ],
            "item_count": 1
          }
        ]
      },
      {
        "name": "Sentinel's Path",
        "map_locations": [
          {
            "map": "sanctuaryfortress",
            "x": 940,
            "y": 908
          }
        ],
        "sections": [
          {
            "name": "Missile",
            "capture_item": true,
            "access_rules": [
				"amber, lightbeam, darkbeam, echovisor, annihilator, boostball",
				"boostball, seeker, echovisor, annihilator" ],
            "item_count": 1
          }
        ]
      },
      {
        "name": "Watch Station",
        "map_locations": [
          {
            "map": "sanctuaryfortress",
            "x": 817,
            "y": 466
          }
        ],
        "sections": [
          {
            "name": "Beam Ammo Expansion",
            "capture_item": true,
            "access_rules": [
				"amber, lightbeam, darkbeam, echovisor, boostball",
				"amber, lightbeam, darkbeam, screwattack",
				"boostball, seeker, darkbeam, lightbeam, screwattack",
				"boostball, seeker, darkbeam, lightbeam, echovisor",
				"boostball, seeker, annihilator, echovisor" ],
			"item_count": 1
          }
        ]
      },
      {
        "name": "Main Gyro Chamber",
        "map_locations": [
          {
            "map": "sanctuaryfortress",
            "x": 1155,
            "y": 442
          }
        ],
        "sections": [
          {
            "name": "Power Bomb",
            "capture_item": true,
            "access_rules": [
				"amber, lightbeam, darkbeam, echovisor, annihilator",
				"boostball, seeker, annihilator, echovisor, darkbeam",
				"boostball, seeker, annihilator, echovisor, lightbeam, screwattack" ],
            "item_count": 1
          }
        ]
      },
      {
        "name": "Aerie",
        "map_locations": [
          {
            "map": "sanctuaryfortress",
            "x": 965,
            "y": 113
          }
        ],
        "sections": [
          {
            "name": "Echo Visor",
            "capture_item": true,
            "access_rules": [
				"amber, lightbeam, darkbeam, echovisor",
				"boostball, seeker, lightbeam, screwattack, annihilator, echovisor",
				"boostball, seeker, darkbeam, annihilator, echovisor"],
            "item_count": 1
          }
        ]
      },
      {
        "name": "Transit Station",
        "map_locations": [
          {
            "map": "sanctuaryfortress",
            "x": 2059,
            "y": 285
          }
        ],
        "sections": [
          {
            "name": "Power Bomb",
            "capture_item": true,
            "access_rules": [
				"amber, lightbeam, darkbeam",
				"boostball, seeker" ],
            "item_count": 1
          }
        ]
      },
      {
        "name": "Sanctuary Map Station",
        "map_locations": [
          {
            "map": "sanctuaryfortress",
            "x": 2147,
            "y": 170
          }
        ],
        "sections": [
          {
            "name": "Power Bomb",
            "capture_item": true,
            "access_rules": [
				"cobalt, amber, lightbeam, darkbeam, lightsuit",
				"cobalt, boostball, seeker, lightsuit" ],
            "item_count": 1
          }
        ]
      }
	]
  },
  {
    "name": "Sanctuary Fortress",
    "color": "#88eeff",
	"chest_unopened_img": "images/Beams/unopened.png",
	"chest_opened_img": "images/Beams/opened.png",
	"access_rules": [ "violet, boostball, lightbeam, bomb, spacejump" ],
    "children": [
      {
        "name": "Dynamo Works",
        "map_locations": [
          {
            "map": "sanctuaryfortress",
            "x": 1635,
            "y": 641
          }
        ],
        "sections": [
          {
            "name": "Spider Guardian",
            "capture_item": true,
            "access_rules": [
				"darkbeam, cobalt, seeker, darkvisor, grapple",
				"darkbeam, cobalt, seeker, darkvisor,  screwattack",
				"darkbeam, cobalt, annihilator, screwattack",
				"cobalt, powerbomb, echovisor, annihilator, screwattack" ],
            "item_count": 1
          },
          {
            "name": "Missile",
            "capture_item": true,
            "access_rules": [
				"darkbeam, cobalt, seeker, darkvisor, grapple",
				"darkbeam, cobalt, seeker, darkvisor, screwattack",
				"darkbeam, cobalt, annihilator, screwattack, spider",
				"cobalt, powerbomb, echovisor, annihilator, screwattack, spider" ],
            "item_count": 1
          }
        ]
      },
      {
        "name": "Vault",
        "map_locations": [
          {
            "map": "sanctuaryfortress",
            "x": 227,
            "y": 395
          }
        ],
        "sections": [
          {
            "name": "Screw Attack",
            "capture_item": true,
            "access_rules": [  "darkbeam, screwattack" ],
            "item_count": 1
          }
        ]
      },
      {
        "name": "Sanctuary Energy Controller",
        "map_locations": [
          {
            "map": "sanctuaryfortress",
            "x": 1188,
            "y": 1410
          }
        ],
        "sections": [
          {
            "name": "Cobalt Translator",
            "capture_item": true,
            "access_rules": [
				"darkbeam, seeker, darkvisor, grapple",
				"darkbeam, seeker, darkvisor, screwattack",
				"darkbeam, annihilator, screwattack, spider",
				"powerbomb, echovisor, annihilator, screwattack, spider" ],
            "item_count": 1
          }
        ]
      },
      {
        "name": "Watch Station Access",
        "map_locations": [
          {
            "map": "sanctuaryfortress",
            "x": 937,
            "y": 578
          }
        ],
        "sections": [
          {
            "name": "E-Tank",
            "capture_item": true,
            "access_rules": [
				"annihilator, echovisor, powerbomb, spider",
				"darkbeam, echovisor, powerbomb, spider",
				"darkbeam, screwattack" ],
            "item_count": 1
          }
        ]
      },
      {
        "name": "Hall of Combat Mastery",
        "map_locations": [
          {
            "map": "sanctuaryfortress",
            "x": 2605,
            "y": 130
          }
        ],
        "sections": [
          {
            "name": "E-Tank",
            "capture_item": true,
            "access_rules": [ "spider" ],
            "item_count": 1
          }
        ]
      },
      {
        "name": "Temple Access",
        "map_locations": [
          {
            "map": "sanctuaryfortress",
            "x": 1178,
            "y": 740
          }
        ],
        "sections": [
          {
            "name": "Missile",
            "capture_item": true,
            "access_rules": [
				"darkbeam, seeker, darkvisor, echovisor",
				"powerbomb, annihilator, spider, screwattack, seeker, darkvisor, echovisor" ],
            "item_count": 1
          }
        ]
      },
      {
        "name": "Main Research",
        "map_locations": [
          {
            "map": "sanctuaryfortress",
            "x": 1906,
            "y": 255
          }
        ],
        "sections": [
          {
            "name": "Missile",
            "capture_item": true,
            "access_rules": [ "powerbomb, spider" ],
            "item_count": 1
          }
        ]
      },
      {
        "name": "Central Area Transport West",
        "map_locations": [
          {
            "map": "sanctuaryfortress",
            "x": 1758,
            "y": 276
          }
        ],
        "sections": [
          {
            "name": "Missile",
            "capture_item": true,
            "access_rules": [
				"darkbeam, screwattack",
				"darkbeam, echovisor, powerbomb, spider",
				"annihilator, echovisor, powerbomb, spider" ],
            "item_count": 1
          }
        ]
      },
      {
        "name": "Sentinel's Path",
        "map_locations": [
          {
            "map": "sanctuaryfortress",
            "x": 940,
            "y": 908
          }
        ],
        "sections": [
          {
            "name": "Missile",
            "capture_item": true,
            "access_rules": [
				"darkbeam, seeker, screwattack, darkvisor, echovisor, annihilator",
				"darkbeam, screwattack, echovisor, annihilator, spider",
				"powerbomb, echovisor, annihilator, spider" ],
            "item_count": 1
          }
        ]
      },
      {
        "name": "Watch Station",
        "map_locations": [
          {
            "map": "sanctuaryfortress",
            "x": 817,
            "y": 466
          }
        ],
        "sections": [
          {
            "name": "Beam Ammo Expansion",
            "capture_item": true,
            "access_rules": [
				"annihilator, powerbomb, echovisor, spider",
				"darkbeam, powerbomb, echovisor, spider",
				"darkbeam, screwattack, spider" ],
            "item_count": 1
          }
        ]
      },
      {
        "name": "Main Gyro Chamber",
        "map_locations": [
          {
            "map": "sanctuaryfortress",
            "x": 1155,
            "y": 442
          }
        ],
        "sections": [
          {
            "name": "Power Bomb",
            "capture_item": true,
            "access_rules": [
				"darkbeam, echovisor, annihilator, powerbomb",
				"spider, screwattack, echovisor, annihilator, powerbomb"],
            "item_count": 1
          }
        ]
      },
      {
        "name": "Aerie",
        "map_locations": [
          {
            "map": "sanctuaryfortress",
            "x": 965,
            "y": 113
          }
        ],
        "sections": [
          {
            "name": "Echo Visor",
            "capture_item": true,
            "access_rules": [
				"powerbomb, darkbeam, spider, echovisor",
				"annihilator, powerbomb, spider, echovisor" ],
            "item_count": 1
          }
        ]
      }
	]
  },
  {
    "name": "Sanctuary Fortress",
    "color": "#88eeff",
	"chest_unopened_img": "images/Beams/unopened.png",
	"chest_opened_img": "images/Beams/opened.png",
	"access_rules": [ "violet, boostball, spacejump" ],
    "children": [    
      {
        "name": "Reactor Core",
        "map_locations": [
          {
            "map": "sanctuaryfortress",
            "x": 2200,
            "y": 255
          }
        ],
        "sections": [
          {
            "name": "E-Tank",
            "capture_item": true,
            "access_rules": [ "spider, lightbeam" ],
            "item_count": 1
          }
        ]
      },
      {
        "name": "Sanctuary Entrance",
        "map_locations": [
          {
            "map": "sanctuaryfortress",
            "x": 2222,
            "y": 1140
          }
        ],
        "sections": [
          {
            "name": "Power Bomb",
            "capture_item": true,
            "access_rules": [ "bomb, screwattack" ],
            "item_count": 1
          }
        ]
      },
      {
        "name": "Transit Station",
        "map_locations": [
          {
            "map": "sanctuaryfortress",
            "x": 2059,
            "y": 285
          }
        ],
        "sections": [
          {
            "name": "Power Bomb",
            "capture_item": true,
            "access_rules": [
				"lightbeam, darkbeam, powerbomb, spider",
				"lightbeam, annihilator, powerbomb, spider" ],
            "item_count": 1
          }
        ]
      },
      {
        "name": "Sanctuary Map Station",
        "map_locations": [
          {
            "map": "sanctuaryfortress",
            "x": 2147,
            "y": 170
          }
        ],
        "sections": [
          {
            "name": "Power Bomb",
            "capture_item": true,
            "access_rules": [ "cobalt, lightbeam, lightsuit" ],
            "item_count": 1
          }
        ]
      }
	]
  }
]