[
  {
    "name": "Sky Temple Grounds",
    "color": "#dd6688",
	"chest_unopened_img": "images/Beams/unopened.png",
	"chest_opened_img": "images/Beams/opened.png",
    "children": [
      {
        "name": "Plain of Dark Worship",
        "map_locations": [
          {
            "map": "skytg",
            "x": 1179,
            "y": 490
          }
        ],
        "sections": [
          {
            "name": "Missile",
            "capture_item": true,
            "access_rules": [
			  "powerbomb, lightbeam, darksuit",
			  "powerbomb, lightbeam, lightsuit",
			  "missile, @TAS Translator Gate, lightbeam, darkbeam, darksuit",
			  "missile, @TAS Translator Gate, lightbeam, darkbeam, lightsuit",
			  "missile, @TAS Translator Gate, lightbeam, annihilator, darksuit",
			  "missile, @TAS Translator Gate, lightbeam, annihilator, lightsuit",
			  "missile, @MG Translator Gate, lightbeam, supermissile, bomb, darkbeam, darksuit",
			  "missile, @MG Translator Gate, lightbeam, supermissile, bomb, darkbeam, lightsuit",
			  "missile, @MG Translator Gate, lightbeam, supermissile, bomb, annihilator, darksuit",
			  "missile, @MG Translator Gate, lightbeam, supermissile, bomb, annihilator1, lightsuit",
			  "missile, @MG Translator Gate, lightbeam, supermissile, spacejump, powerbomb, screwattack, darkbeam, darksuit",
			  "missile, @MG Translator Gate, lightbeam, supermissile, spacejump, powerbomb, screwattack, darkbeam, lightsuit",
			  "missile, @MG Translator Gate, lightbeam, supermissile, spacejump, powerbomb, screwattack, annihilator, darksuit",
			  "missile, @MG Translator Gate, lightbeam, supermissile, spacejump, powerbomb, screwattack, annihilator, lightsuit",
			  "missile, @MG Translator Gate, lightbeam, supermissile, spacejump, powerbomb, seeker, grapple, darkbeam, darksuit",
			  "missile, @MG Translator Gate, lightbeam, supermissile, spacejump, powerbomb, seeker, grapple, darkbeam, lightsuit",
			  "missile, @MG Translator Gate, lightbeam, supermissile, spacejump, powerbomb, seeker, grapple, annihilator, darksuit",
			  "missile, @MG Translator Gate, lightbeam, supermissile, spacejump, powerbomb, seeker, grapple, annihilator, lightsuit",
			  "missile, @MG Translator Gate, lightbeam, boostball, seeker, darkbeam, darksuit",
			  "missile, @MG Translator Gate, lightbeam, boostball, seeker, darkbeam, lightsuit",
			  "missile, @MG Translator Gate, lightbeam, boostball, seeker, annihilator, darksuit",
			  "missile, @MG Translator Gate, lightbeam, boostball, seeker, annihilator, lightsuit",
			  "missile, @POE Translator Gate, lightbeam, supermissile, bomb, darkbeam, darksuit",
			  "missile, @POE Translator Gate, lightbeam, supermissile, bomb, darkbeam, lightsuit",
			  "missile, @POE Translator Gate, lightbeam, supermissile, bomb, annihilator, darksuit",
			  "missile, @POE Translator Gate, lightbeam, supermissile, bomb, annihilator1, lightsuit",
			  "missile, @POE Translator Gate, lightbeam, supermissile, spacejump, powerbomb, screwattack, darkbeam, darksuit",
			  "missile, @POE Translator Gate, lightbeam, supermissile, spacejump, powerbomb, screwattack, darkbeam, lightsuit",
			  "missile, @POE Translator Gate, lightbeam, supermissile, spacejump, powerbomb, screwattack, annihilator, darksuit",
			  "missile, @POE Translator Gate, lightbeam, supermissile, spacejump, powerbomb, screwattack, annihilator, lightsuit",
			  "missile, @POE Translator Gate, lightbeam, supermissile, spacejump, powerbomb, seeker, grapple, darkbeam, darksuit",
			  "missile, @POE Translator Gate, lightbeam, supermissile, spacejump, powerbomb, seeker, grapple, darkbeam, lightsuit",
			  "missile, @POE Translator Gate, lightbeam, supermissile, spacejump, powerbomb, seeker, grapple, annihilator, darksuit",
			  "missile, @POE Translator Gate, lightbeam, supermissile, spacejump, powerbomb, seeker, grapple, annihilator, lightsuit",
			  "missile, @POE Translator Gate, lightbeam, boostball, seeker, darkbeam, darksuit",
			  "missile, @POE Translator Gate, lightbeam, boostball, seeker, darkbeam, lightsuit",
			  "missile, @POE Translator Gate, lightbeam, boostball, seeker, annihilator, darksuit",
			  "missile, @POE Translator Gate, lightbeam, boostball, seeker, annihilator, lightsuit"
			],
            "item_count": 1
          }
        ]
      },
      {
        "name": "War Ritual Grounds",
        "map_locations": [
          {
            "map": "skytg",
            "x": 1179,
            "y": 994
          }
        ],
        "sections": [
          {
            "name": "Missile",
            "capture_item": true,
            "access_rules": [
			  "@MG Translator Gate, darkbeam, spacejump, supermissile, seeker, darkvisor",
			  "@MG Translator Gate, annihilator, spacejump, supermissile, seeker, darkvisor",
			  "@POE Translator Gate, darkbeam, supermissile, seeker, darkvisor",
			  "@POE Translator Gate, annihilator, supermissile, seeker, darkvisor",
			  "@HAT Translator Gate, lightbeam, spacejump, supermissile, darkbeam, seeker, darkvisor",
			  "@HAT Translator Gate, lightbeam, spacejump, supermissile, annihilator, seeker, darkvisor"
			],
            "item_count": 1
          }
        ]
      },
      {
        "name": "Profane Path",
        "map_locations": [
          {
            "map": "skytg",
            "x": 769,
            "y": 748
          }
        ],
        "sections": [
          {
            "name": "Beam Ammo Expansion",
            "capture_item": true,
            "access_rules": [
			  "@TSS Translator Gate, seeker, darkvisor, spacejump, annihilator, echovisor",
			  "missile, @TAS Translator Gate, spacejump, powerbomb, annihilator, echovisor",
			  "missile, @MG Translator Gate, spacejump, supermissile, bomb, powerbomb, annihilator, echovisor",
			  "missile, @MG Translator Gate, spacejump, supermissile, lightbeam, screwattack, powerbomb, annihilator, echovisor",
			  "missile, @MG Translator Gate, spacejump, supermissile, lightbeam, seeker, grapple, powerbomb, annihilator, echovisor",
			  "missile, @MG Translator Gate, spacejump, boostball, seeker, powerbomb, annihilator, echovisor",
			  "missile, @POE Translator Gate, spacejump, supermissile, bomb, powerbomb, annihilator, echovisor",
			  "missile, @POE Translator Gate, spacejump, supermissile, lightbeam, screwattack, powerbomb, annihilator, echovisor",
			  "missile, @POE Translator Gate, spacejump, supermissile, lightbeam, seeker, grapple, powerbomb, annihilator, echovisor",
			  "missile, @POE Translator Gate, spacejump, boostball, seeker, powerbomb, annihilator, echovisor"
			],
            "item_count": 1
          }
        ]
      },
      {
        "name": "Defiled Shrine",
        "map_locations": [
          {
            "map": "skytg",
            "x": 1558,
            "y": 1027
          }
        ],
        "sections": [
          {
            "name": "Sky Temple Key 8",
            "capture_item": true,
            "access_rules": [
			  "@MG Translator Gate, darkbeam, spacejump, supermissile, darkvisor, bomb",
			  "@MG Translator Gate, annihilator, spacejump, supermissile, darkvisor, bomb",
			  "@POE Translator Gate, darkbeam, spacejump, supermissile, darkvisor, bomb",
			  "@POE Translator Gate, annihilator, spacejump, supermissile, darkvisor, bomb",
			  "@HAT Translator Gate, lightbeam, spacejump, supermissile, darkbeam, darkvisor, bomb",
			  "@HAT Translator Gate, lightbeam, spacejump, supermissile, annihilator, darkvisor, bomb"
			],
            "item_count": 1
          }
        ]
      },
      {
        "name": "Ing Reliquary",
        "map_locations": [
          {
            "map": "skytg",
            "x": 995,
            "y": 434
          }
        ],
        "sections": [
          {
            "name": "Sky Temple Key 7",
            "capture_item": true,
            "access_rules": [
			  "@TSS Translator Gate, seeker, darkvisor, spacejump, darkbeam, grapple, lightsuit",
			  "missile, @TAS Translator Gate, spacejump, seeker, darkvisor, darkbeam, powerbomb, grapple, lightsuit",
			  "missile, @MG Translator Gate, spacejump, supermissile, bomb, seeker, darkbeam, powerbomb, darkvisor, grapple, lightsuit",
			  "missile, @MG Translator Gate, spacejump, boostball, seeker, darkbeam, powerbomb, darkvisor, grapple, lightsuit",
			  "missile, @POE Translator Gate, spacejump, supermissile, bomb, seeker, darkbeam, powerbomb, darkvisor, grapple, lightsuit",
			  "missile, @POE Translator Gate, spacejump, boostball, seeker, darkbeam, powerbomb, darkvisor, grapple, lightsuit",
			  "@TSS Translator Gate, seeker, darkvisor, spacejump, darkbeam, screwattack, lightsuit",
			  "missile, @TAS Translator Gate, spacejump, seeker, darkvisor, darkbeam, powerbomb, screwattack, lightsuit",
			  "missile, @MG Translator Gate, spacejump, supermissile, bomb, seeker, darkbeam, powerbomb, darkvisor, screwattack, lightsuit",
			  "missile, @MG Translator Gate, spacejump, boostball, seeker, darkbeam, powerbomb, darkvisor, screwattack, lightsuit",
			  "missile, @POE Translator Gate, spacejump, supermissile, bomb, seeker, darkbeam, powerbomb, darkvisor, screwattack, lightsuit",
			  "missile, @POE Translator Gate, spacejump, boostball, seeker, darkbeam, powerbomb, darkvisor, screwattack, lightsuit",
			  "@TSS Translator Gate, seeker, darkvisor, spacejump, annihilator, grapple, lightsuit",
			  "missile, @TAS Translator Gate, spacejump, seeker, darkvisor, annihilator, powerbomb, grapple, lightsuit",
			  "missile, @MG Translator Gate, spacejump, supermissile, bomb, seeker, annihilator, powerbomb, darkvisor, grapple, lightsuit",
			  "missile, @MG Translator Gate, spacejump, boostball, seeker, annihilator, powerbomb, darkvisor, grapple, lightsuit",
			  "missile, @POE Translator Gate, spacejump, supermissile, bomb, seeker, annihilator, powerbomb, darkvisor, grapple, lightsuit",
			  "missile, @POE Translator Gate, spacejump, boostball, seeker, annihilator, powerbomb, darkvisor, grapple, lightsuit",
			  "@TSS Translator Gate, seeker, darkvisor, spacejump, annihilator, screwattack, lightsuit",
			  "missile, @TAS Translator Gate, spacejump, seeker, darkvisor, annihilator, powerbomb, screwattack, lightsuit",
			  "missile, @MG Translator Gate, spacejump, supermissile, bomb, seeker, annihilator, powerbomb, darkvisor, screwattack, lightsuit",
			  "missile, @MG Translator Gate, spacejump, boostball, seeker, annihilator, powerbomb, darkvisor, screwattack, lightsuit",
			  "missile, @POE Translator Gate, spacejump, supermissile, bomb, seeker, annihilator, powerbomb, darkvisor, screwattack, lightsuit",
			  "missile, @POE Translator Gate, spacejump, boostball, seeker, annihilator, powerbomb, darkvisor, screwattack, lightsuit"
			],
            "item_count": 1
          }
        ]
      },
      {
        "name": "Phazon Grounds",
        "map_locations": [
          {
            "map": "skytg",
            "x": 264,
            "y": 558
          }
        ],
        "sections": [
          {
            "name": "Missile",
            "capture_item": true,
            "access_rules": [
			  "@TSS Translator Gate, seeker, darkvisor, spacejump, darkbeam, grapple, lightsuit",
			  "missile, @TAS Translator Gate, spacejump, darkvisor, darkbeam, powerbomb, grapple, lightsuit",
			  "missile, @MG Translator Gate, spacejump, supermissile, bomb, darkbeam, powerbomb, darkvisor, grapple, lightsuit",
			  "missile, @MG Translator Gate, spacejump, boostball, seeker, darkbeam, powerbomb, darkvisor, grapple, lightsuit",
			  "missile, @POE Translator Gate, spacejump, supermissile, bomb, darkbeam, powerbomb, darkvisor, grapple, lightsuit",
			  "missile, @POE Translator Gate, spacejump, boostball, seeker, darkbeam, powerbomb, darkvisor, grapple, lightsuit",
			  "@TSS Translator Gate, seeker, darkvisor, spacejump, darkbeam, screwattack, lightsuit",
			  "missile, @TAS Translator Gate, spacejump, darkbeam, powerbomb, screwattack, lightsuit",
			  "missile, @MG Translator Gate, spacejump, supermissile, bomb, darkbeam, powerbomb, screwattack, lightsuit",
			  "missile, @MG Translator Gate, spacejump, boostball, seeker, darkbeam, powerbomb, screwattack, lightsuit",
			  "missile, @POE Translator Gate, spacejump, supermissile, bomb, darkbeam, powerbomb, screwattack, lightsuit",
			  "missile, @POE Translator Gate, spacejump, boostball, seeker, darkbeam, powerbomb, screwattack, lightsuit",
			  "@TSS Translator Gate, seeker, darkvisor, spacejump, annihilator, grapple, lightsuit",
			  "missile, @TAS Translator Gate, spacejump, darkvisor, annihilator, powerbomb, grapple, lightsuit",
			  "missile, @MG Translator Gate, spacejump, supermissile, bomb, annihilator, powerbomb, darkvisor, grapple, lightsuit",
			  "missile, @MG Translator Gate, spacejump, boostball, seeker, annihilator, powerbomb, darkvisor, grapple, lightsuit",
			  "missile, @POE Translator Gate, spacejump, supermissile, bomb, annihilator, powerbomb, darkvisor, grapple, lightsuit",
			  "missile, @POE Translator Gate, spacejump, boostball, seeker, annihilator, powerbomb, darkvisor, grapple, lightsuit",
			  "@TSS Translator Gate, seeker, darkvisor, spacejump, annihilator, screwattack, lightsuit",
			  "missile, @TAS Translator Gate, spacejump, annihilator, powerbomb, screwattack, lightsuit",
			  "missile, @MG Translator Gate, spacejump, supermissile, bomb, annihilator, powerbomb, screwattack, lightsuit",
			  "missile, @MG Translator Gate, spacejump, boostball, seeker, annihilator, powerbomb, screwattack, lightsuit",
			  "missile, @POE Translator Gate, spacejump, supermissile, bomb, annihilator, powerbomb, screwattack, lightsuit",
			  "missile, @POE Translator Gate, spacejump, boostball, seeker, annihilator, powerbomb, screwattack, lightsuit",
			  "@TSS Translator Gate, seeker, darkvisor, spacejump, darkbeam, grapple, darksuit",
			  "missile, @TAS Translator Gate, spacejump, darkvisor, darkbeam, powerbomb, grapple, darksuit",
			  "missile, @MG Translator Gate, spacejump, supermissile, bomb, darkbeam, powerbomb, darkvisor, grapple, darksuit",
			  "missile, @MG Translator Gate, spacejump, boostball, seeker, darkbeam, powerbomb, darkvisor, grapple, darksuit",
			  "missile, @POE Translator Gate, spacejump, supermissile, bomb, darkbeam, powerbomb, darkvisor, grapple, darksuit",
			  "missile, @POE Translator Gate, spacejump, boostball, seeker, darkbeam, powerbomb, darkvisor, grapple, darksuit",
			  "@TSS Translator Gate, seeker, darkvisor, spacejump, darkbeam, screwattack, darksuit",
			  "missile, @TAS Translator Gate, spacejump, darkbeam, powerbomb, screwattack, darksuit",
			  "missile, @MG Translator Gate, spacejump, supermissile, bomb, darkbeam, powerbomb, screwattack, darksuit",
			  "missile, @MG Translator Gate, spacejump, boostball, seeker, darkbeam, powerbomb, screwattack, darksuit",
			  "missile, @POE Translator Gate, spacejump, supermissile, bomb, darkbeam, powerbomb, screwattack, darksuit",
			  "missile, @POE Translator Gate, spacejump, boostball, seeker, darkbeam, powerbomb, screwattack, darksuit",
			  "@TSS Translator Gate, seeker, darkvisor, spacejump, annihilator, grapple, darksuit",
			  "missile, @TAS Translator Gate, spacejump, darkvisor, annihilator, powerbomb, grapple, darksuit",
			  "missile, @MG Translator Gate, spacejump, supermissile, bomb, annihilator, powerbomb, darkvisor, grapple, darksuit",
			  "missile, @MG Translator Gate, spacejump, boostball, seeker, annihilator, powerbomb, darkvisor, grapple, darksuit",
			  "missile, @POE Translator Gate, spacejump, supermissile, bomb, annihilator, powerbomb, darkvisor, grapple, darksuit",
			  "missile, @POE Translator Gate, spacejump, boostball, seeker, annihilator, powerbomb, darkvisor, grapple, darksuit",
			  "@TSS Translator Gate, seeker, darkvisor, spacejump, annihilator, screwattack, darksuit",
			  "missile, @TAS Translator Gate, spacejump, annihilator, powerbomb, screwattack, darksuit",
			  "missile, @MG Translator Gate, spacejump, supermissile, bomb, annihilator, powerbomb, screwattack, darksuit",
			  "missile, @MG Translator Gate, spacejump, boostball, seeker, annihilator, powerbomb, screwattack, darksuit",
			  "missile, @POE Translator Gate, spacejump, supermissile, bomb, annihilator, powerbomb, screwattack, darksuit",
			  "missile, @POE Translator Gate, spacejump, boostball, seeker, annihilator, powerbomb, screwattack, darksuit",
			  "@TSS Translator Gate, seeker, darkvisor, spacejump, darkbeam, grapple, etank:2",
			  "missile, @TAS Translator Gate, spacejump, darkvisor, darkbeam, powerbomb, grapple, etank:2",
			  "missile, @MG Translator Gate, spacejump, supermissile, bomb, darkbeam, powerbomb, darkvisor, grapple, etank:2",
			  "missile, @MG Translator Gate, spacejump, boostball, seeker, darkbeam, powerbomb, darkvisor, grapple, etank:2",
			  "missile, @POE Translator Gate, spacejump, supermissile, bomb, darkbeam, powerbomb, darkvisor, grapple, etank:2",
			  "missile, @POE Translator Gate, spacejump, boostball, seeker, darkbeam, powerbomb, darkvisor, grapple, etank:2",
			  "@TSS Translator Gate, seeker, darkvisor, spacejump, darkbeam, powerbomb, screwattack, etank:2",
			  "missile, @TAS Translator Gate, spacejump, darkbeam, screwattack, etank:2",
			  "missile, @MG Translator Gate, spacejump, supermissile, bomb, darkbeam, powerbomb, screwattack, etank:2",
			  "missile, @MG Translator Gate, spacejump, boostball, seeker, darkbeam, powerbomb, screwattack, etank:2",
			  "missile, @POE Translator Gate, spacejump, supermissile, bomb, darkbeam, powerbomb, screwattack, etank:2",
			  "missile, @POE Translator Gate, spacejump, boostball, seeker, darkbeam, powerbomb, screwattack, etank:2",
			  "@TSS Translator Gate, seeker, darkvisor, spacejump, annihilator, grapple, etank:2",
			  "missile, @TAS Translator Gate, spacejump, darkvisor, annihilator, powerbomb, grapple, etank:2",
			  "missile, @MG Translator Gate, spacejump, supermissile, bomb, annihilator, powerbomb, darkvisor, grapple, etank:2",
			  "missile, @MG Translator Gate, spacejump, boostball, seeker, annihilator, powerbomb, darkvisor, grapple, etank:2",
			  "missile, @POE Translator Gate, spacejump, supermissile, bomb, annihilator, powerbomb, darkvisor, grapple, etank:2",
			  "missile, @POE Translator Gate, spacejump, boostball, seeker, annihilator, powerbomb, darkvisor, grapple, etank:2",
			  "@TSS Translator Gate, seeker, darkvisor, spacejump, annihilator, screwattack, etank:2",
			  "missile, @TAS Translator Gate, spacejump, annihilator, powerbomb, screwattack, etank:2",
			  "missile, @MG Translator Gate, spacejump, supermissile, bomb, annihilator, powerbomb, screwattack, etank:2",
			  "missile, @MG Translator Gate, spacejump, boostball, seeker, annihilator, powerbomb, screwattack, etank:2",
			  "missile, @POE Translator Gate, spacejump, supermissile, bomb, annihilator, powerbomb, screwattack, etank:2",
			  "missile, @POE Translator Gate, spacejump, boostball, seeker, annihilator, powerbomb, screwattack, etank:2"
			],
            "item_count": 1
          }
        ]
      },
      {
        "name": "Accursed Lake",
        "map_locations": [
          {
            "map": "skytg",
            "x": 1550,
            "y": 350
          }
        ],
        "sections": [
          {
            "name": "Sky Temple Key 9",
            "capture_item": true,
            "access_rules": [
			  "@TAS Translator Gate, lightbeam, darkbeam, seeker, darkvisor, etank:1",
			  "@MG Translator Gate, lightbeam, supermissile, bomb, darkbeam, seeker, darkvisor, etank:1",
			  "@MG Translator Gate, lightbeam, boostball, darkbeam, seeker, darkvisor, etank:1",
			  "@POE Translator Gate, lightbeam, supermissile, bomb, darkbeam, seeker, darkvisor, etank:1",
			  "@POE Translator Gate, lightbeam, boostball, darkbeam, seeker, darkvisor, etank:1",
			  "@TSS Translator Gate, seeker, darkvisor, powerbomb, lightbeam, darkbeam, etank:1",
			  "@TAS Translator Gate, lightbeam, darkbeam, seeker, darkvisor, darksuit",
			  "@MG Translator Gate, lightbeam, supermissile, bomb, darkbeam, seeker, darkvisor, darksuit",
			  "@MG Translator Gate, lightbeam, boostball, darkbeam, seeker, darkvisor, darksuit",
			  "@POE Translator Gate, lightbeam, supermissile, bomb, darkbeam, seeker, darkvisor, darksuit",
			  "@POE Translator Gate, lightbeam, boostball, darkbeam, seeker, darkvisor, darksuit",
			  "@TSS Translator Gate, seeker, darkvisor, powerbomb, lightbeam, darkbeam, darksuit",
			  "@TAS Translator Gate, lightbeam, darkbeam, seeker, darkvisor, lightsuit",
			  "@MG Translator Gate, lightbeam, supermissile, bomb, darkbeam, seeker, darkvisor, lightsuit",
			  "@MG Translator Gate, lightbeam, boostball, darkbeam, seeker, darkvisor, lightsuit",
			  "@POE Translator Gate, lightbeam, supermissile, bomb, darkbeam, seeker, darkvisor, lightsuit",
			  "@POE Translator Gate, lightbeam, boostball, darkbeam, seeker, darkvisor, lightsuit",
			  "@TSS Translator Gate, seeker, darkvisor, powerbomb, lightbeam, darkbeam, lightsuit",
			  "@TAS Translator Gate, lightbeam, annihilator, seeker, darkvisor, etank:1",
			  "@MG Translator Gate, lightbeam, supermissile, bomb, annihilator, seeker, darkvisor, etank:1",
			  "@MG Translator Gate, lightbeam, boostball, annihilator, seeker, darkvisor, etank:1",
			  "@POE Translator Gate, lightbeam, supermissile, bomb, annihilator, seeker, darkvisor, etank:1",
			  "@POE Translator Gate, lightbeam, boostball, annihilator, seeker, darkvisor, etank:1",
			  "@TSS Translator Gate, seeker, darkvisor, powerbomb, lightbeam, annihilator, etank:1",
			  "@TAS Translator Gate, lightbeam, annihilator, seeker, darkvisor, darksuit",
			  "@MG Translator Gate, lightbeam, supermissile, bomb, annihilator, seeker, darkvisor, darksuit",
			  "@MG Translator Gate, lightbeam, boostball, annihilator, seeker, darkvisor, darksuit",
			  "@POE Translator Gate, lightbeam, supermissile, bomb, annihilator, seeker, darkvisor, darksuit",
			  "@POE Translator Gate, lightbeam, boostball, annihilator, seeker, darkvisor, darksuit",
			  "@TSS Translator Gate, seeker, darkvisor, powerbomb, lightbeam, annihilator, darksuit",
			  "@TAS Translator Gate, lightbeam, annihilator, seeker, darkvisor, lightsuit",
			  "@MG Translator Gate, lightbeam, supermissile, bomb, annihilator, seeker, darkvisor, lightsuit",
			  "@MG Translator Gate, lightbeam, boostball, annihilator, seeker, darkvisor, lightsuit",
			  "@POE Translator Gate, lightbeam, supermissile, bomb, annihilator, seeker, darkvisor, lightsuit",
			  "@POE Translator Gate, lightbeam, boostball, annihilator, seeker, darkvisor, lightsuit",
			  "@TSS Translator Gate, seeker, darkvisor, powerbomb, lightbeam, annihilator, lightsuit"
			],
            "item_count": 1
          }
        ]
      }
    ]
  }
]