[ // Sky Temple Grounds
  {
    "name": "Sky Temple Grounds",
    "color": "#dd6688",
    "children": [
      {
        "name": "Plain of Dark Worship",
        "map_locations": [
          {
            "map": "skytg",
            "x": 1179,
            "y": 490
          }
        ],
        "sections": [
          {
            "name": "Missile",
            "capture_item": true,
            "access_rules": [
				"violet, lightbeam, darkbeam, darksuit",
				"violet, lightbeam, darkbeam, lightsuit",
				"violet, lightbeam, annihilator, darksuit",
				"violet, lightbeam, annihilator, lightsuit" ],
            "item_count": 1
          }
        ]
      },
      {
        "name": "War Ritual Grounds",
        "map_locations": [
          {
            "map": "skytg",
            "x": 1179,
            "y": 994
          }
        ],
        "sections": [
          {
            "name": "Missile",
            "capture_item": true,
            "access_rules": [
				"amber, violet, spacejump, darkbeam, lightbeam, darksuit, supermissile",
				"bomb, violet, spacejump, darkbeam, lightbeam, darksuit, supermissile",
				"amber, violet, spacejump, annihilator, lightbeam, darksuit, supermissile",
				"bomb, violet, spacejump, annihilator, lightbeam, darksuit, supermissile",
				"amber, violet, spacejump, darkbeam, lightbeam, lightsuit, supermissile",
				"bomb, violet, spacejump, darkbeam, lightbeam, lightsuit, supermissile",
				"amber, violet, spacejump, annihilator, lightbeam, lightsuit, supermissile",
				"bomb, violet, spacejump, annihilator, lightbeam, lightsuit, supermissile" ],
            "item_count": 1
          }
        ]
      },
      {
        "name": "Profane Path",
        "map_locations": [
          {
            "map": "skytg",
            "x": 769,
            "y": 748
          }
        ],
        "sections": [
          {
            "name": "Beam Ammo Expansion",
            "capture_item": true,
            "access_rules": [ "violet, missile, spacejump, annihilator, echovisor" ],
            "item_count": 1
          }
        ]
      },
      {
        "name": "Defiled Shrine",
        "map_locations": [
          {
            "map": "skytg",
            "x": 1558,
            "y": 1027
          }
        ],
        "sections": [
          {
            "name": "Sky Temple Key 8",
            "capture_item": true,
            "access_rules": [
				"amber, violet, spacejump, darkbeam, lightbeam, darksuit, supermissile, darkvisor",
				"bomb, violet, spacejump, darkbeam, lightbeam, darksuit, supermissile, darkvisor",
				"amber, violet, spacejump, annihilator, lightbeam, darksuit, supermissile, darkvisor",
				"bomb, violet, spacejump, annihilator, lightbeam, darksuit, supermissile, darkvisor",
				"amber, violet, spacejump, darkbeam, lightbeam, lightsuit, supermissile, darkvisor",
				"bomb, violet, spacejump, darkbeam, lightbeam, lightsuit, supermissile, darkvisor",
				"amber, violet, spacejump, annihilator, lightbeam, lightsuit, supermissile, darkvisor",
				"bomb, violet, spacejump, annihilator, lightbeam, lightsuit, supermissile, darkvisor" ],
            "item_count": 1
          }
        ]
      },
      {
        "name": "Ing Reliquary",
        "map_locations": [
          {
            "map": "skytg",
            "x": 995,
            "y": 434
          }
        ],
        "sections": [
          {
            "name": "Sky Temple Key 7",
            "capture_item": true,
            "access_rules": [
				"violet, missile, darkbeam, seeker, lightbeam, spacejump, darkvisor, lightsuit",
				"violet, missile, annihilator, seeker, lightbeam, spacejump, darkvisor, lightsuit"],
            "item_count": 1
          }
        ]
      },
      {
        "name": "Phazon Grounds",
        "map_locations": [
          {
            "map": "skytg",
            "x": 264,
            "y": 558
          }
        ],
        "sections": [
          {
            "name": "Missile",
            "capture_item": true,
            "access_rules": [
				"violet, missile, darkbeam, lightbeam, darksuit, spacejump, screwattack",
				"violet, missile, darkbeam, lightbeam, lightsuit, spacejump, screwattack",
				"violet, missile, annihilator, darksuit, spacejump, screwattack",
				"violet, missile, annihilator, lightsuit, spacejump, screwattack" ],
            "item_count": 1
          }
        ]
      },
      {
        "name": "Accursed Lake",
        "map_locations": [
          {
            "map": "skytg",
            "x": 1550,
            "y": 350
          }
        ],
        "sections": [
          {
            "name": "Sky Temple Key 9",
            "capture_item": true,
            "access_rules": [
				"violet, darkbeam, lightbeam, seeker, lightsuit, spacejump, darkvisor",
				"violet, annihilator, lightbeam, seeker, lightsuit, spacejump, darkvisor" ],
            "item_count": 1
          }
        ]
      }
    ]
  }
]