[
  {
    "name": "Temple Grounds",
    "group": "Temple Grounds",
    "color": "#653162",
	"chest_unopened_img": "images/Beams/unopened.png",
	"chest_opened_img": "images/Beams/opened.png",
    "children": [
      {
        "name": "GFMC Compound",
        "map_locations": [
          {
            "map": "templegrounds",
            "x": 345,
            "y": 640
          }
        ],
        "sections": [
          {
            "name": "Missile Launcher",
            "capture_item": true,
            "item_count": 1
          },
          {
            "name": "Missile",
            "capture_item": true,
            "access_rules": [
			  "@IS Translator Gate, jumpguardian, spacejump",
			  "@GFMC Translator Gate, jumpguardian, missile, spacejump",
			  "@POE Translator Gate, jumpguardian, spacejump, boostball"
			],
            "item_count": 1
          }
        ]
      },
      {
        "name": "Hall of Honored Dead",
        "map_locations": [
          {
            "map": "templegrounds",
            "x": 995,
            "y": 750
          }
        ],
        "sections": [
          {
            "name": "Seeker Missile",
            "capture_item": true,
            "access_rules": [
              "@MG Translator Gate, boostball, bomb",
			  "@HAT Translator Gate, lightbeam, spacejump, missile, seeker, bomb, boostball",
			  "@HAT Translator Gate, lightbeam, spacejump, missile, supermissile, bomb, boostball",
			  "@POE Transator Gate, boostball, bomb",
              "{@MG Translator Gate, boostball}",
              "{@MG Translator Gate, supermissile, bomb, seeker}",
			  "{@HAT Translator Gate, lightbeam, spacejump, missile, seeker}",
			  "{@POE Transator Gate, boostball}",
			  "{@POE Transator Gate, supermissile, bomb, seeker}"
            ],
            "item_count": 1
          }
        ]
      },
      {
        "name": "Grand Windchamber",
        "map_locations": [
          {
            "map": "templegrounds",
            "x": 633,
            "y": 966
          }
        ],
        "sections": [
          {
            "name": "Sunburst",
            "capture_item": true,
            "access_rules": [
				"{powerbomb}",
				"@GFMC Translator Gate, powerbomb, boostball, spacejump, screwattack, seeker, lightbeam, darkbeam",
				"@GFMC Translator Gate, powerbomb, boostball, spacejump, screwattack, seeker, annihilator",
				"@GFMC Translator Gate, @HAT Transator Gate, supermissile, bomb, powerbomb, boostball, spacejump, seeker, grapple, lightbeam, darkbeam",
				"@GFMC Translator Gate, @HAT Transator Gate, supermissile, bomb, powerbomb, boostball, spacejump, seeker, grapple, lightbeam, annihilator",
				"@GFMC Translator Gate, @MG Transator Gate, supermissile, spacejump, powerbomb, boostball, seeker, grapple, lightbeam, darkbeam",
				"@GFMC Translator Gate, @MG Transator Gate, supermissile, powerbomb, spacejump, boostball, seeker, grapple, lightbeam, annihilator",
				"@IS Translator Gate, powerbomb, boostball, spacejump, screwattack, seeker, lightbeam, darkbeam",
				"@IS Translator Gate, powerbomb, boostball, spacejump, screwattack, seeker, annihilator",
				"@IS Translator Gate, @HAT Transator Gate, supermissile, bomb, powerbomb, boostball, spacejump, seeker, grapple, lightbeam, darkbeam",
				"@IS Translator Gate, @HAT Transator Gate, supermissile, bomb, powerbomb, boostball, spacejump, seeker, grapple, lightbeam, annihilator",
				"@IS Translator Gate, @MG Transator Gate, supermissile, spacejump, powerbomb, boostball, seeker, grapple, lightbeam, darkbeam",
				"@IS Translator Gate, @MG Transator Gate, supermissile, powerbomb, spacejump, boostball, seeker, grapple, lightbeam, annihilator",
				"@TAS Translator Gate, powerbomb, boostball, spacejump, screwattack, seeker, lightbeam, darkbeam",
				"@TAS Translator Gate, powerbomb, boostball, spacejump, screwattack, seeker, annihilator",
				"@TAS Translator Gate, @HAT Transator Gate, supermissile, bomb, powerbomb, boostball, spacejump, seeker, grapple, lightbeam, darkbeam",
				"@TAS Translator Gate, @HAT Transator Gate, supermissile, bomb, powerbomb, boostball, spacejump, seeker, grapple, lightbeam, annihilator",
				"@TAS Translator Gate, @MG Transator Gate, supermissile, spacejump, powerbomb, boostball, seeker, grapple, lightbeam, darkbeam",
				"@TAS Translator Gate, @MG Transator Gate, supermissile, powerbomb, spacejump, boostball, seeker, grapple, lightbeam, annihilator",
				"@MG Translator Gate, powerbomb, boostball, spacejump, screwattack, seeker, lightbeam, darkbeam",
				"@MG Translator Gate, powerbomb, boostball, spacejump, screwattack, seeker, annihilator",
				"@MG Translator Gate, powerbomb, boostball, spacejump, supermissile, seeker, lightbeam, darkbeam",
				"@MG Translator Gate, powerbomb, boostball, spacejump, supermissile, seeker, annihilator",
				"@POE Translator Gate, supermissile, powerbomb, boostball, spacejump, screwattack, seeker, lightbeam, darkbeam",
				"@POE Translator Gate, supermissile, powerbomb, boostball, grapple, seeker, lightbeam, darkbeam",
				"@POE Translator Gate, supermissile, powerbomb, boostball, spacejump, screwattack, seeker, annihilator"
			],
            "item_count": 1
          }
        ]
      },
      {
        "name": "Storage Cavern B",
        "map_locations": [
          {
            "map": "templegrounds",
            "x": 1305,
            "y": 320
          }
        ],
        "sections": [
          {
            "name": "E-Tank",
            "capture_item": true,
            "access_rules": [
			  "missile, @TAS Translator Gate",
			  "missile, @MG Translator Gate, supermissile, bomb",
			  "missile, @MG Translator Gate, boostball, seeker",
			  "missile, @IS Translator Gate",
			  "missile, @POE Translator Gate, supermissile, bomb",
			  "missile, @POE Translator Gate, boostball, seeker"
			],
            "item_count": 1
          }
        ]
      },
      {
        "name": "Windchamber Gateway",
        "map_locations": [
          {
            "map": "templegrounds",
            "x": 630,
            "y": 1240
          }
        ],
        "sections": [
          {
            "name": "E-Tank",
            "capture_item": true,
            "access_rules": [
              "{powerbomb}",
              "{@MG Translator Gate, missile, supermissile, lightbeam, spacejump}",
              "{@HAT Translator Gate, missile, supermissile, lightbeam, spacejump, bomb}",
              "{@POE Translator Gate, missile, supermissile, lightbeam}",
			  "powerbomb, grapple",
              "powerbomb, spacejump, screwattack",
              "@MG Translator Gate, missile, supermissile, lightbeam, spacejump, screwattack",
              "@MG Translator Gate, missile, supermissile, lightbeam, spacejump, grapple",
              "@HAT Translator Gate, missile, supermissile, lightbeam, spacejump, bomb, screwattack",
              "@HAT Translator Gate, missile, supermissile, lightbeam, spacejump, bomb, grapple",
              "@POE Translator Gate, missile, supermissile, lightbeam, screwattack",
              "@POE Translator Gate, missile, supermissile, lightbeam, grapple"
			],
            "item_count": 1
          }
        ]
      },
      {
        "name": "Fortress Transport Access",
        "map_locations": [
          {
            "map": "templegrounds",
            "x": 228,
            "y": 870
          }
        ],
        "sections": [
          {
            "name": "E-Tank",
            "capture_item": true,
            "access_rules": [ "@GFMC Translator Gate, lightsuit" ],
            "item_count": 1
          }
        ]
      },
      {
        "name": "Transport to Agon Wastes",
        "map_locations": [
          {
            "map": "templegrounds",
            "x": 1770,
            "y": 100
          }
        ],
        "sections": [
          {
            "name": "Missile",
            "capture_item": true,
            "access_rules": [
			  "@IS Translator Gate",
			  "@GFMC Translator Gate, boostball, lightbeam, spacejump, bomb, powerbomb",
			  "@POE Translator Gate, darkbeam, supermissile, seeker, bomb"
			],
            "item_count": 1
          }
        ]
      },
      {
        "name": "Hive Chamber A",
        "map_locations": [
          {
            "map": "templegrounds",
            "x": 1680,
            "y": 680
          }
        ],
        "sections": [
          {
            "name": "Dark Missile Trooper",
            "capture_item": true,
            "access_rules": [
				"@IS Translator Gate, bombguardian, missile, bomb",
				"@IS Translator Gate, bombguardian, missile, powerbomb",
				"@GFMC Translator Gate, bombguardian",
				"@POE Translator Gate, bombguardian, boostball"
			],
            "item_count": 1
          }
        ]
      },
      {
        "name": "Hive Chamber B",
        "map_locations": [
          {
            "map": "templegrounds",
            "x": 1610,
            "y": 460
          }
        ],
        "sections": [
          {
            "name": "Missile",
            "capture_item": true,
            "access_rules": [
				"powerbomb",
				"missile, @TAS Translator Gate, bomb",
				"missile, @IS Translator Gate, bomb",
				"missile, @MG Translator Gate, bomb, supermissile",
				"missile, @MG Translator Gate, bomb, boostball, seeker",
				"missile, @POE Translator Gate, bomb, supermissile",
				"missile, @POE Translator Gate, bomb, boostball, seeker"
			],
            "item_count": 1
          }
        ]
      },
      {
        "name": "Temple Assembly Site",
        "map_locations": [
          {
            "map": "templegrounds",
            "x": 1120,
            "y": 300
          }
        ],
        "sections": [
          {
            "name": "Missile",
            "capture_item": true,
            "access_rules": [
				"{}",
				"powerbomb, spacejump",
				"missile, @TAS Translator Gate, spacejump",
				"missile, @IS Translator Gate, spacejump",
				"missile, @MG Translator Gate, bomb, supermissile, spacejump",
				"missile, @MG Translator Gate, boostball, seeker, spacejump",
				"missile, @POE Translator Gate, bomb, supermissile, spacejump",
				"missile, @POE Translator Gate, boostball, seeker, spacejump"
			],
            "item_count": 1
          }
        ]
      },
      {
        "name": "Communication Area",
        "map_locations": [
          {
            "map": "templegrounds",
            "x": 850,
            "y": 360
          }
        ],
        "sections": [
          {
            "name": "Missile",
            "capture_item": true,
            "access_rules": [
				"{WTAS Translator Gate, missile, spacejump}",
				"{WIS Translator Gate, missile, spacejump}",
				"powerbomb, spacesjump",
				"missile, @TAS Translator Gate, spacejump, bomb",
				"missile, @IS Translator Gate, spacejump, bomb",
				"missile, @MG Translator Gate, bomb, supermissile, spacejump",
				"missile, @MG Translator Gate, bomb, boostball, seeker, spacejump",
				"missile, @MG Translator Gate, powerbomb, boostball, seeker, spacejump",
				"missile, @POE Translator Gate, bomb, supermissile, spacejump",
				"missile, @POE Translator Gate, powerbomb, boostball, seeker, spacejump"
			],
            "item_count": 1
          }
        ]
      },
      {
        "name": "Dynamo Chamber",
        "map_locations": [
          {
            "map": "templegrounds",
            "x": 1000,
            "y": 310
          }
        ],
        "sections": [
          {
            "name": "Power Bomb",
            "capture_item": true,
            "access_rules": [ "powerbomb" ],
            "item_count": 1
          }
        ]
      }
    ]
  }
]