[ // Temple Grounds
  {
    "name": "Temple Grounds",
    "group": "Temple Grounds",
    "color": "#653162",
    "children": [
      {
        "name": "GFMC Compound",
        "map_locations": [
          {
            "map": "templegrounds",
            "x": 345,
            "y": 640
          }
        ],
        "sections": [
          {
            "name": "Missile Launcher",
            "capture_item": true,
            "item_count": 1
          },
          {
            "name": "Missile",
            "capture_item": true,
            "access_rules": [ "spacejump, missile, violet, bomb" ],
            "item_count": 1
          }
        ]
      },
      {
        "name": "Hall of Honored Dead",
        "map_locations": [
          {
            "map": "templegrounds",
            "x": 995,
            "y": 750
          }
        ],
        "sections": [
          {
            "name": "Seeker Missile",
            "capture_item": true,
            "access_rules": [
              "missile, amber, violet, boostball",
              "violet, boostball, seeker, lightbeam, spacejump",
              "violet, lightbeam, spacejump, bomb, boostball"
            ],
            "item_count": 1
          }
        ]
      },
      {
        "name": "Grand Windchamber",
        "map_locations": [
          {
            "map": "templegrounds",
            "x": 633,
            "y": 966
          }
        ],
        "sections": [
          {
            "name": "Sunburst",
            "capture_item": true,
            "access_rules": [ "violet, powerbomb, boostball, grapple, seeker, lightbeam, darkbeam" ],
            "item_count": 1
          }
        ]
      },
      {
        "name": "Storage Cavern B",
        "map_locations": [
          {
            "map": "templegrounds",
            "x": 1305,
            "y": 320
          }
        ],
        "sections": [
          {
            "name": "E-Tank",
            "capture_item": true,
            "access_rules": [ "missile, violet" ],
            "item_count": 1
          }
        ]
      },
      {
        "name": "Windchamber Gateway",
        "map_locations": [
          {
            "map": "templegrounds",
            "x": 630,
            "y": 1240
          }
        ],
        "sections": [
          {
            "name": "E-Tank",
            "capture_item": true,
            "access_rules": [
              "powerbomb, grapple",
              "violet, missile, supermissile, lightbeam, spacejump, bomb, screwattack",
              "powerbomb, spacejump, screwattack",
			  ],
            "item_count": 1
          }
        ]
      },
      {
        "name": "Fortress Transport Access",
        "map_locations": [
          {
            "map": "templegrounds",
            "x": 228,
            "y": 870
          }
        ],
        "sections": [
          {
            "name": "E-Tank",
            "capture_item": true,
            "access_rules": [ "violet, emerald, lightsuit" ],
            "item_count": 1
          }
        ]
      },
      {
        "name": "Transport to Agon Wastes",
        "map_locations": [
          {
            "map": "templegrounds",
            "x": 1770,
            "y": 100
          }
        ],
        "sections": [
          {
            "name": "Missile",
            "capture_item": true,
            "access_rules": [ "violet" ],
            "item_count": 1
          }
        ]
      },
      {
        "name": "Hive Chamber A",
        "map_locations": [
          {
            "map": "templegrounds",
            "x": 1680,
            "y": 680
          }
        ],
        "sections": [
          {
            "name": "Dark Missile Trooper",
            "capture_item": true,
            "access_rules": [
				"violet, missile, spacejump",
				"violet, missile, bomb" ],
            "item_count": 1
          }
        ]
      },
      {
        "name": "Hive Chamber B",
        "map_locations": [
          {
            "map": "templegrounds",
            "x": 1610,
            "y": 460
          }
        ],
        "sections": [
          {
            "name": "Missile",
            "capture_item": true,
            "access_rules": [
				"spacejump, bomb",
				"spacejump, powerbomb",
				"violet, missile, bomb",
				"violet, missile, powerbomb" ],
            "item_count": 1
          }
        ]
      },
      {
        "name": "Temple Assembly Site",
        "map_locations": [
          {
            "map": "templegrounds",
            "x": 1120,
            "y": 300
          }
        ],
        "sections": [
          {
            "name": "Missile",
            "capture_item": true,
            "access_rules": [
				"spacejump",
				"violet, spacejump" ],
            "item_count": 1
          }
        ]
      },
      {
        "name": "Communication Area",
        "map_locations": [
          {
            "map": "templegrounds",
            "x": 850,
            "y": 360
          }
        ],
        "sections": [
          {
            "name": "Missile",
            "capture_item": true,
            "access_rules": [
				"violet, bomb, spacejump",
				"bomb, spacesjump" ],
            "item_count": 1
          }
        ]
      },
      {
        "name": "Dynamo Chamber",
        "map_locations": [
          {
            "map": "templegrounds",
            "x": 1000,
            "y": 310
          }
        ],
        "sections": [
          {
            "name": "Power Bomb",
            "capture_item": true,
            "access_rules": [
				"powerbomb",
				"violet, powerbomb" ],
            "item_count": 1
          }
        ]
      }
    ]
  }
]