[
  {
    "name": "Torvus Bog",
    "color": "#559966",
	"chest_unopened_img": "images/Beams/unopened.png",
	"chest_opened_img": "images/Beams/opened.png",
    "children": [
      {
        "name": "Torvus Temple",
        "map_locations": [
          {
            "map": "torvusbog",
            "x": 574,
            "y": 1179
          }
        ],
        "sections": [
          {
            "name": "Super Missile",
            "capture_item": true,
            "access_rules": [
				"@POE Translator Gate, darkbeam, bomb",
				"@IS Translator Gate, bomb, spacejump, boostball, seeker, supermissile, lightbeam, darkbeam",
				"@IS Translator Gate, @TTG Translator Gate, bomb, spacejump, boostball, seeker, lightbeam, darkbeam",
				"@GFMC Translator Gate, boostball, lightbeam, spacejump, seeker, bomb, powerbomb, supermissile, darkbeam",
				"@GFMC Translator Gate, @TTG Translator Gate, boostball, lightbeam, spacejump, seeker, bomb, powerbomb, darkbeam"
			],
            "item_count": 1
          }
        ]
      },
      {
        "name": "Torvus Energy Controller",
        "map_locations": [
          {
            "map": "torvusbog",
            "x": 150,
            "y": 1179
          }
        ],
        "sections": [
          {
            "name": "Emerald Translator",
            "capture_item": true,
            "access_rules": [
				"@POE Translator Gate, darkbeam, bomb, supermissile",
				"@IS Translator Gate, bomb, spacejump, boostball, seeker, supermissile, lightbeam, darkbeam",
				"@GFMC Translator Gate, boostball, seeker, lightbeam, spacejump, bomb, powerbomb, supermissile, darkbeam"
			],
            "item_count": 1
          }
        ]
      },
      {
        "name": "Hydrochamber Storage",
        "map_locations": [
          {
            "map": "torvusbog",
            "x": 2228,
            "y": 1403
          }
        ],
        "sections": [
          {
            "name": "Gravity Boost",
            "capture_item": true,
            "access_rules": [
				"@POE Translator Gate, darkbeam, bomb, supermissile, gravity",
				"@POE Translator Gate, darkbeam, bomb, supermissile, seeker, boostball, grapple",
				"@POE Translator Gate, darkbeam, bomb, supermissile, seeker, boostball, screwattack",
				"@IS Translator Gate, bomb, spacejump, boostball, seeker, supermissile, gravity",
				"@IS Translator Gate, bomb, spacejump, boostball, seeker, supermissile, lightbeam, darkbeam, grapple",
				"@IS Translator Gate, bomb, spacejump, boostball, seeker, supermissile, lightbeam, darkbeam, screwattack",
				"@GFMC Translator Gate, boostball, seeker, lightbeam, spacejump, bomb, powerbomb, supermissile, gravity",
				"@GFMC Translator Gate, boostball, seeker, lightbeam, spacejump, bomb, powerbomb, supermissile, darkbeam, grapple",
				"@GFMC Translator Gate, boostball, seeker, lightbeam, spacejump, bomb, powerbomb, supermissile, darkbeam, screwattack",
			],
            "item_count": 1
          }
        ]
      },
      {
        "name": "Forgotten Bridge",
        "map_locations": [
          {
            "map": "torvusbog",
            "x": 1158,
            "y": 913
          }
        ],
        "sections": [
          {
            "name": "Missile",
            "capture_item": true,
            "access_rules": [
				"{@IS Translator Gate, bomb, spacejump, boostball, seeker, supermissile, lightbeam}",
				"{@GFMC Translator Gate, boostball, lightbeam, spacejump, bomb, powerbomb, seeker, supermissile}",
				"@POE Translator Gate, darkbeam, bomb",
				"@IS Translator Gate, bomb, spacejump, boostball, seeker, supermissile, lightbeam, darkbeam",
				"@IS Translator Gate, bomb, spacejump, boostball, seeker, supermissile, lightbeam, annihilator",
				"@IS Translator Gate, bomb, spacejump, boostball, seeker, supermissile, lightbeam, screwattack",
				"@IS Translator Gate, @TTG Translator Gate, bomb, spacejump, boostball, seeker, lightbeam, darkbeam",
				"@GFMC Translator Gate, boostball, lightbeam, spacejump, seeker, bomb, powerbomb, supermissile, darkbeam",
				"@GFMC Translator Gate, @TTG Translator Gate, boostball, lightbeam, spacejump, seeker, bomb, powerbomb, darkbeam",
				"@GFMC Translator Gate, boostball, lightbeam, spacejump, seeker, bomb, powerbomb, supermissile, annihilator",
				"@GFMC Translator Gate, boostball, lightbeam, spacejump, seeker, bomb, powerbomb, supermissile, screwattack"
			],
            "item_count": 1
          }
        ]
      },
      {
        "name": "Hydrodynamo Station",
        "map_locations": [
          {
            "map": "torvusbog",
            "x": 2867,
            "y": 1036
          }
        ],
        "sections": [
          {
            "name": "Missile",
            "capture_item": true,
            "access_rules": [
				"@POE Translator Gate, darkbeam, bomb, supermissile",
				"@IS Translator Gate, bomb, spacejump, boostball, seeker, supermissile",
				"@GFMC Translator Gate, boostball, seeker, lightbeam, spacejump, bomb, powerbomb, supermissile"
			],
            "item_count": 1
          }
        ]
      },
      {
        "name": "Underground Tunnel",
        "map_locations": [
          {
            "map": "torvusbog",
            "x": 614,
            "y": 1011
          }
        ],
        "sections": [
          {
            "name": "Missile",
            "capture_item": true,
            "access_rules": [
				"@POE Translator Gate, darkbeam, bomb, supermissile, @TTG Translator Gate",
				"@IS Translator Gate, bomb, spacejump, boostball, seeker, @TTG Translator Gate",
				"@GFMC Translator Gate, boostball, seeker, lightbeam, spacejump, bomb, powerbomb, supermissile, @TTG Translator Gate"
			],
            "item_count": 1
          }
        ]
      },
      {
        "name": "Plaza Access",
        "map_locations": [
          {
            "map": "torvusbog",
            "x": 1200,
            "y": 416
          }
        ],
        "sections": [
          {
            "name": "Missile",
            "capture_item": true,
            "access_rules": [
				"@POE Translator Gate, darkbeam, bomb, supermissile, @TTG Translator Gate, boostball",
				"@IS Translator Gate, bomb, spacejump, boostball, seeker, @TTG Translator Gate, darkbeam",
				"@GFMC Translator Gate, boostball, seeker, lightbeam, spacejump, bomb, powerbomb, @TTG Translator Gate, darkbeam"
			],
            "item_count": 1
          }
        ]
      },
      {
        "name": "Portal Chamber",
        "map_locations": [
          {
            "map": "torvusbog",
            "x": 1293,
            "y": 1091
          }
        ],
        "sections": [
          {
            "name": "Missile",
            "capture_item": true,
            "access_rules": [
				"{@POE Translator Gate, darkbeam}",
				"{@IS Translator Gate, bomb, spacejump, boostball, seeker, supermissile}",
				"{@GFMC Translator Gate, boostball, seeker, lightbeam, spacejump, bomb, powerbomb, supermissile}",
				"{@IS Translator Gate, @TTG Translator Gate, bomb, spacejump, boostball, seeker, lightbeam, darkbeam}",
				"@POE Translator Gate, bomb, darkbeam, supermissile",
				"@POE Translator Gate, bomb, darkbeam, powerbomb",
				"@IS Translator Gate, bomb, spacejump, boostball, seeker, supermissile, darkbeam",
				"@IS Translator Gate, @TTG Translator Gate, bomb, spacejump, boostball, seeker, powerbomb, lightbeam, darkbeam",
				"@GFMC Translator Gate, @TTG Translator Gate, boostball, seeker, lightbeam, spacejump, bomb, powerbomb, supermissile, darkbeam"
			],
            "item_count": 1
          }
        ]
      },
      {
        "name": "Abandoned Worksite",
        "map_locations": [
          {
            "map": "torvusbog",
            "x": 1190,
            "y": 1000
          }
        ],
        "sections": [
          {
            "name": "Missile",
            "capture_item": true,
            "access_rules": [
				"{@POE Translator Gate, darkbeam, lightbeam}",
				"{@IS Translator Gate, bomb, spacejump, boostball, seeker, supermissile, lightbeam, darkbeam}",
				"{@IS Translator Gate, bomb, spacejump, boostball, seeker, supermissile, lightbeam, annihilator}",
				"{@GFMC Translator Gate, boostball, seeker, lightbeam, spacejump, bomb, powerbomb, supermissile, darkbeam}",
				"{@GFMC Translator Gate, boostball, seeker, lightbeam, spacejump, bomb, powerbomb, supermissile, annihilator}",
				"{@IS Translator Gate, @TTG Translator Gate, bomb, spacejump, boostball, seeker, lightbeam, darkbeam}",
				"{@GFMC Translator Gate, @TTG Translator Gate, boostball, seeker, lightbeam, spacejump, bomb, powerbomb, darkbeam}",
				"@POE Translator Gate, darkbeam, bomb, lightbeam, grapple",
				"@POE Translator Gate, darkbeam, bomb, lightbeam, screwattack",
				"@IS Translator Gate, bomb, spacejump, boostball, seeker, supermissile, lightbeam, darkbeam, grapple",
				"@IS Translator Gate, bomb, spacejump, boostball, seeker, supermissile, lightbeam, darkbeam, screwattack",
				"@IS Translator Gate, @TTG Translator Gate, bomb, spacejump, boostball, seeker, lightbeam, darkbeam, grapple",
				"@IS Translator Gate, @TTG Translator Gate, bomb, spacejump, boostball, seeker, lightbeam, darkbeam, screwattack",
				"@IS Translator Gate, bomb, spacejump, boostball, seeker, supermissile, lightbeam, annihilator, grapple",
				"@IS Translator Gate, bomb, spacejump, boostball, seeker, supermissile, lightbeam, annihilator, screwattack",
				"@GFMC Translator Gate, boostball, seeker, lightbeam, spacejump, bomb, powerbomb, supermissile, darkbeam, grapple",
				"@GFMC Translator Gate, boostball, seeker, lightbeam, spacejump, bomb, powerbomb, supermissile, darkbeam, screwattack",
				"@GFMC Translator Gate, @TTG Translator Gate, boostball, seeker, lightbeam, spacejump, bomb, powerbomb, supermissile, darkbeam, grapple",
				"@GFMC Translator Gate, @TTG Translator Gate, boostball, seeker, lightbeam, spacejump, bomb, powerbomb, supermissile, darkbeam, screwattack",
				"@GFMC Translator Gate, boostball, seeker, lightbeam, spacejump, bomb, powerbomb, supermissile, annihilator, grapple",
				"@GFMC Translator Gate, boostball, seeker, lightbeam, spacejump, bomb, powerbomb, supermissile, annihilator, screwattack"
			],
            "item_count": 1
          }
        ]
      },
      {
        "name": "Path of Roots",
        "map_locations": [
          {
            "map": "torvusbog",
            "x": 1375,
            "y": 1210
          }
        ],
        "sections": [
          {
            "name": "Missile",
            "capture_item": true,
            "access_rules": [
				"{@POE Translator Gate, darkbeam}",
				"{@IS Translator Gate, bomb, spacejump, boostball, seeker, supermissile}",
				"{@GFMC Translator Gate, boostball, seeker, lightbeam, spacejump, bomb, powerbomb, supermissile}",
				"{@IS Translator Gate, @TTG Translator Gatem, bomb, spacejump, boostball, seeker, lightbeam, darkbeam}",
				"{@GFMC Translator Gate, @TTG Translator Gate, boostball, seeker, lightbeam, spacejump, bomb, powerbomb, darkbeam}",
				"@POE Translator Gate, darkbeam, grapple",
				"@IS Translator Gate, bomb, spacejump, boostball, seeker, supermissile, grapple",
				"@GFMC Translator Gate, boostball, seeker, lightbeam, spacejump, bomb, powerbomb, supermissile, grapple",
				"@IS Translator Gate, @TTG Translator Gate, bomb, spacejump, boostball, seeker, lightbeam, darkbeam, grapple",
				"@GFMC Translator Gate, @TTG Translator Gate, boostball, seeker, lightbeam, spacejump, bomb, powerbomb, darkbeam, grapple",
				"@POE Translator Gate, darkbeam, screwattack",
				"@IS Translator Gate, bomb, spacejump, boostball, seeker, supermissile, screwattack",
				"@GFMC Translator Gate, boostball, seeker, lightbeam, spacejump, bomb, powerbomb, supermissile, screwattack",
				"@IS Translator Gate, @TTG Translator Gate, bomb, spacejump, boostball, seeker, lightbeam, darkbeam, screwattack",
				"@GFMC Translator Gate, @TTG Translator Gate, boostball, seeker, lightbeam, spacejump, bomb, powerbomb, darkbeam, screwattack"
			],
            "item_count": 1
          }
        ]
      },
      {
        "name": "Torvus Lagoon",
        "map_locations": [
          {
            "map": "torvusbog",
            "x": 1589,
            "y": 1089
          }
        ],
        "sections": [
          {
            "name": "Missile",
            "capture_item": true,
            "access_rules": [
				"{@POE Translator Gate}",
				"{@IS Translator Gate, bomb, spacejump, boostball, seeker, supermissile, darkbeam}",
				"{@IS Translator Gate, bomb, spacejump, boostball, seeker, supermissile, lightbeam}",
				"{@GFMC Translator Gate, boostball, seeker, lightbeam, spacejump, bomb, powerbomb, supermissile}",
				"{@IS Translator Gate, @TTG Translator Gate, bomb, spacejump, boostball, seeker, lightbeam, darkbeam}",
				"{@GFMC Translator Gate, @TTG Translator Gate, boostball, seeker, lightbeam, spacejump, bomb, powerbomb, supermissile}",
				"{@GFMC Translator Gate, @TTG Translator Gate, boostball, seeker, lightbeam, spacejump, bomb, powerbomb, darkbeam}",
				"@POE Translator Gate, gravity",
				"@IS Translator Gate, bomb, spacejump, boostball, seeker, supermissile, darkbeam, gravity",
				"@IS Translator Gate, bomb, spacejump, boostball, seeker, supermissile, lightbeam, gravity",
				"@GFMC Translator Gate, boostball, seeker, lightbeam, spacejump, bomb, powerbomb, supermissile, gravity",
				"@IS Translator Gate, @TTG Translator Gate, bomb, spacejump, boostball, seeker, lightbeam, darkbeam, gravity",
				"@GFMC Translator Gate, @TTG Translator Gate, boostball, seeker, lightbeam, spacejump, bomb, powerbomb, supermissile, gravity",
				"@GFMC Translator Gate, @TTG Translator Gate, boostball, seeker, lightbeam, spacejump, bomb, powerbomb, darkbeam, gravity"
			],
            "item_count": 1
          }
        ]
      },
      {
        "name": "Gathering Hall",
        "map_locations": [
          {
            "map": "torvusbog",
            "x": 2485,
            "y": 1335
          }
        ],
        "sections": [
          {
            "name": "Missile",
            "capture_item": true,
            "access_rules": [
				"@POE Translator Gate, darkbeam, bomb, supermissile, seeker, lightbeam, powerbomb, boostball, spider",
				"@POE Translator Gate, darkbeam, bomb, supermissile, gravity, lightbeam, powerbomb, boostball, spider",
				"@IS Translator Gate, bomb, spacejump, boostball, seeker, supermissile, lightbeam, powerbomb, spider",
				"@GFMC Translator Gate, boostball, seeker, lightbeam, spacejump, bomb, powerbomb, supermissile, spider"
			],
            "item_count": 1
          }
        ]
      },
      {
        "name": "Training Chamber",
        "map_locations": [
          {
            "map": "torvusbog",
            "x": 2863,
            "y": 590
          }
        ],
        "sections": [
          {
            "name": "Missile",
            "capture_item": true,
            "access_rules": [
				"@POE Translator Gate, darkbeam, bomb, supermissile, gravity",
				"@IS Translator Gate, bomb, spacejump, boostball, seeker, supermissile",
				"@GFMC Translator Gate, boostball, seeker, lightbeam, spacejump, bomb, powerbomb, supermissile"
			],
            "item_count": 1
          }
        ]
      },
      {
        "name": "Torvus Grove",
        "map_locations": [
          {
            "map": "torvusbog",
            "x": 601,
            "y": 642
          }
        ],
        "sections": [
          {
            "name": "Missile",
            "capture_item": true,
            "access_rules": [
				"@POE Translator Gate, darkbeam, bomb, @TTG Translator Gate, lightbeam, powerbomb",
				"@IS Translator Gate, bomb, spacejump, boostball, seeker, @TTG Translator Gate, lightbeam, powerbomb",
				"@GFMC Translator Gate, boostball, seeker, lightbeam, spacejump, bomb, powerbomb, @TTG Translator Gate"
			],
            "item_count": 1
          }
        ]
      },
      {
        "name": "Transit Tunnel South",
        "map_locations": [
          {
            "map": "torvusbog",
            "x": 2833,
            "y": 1517
          }
        ],
        "sections": [
          {
            "name": "Missile",
            "capture_item": true,
            "access_rules": [
				"@POE Translator Gate, darkbeam, bomb, supermissile, gravity, annihilator",
				"@IS Translator Gate, bomb, spacejump, boostball, seeker, supermissile, gravity, lightbeam, powerbomb, spider, annihilator",
				"@IS Translator Gate, bomb, spacejump, boostball, seeker, supermissile, gravity, darkbeam, annihilator",
				"@GFMC Translator Gate, boostball, seeker, lightbeam, spacejump, bomb, powerbomb, supermissile, gravity, annihilator, spider",
				"@GFMC Translator Gate, boostball, seeker, lightbeam, spacejump, bomb, powerbomb, supermissile, gravity, annihilator, darkbeam"
			],
            "item_count": 1
          }
        ]
      },
      {
        "name": "Great Bridge",
        "map_locations": [
          {
            "map": "torvusbog",
            "x": 1251,
            "y": 1149
          }
        ],
        "sections": [
          {
            "name": "Power Bomb",
            "capture_item": true,
            "access_rules": [
				"@POE Translator Gate, darkbeam, bomb, lightbeam, powerbomb",
				"@IS Translator Gate, bomb, spacejump, boostball, seeker, supermissile, lightbeam, annihilator, powerbomb",
				"@IS Translator Gate, bomb, spacejump, boostball, seeker, supermissile, lightbeam, darkbeam, powerbomb",
				"@IS Translator Gate, bomb, spacejump, boostball, seeker, supermissile, lightbeam, screwattack, powerbomb",
				"@IS Translator Gate, @TTG Translator Gate, bomb, spacejump, boostball, seeker, lightbeam, darkbeam, powerbomb",
				"@GFMC Translator Gate, boostball, seeker, lightbeam, spacejump, bomb, powerbomb, supermissile, darkbeam",
				"@GFMC Translator Gate, boostball, seeker, lightbeam, spacejump, bomb, powerbomb, supermissile, annihilator",
				"@GFMC Translator Gate, boostball, seeker, lightbeam, spacejump, bomb, powerbomb, supermissile, screwattack",
				"@GFMC Translator Gate, @TTG Translator Gate, boostball, seeker, lightbeam, spacejump, bomb, powerbomb, darkbeam",
			],
            "item_count": 1
          }
        ]
      },
      {
        "name": "Temple Access",
        "map_locations": [
          {
            "map": "torvusbog",
            "x": 956,
            "y": 1177
          }
        ],
        "sections": [
          {
            "name": "E-Tank",
            "capture_item": true,
            "access_rules": [
				"@POE Translator Gate, darkbeam, bomb, lightbeam",
				"@IS Translator Gate, bomb, spacejump, boostball, seeker, supermissile, lightbeam, darkbeam, powerbomb",
				"@GFMC Translator Gate, boostball, seeker, lightbeam, spacejump, bomb, powerbomb, supermissile, darkbeam",
				"@IS Translator Gate, @TTG Translator Gate, bomb, spacejump, boostball, seeker, lightbeam, darkbeam, powerbomb",
				"@GFMC Translator Gate, @TTG Translator Gate, boostball, seeker, lightbeam, spacejump, bomb, powerbomb, darkbeam"
			],
            "item_count": 1
          }
        ]
      },
      {
        "name": "Torvus Plaza",
        "map_locations": [
          {
            "map": "torvusbog",
            "x": 1117,
            "y": 116
          }
        ],
        "sections": [
          {
            "name": "E-Tank",
            "capture_item": true,
            "access_rules": [
				"@POE Translator Gate, darkbeam, bomb, @TTG Translator Gate, boostball, spider",
				"@IS Translator Gate, bomb, spacejump, boostball, seeker, @TTG Translator Gate, darkbeam, spider",
				"@GFMC Translator Gate, boostball, seeker, lightbeam, spacejump, bomb, powerbomb, @TTG Translator Gate, darkbeam, spider"
			],
            "item_count": 1
          }
        ]
      },
      {
        "name": "Meditation Vista",
        "map_locations": [
          {
            "map": "torvusbog",
            "x": 693,
            "y": 485
          }
        ],
        "sections": [
          {
            "name": "E-Tank",
            "capture_item": true,
            "access_rules": [
				"@POE Translator Gate, darkbeam, bomb, @TTG Translator Gate, screwattack",
				"@IS Translator Gate, bomb, spacejump, boostball, seeker, @TTG Translator Gate, screwattack",
				"@GFMC Translator Gate, boostball, seeker, lightbeam, spacejump, bomb, powerbomb, @TTG Translator Gate, screwattack"
			],
            "item_count": 1
          }
        ]
      },
      {
        "name": "Transit Tunnel East",
        "map_locations": [
          {
            "map": "torvusbog",
            "x": 3179,
            "y": 853
          }
        ],
        "sections": [
          {
            "name": "E-Tank",
            "capture_item": true,
            "access_rules": [
				"@POE Translator Gate, darkbeam, bomb, supermissile, gravity",
				"@IS Translator Gate, bomb, spacejump, boostball, seeker, supermissile, gravity, darkbeam",
				"@GFMC Translator Gate, boostball, seeker, lightbeam, spacejump, bomb, powerbomb, supermissile, gravity, darkbeam"
			],
            "item_count": 1
          }
        ]
      }
    ]
  }
]