[
	{
		"name": "Distribution Center",
		"color": "#d83890",
		"chest_unopened_img": "images/items/unopened.png",
		"chest_opened_img": "images/items/opened.png",
		"access_rules": [
			"classicp, bomb",
			"classicp, powerbomb",
			"classicp, screw",
			"classics, bomb",
			"classics, powerbomb",
			"classics, screw",
			"split",
			"am2random"
		],
		"children": [
			{
				"name": "Distribution Center Exterior",
				"sections": [
					{
						"name": "Missile Expansion",
						"access_rules": [
							"{spacejump}",
							"speed, gravity, powerbomb",
							"speed, gravity, supermissile, ice",
							"speed, gravity, supermissile, bomb",
							"speed, gravity, screw"
						],
						"item_count": 1
					}
				],
				"map_locations": [
					{
						"map": "distributioncenter",
						"x": 120,
						"y": 220
					},
					{
						"map": "sr388",
						"x": 1275,
						"y": 1050
					}
				]
			},
			{
				"name": "Distirbution Center Depths",
				"sections": [
					{
						"name": "Missile Expansion",
						"access_rules": [
							"speed, gravity, powerbomb",
							"speed, gravity, supermissile, ice",
							"speed, gravity, supermissile, bomb",
							"speed, gravity, screw"
						],
						"item_count": 1
					}
				],
				"map_locations": [
					{
						"map": "distributioncenter",
						"x": 312,
						"y": 442
					},
					{
						"map": "sr388",
						"x": 1425,
						"y": 1225
					}
				]
			},
			{
				"name": "Distirbution Center Depths",
				"sections": [
					{
						"name": "Missile Expansion",
						"access_rules": [
							"speed, gravity, powerbomb",
							"powerbomb, ice",
							"speed, gravity, supermissile, bomb",
							"supermissile, ice",
							"speed, gravity, screw",
							"screw, ice"
						],
						"item_count": 1
					}
				],
				"map_locations": [
					{
						"map": "distributioncenter",
						"x": 504,
						"y": 538
					},
					{
						"map": "sr388",
						"x": 1575,
						"y": 1300
					}
				]
			},
			{
				"name": "Distirbution Center Depths",
				"sections": [
					{
						"name": "Super Missile Expansion",
						"access_rules": [
							"speed, gravity, powerbomb",
							"speed, gravity, supermissile, ice",
							"speed, gravity, supermissile, bomb",
							"speed, gravity, screw"
						],
						"item_count": 1
					}
				],
				"map_locations": [
					{
						"map": "distributioncenter",
						"x": 568,
						"y": 506
					},
					{
						"map": "sr388",
						"x": 1625,
						"y": 1275
					}
				]
			},
			{
				"name": "Distirbution Center Depths",
				"sections": [
					{
						"name": "E-Tank",
						"access_rules": [
							"speed, spacejump, powerbomb, gravity"
						],
						"item_count": 1
					}
				],
				"map_locations": [
					{
						"map": "distributioncenter",
						"x": 696,
						"y": 538
					},
					{
						"map": "sr388",
						"x": 1725,
						"y": 1300
					}
				]
			},
			{
				"name": "Screw Attack Room",
				"sections": [
					{
						"name": "Screw Attack",
						"access_rules": [
							"powerbomb",
							"supermissile, bomb",
							"screw, bomb"
						],
						"item_count": 1
					}
				],
				"map_locations": [
					{
						"map": "distributioncenter",
						"x": 760,
						"y": 282
					},
					{
						"map": "sr388",
						"x": 1775,
						"y": 1100
					}
				]
			},
			{
				"name": "Ice Beam Room",
				"sections": [
					{
						"name": "Ice Beam",
						"access_rules": [
							"powerbomb, ice",
							"supermissile, ice",
							"screw, ice"
						],
						"item_count": 1
					}
				],
				"map_locations": [
					{
						"map": "distributioncenter",
						"x": 504,
						"y": 314
					},
					{
						"map": "sr388",
						"x": 1575,
						"y": 1125
					}
				]
			},
			{
				"name": "Central Unit",
				"sections": [
					{
						"name": "Activate EMP",
						"access_rules": [
							"powerbomb",
							"screw, bomb",
							"supermissile, bomb"
						],
						"hosted_item": "emp"
					}
				],
				"map_locations": [
					{
						"map": "distributioncenter",
						"x": 280,
						"y": 240
					},
					{
						"map": "sr388",
						"x": 1400,
						"y": 1075
					}
				]
			},
			{
				"name": "Distribution Center Interior",
				"sections": [
					{
						"name": "Super Missile Expansion",
						"access_rules": [
							"powerbomb, screw",
							"bomb, screw"
						],
						"item_count": 1
					}
				],
				"map_locations": [
					{
						"map": "distributioncenter",
						"x": 440,
						"y": 218
					},
					{
						"map": "sr388",
						"x": 1525,
						"y": 1050
					}
				]
			},
			{
				"name": "Distribution Center Interior",
				"sections": [
					{
						"name": "Power Bomb Expansion",
						"access_rules": [
							"powerbomb, speed, bomb",
							"powerbomb, speed, highjump",
							"powerbomb, speed, spacejump",
							"powerbomb, speed, screw",
							"powerbomb, speed, ice"
						],
						"item_count": 1
					}
				],
				"map_locations": [
					{
						"map": "distributioncenter",
						"x": 344,
						"y": 240
					},
					{
						"map": "sr388",
						"x": 1450,
						"y": 1075
					}
				]
			},
			{
				"name": "Gravity Chamber",
				"sections": [
					{
						"name": "Missile Expansion",
						"access_rules": [
							"supermissile, gravity, bomb, []",
							"supermissile, gravity, bomb, spacejump",
							"powerbomb"
						],
						"item_count": 1
					}
				],
				"map_locations": [
					{
						"map": "distributioncenter",
						"x": 664,
						"y": 90
					},
					{
						"map": "sr388",
						"x": 1700,
						"y": 950
					}
				]
			},
			{
				"name": "Gravity Chamber",
				"sections": [
					{
						"name": "Gravity Suit",
						"access_rules": [
							"supermissile, gravity, bomb, []",
							"supermissile, bomb, spacejump",
							"supermissile, bomb, highjump",
							"powerbomb:2"
						],
						"item_count": 1
					}
				],
				"map_locations": [
					{
						"map": "distributioncenter",
						"x": 632,
						"y": 122
					},
					{
						"map": "sr388",
						"x": 1675,
						"y": 975
					}
				]
			},
			{
				"name": "Distribution Center Exterior",
				"sections": [
					{
						"name": "Power Bomb Expansion",
						"access_rules": [
							"powerbomb, gravity, spacejump"
						],
						"item_count": 1
					}
				],
				"map_locations": [
					{
						"map": "distributioncenter",
						"x": 728,
						"y": 218
					},
					{
						"map": "sr388",
						"x": 1750,
						"y": 1050
					}
				]
			},
			{
				"name": "Distirbution Center Depths",
				"sections": [
					{
						"name": "Missile Expansion",
						"access_rules": [
							"supermissile, bomb",
							"screw, ice, bomb",
							"screw, gravity, speed, bomb",
							"powerbomb, ice",
							"powerbomb, supermissile",
							"powerbomb, gravity, speed"
						],
						"item_count": 1
					}
				],
				"map_locations": [
					{
						"map": "distributioncenter",
						"x": 600,
						"y": 442
					},
					{
						"map": "sr388",
						"x": 1625,
						"y": 1225
					}
				]
			},
			{
				"name": "Distribution Center Interior",
				"sections": [
					{
						"name": "Zeta Metroid",
						"access_rules": [
							"screw, bomb",
							"supermissile, bomb",
							"powerbomb"
						],
						"item_count": 1
					}
				],
				"map_locations": [
					{
						"map": "distributioncenter",
						"x": 472,
						"y": 346
					},
					{
						"map": "sr388",
						"x": 1550,
						"y": 1150
					}
				]
			},
			{
				"name": "Distribution Center Interior",
				"sections": [
					{
						"name": "Alpha Metroids",
						"access_rules": [
							"powerbomb",
							"supermissile, bomb",
							"supermissile, ice",
							"supermissile, speed, gravity",
							"screw, bomb",
							"screw, ice",
							"screw, speed, gravity"
						],
						"item_count": 5
					}
				],
				"map_locations": [
					{
						"map": "distributioncenter",
						"x": 584,
						"y": 298
					},
					{
						"map": "sr388",
						"x": 1638,
						"y": 1112
					}
				]
			},
			{
				"name": "Distirbution Center Depths",
				"sections": [
					{
						"name": "Beta Metroids",
						"access_rules": [
							"powerbomb",
							"supermissile, bomb",
							"supermissile, ice",
							"supermissile, speed, gravity",
							"screw, bomb",
							"screw, ice",
							"screw, speed, gravity"
						],
						"item_count": 2
					}
				],
				"map_locations": [
					{
						"map": "distributioncenter",
						"x": 696,
						"y": 378
					},
					{
						"map": "sr388",
						"x": 1725,
						"y": 1175
					}
				]
			}
		]
	}
]