[
	{
		"name": "Golden Temple",
		"color": "#d83890",
		"chest_unopened_img": "images/items/unopened.png",
		"chest_opened_img": "images/items/opened.png",
		"children": [
			{
				"name": "Bomb Room",
				"sections": [
					{
						"name": "Bombs",
						"item_count": 1
					},
					{
						"name": "Missile Expansion",
						"access_rules": [
							"{}",
							"bomb",
							"powerbomb"
						],
						"item_count": 1
					}
				],
				"map_locations": [
					{
						"map": "goldentemple",
						"x": 260,
						"y": 205
					},
					{
						"map": "sr388",
						"x": 1400,
						"y": 325
					}
				]
			},
			{
				"name": "Charge Beam Room",
				"sections": [
					{
						"name": "Charge Beam",
						"item_count": 1
					}
				],
				"map_locations": [
					{
						"map": "goldentemple",
						"x": 385,
						"y": 235
					},
					{
						"map": "sr388",
						"x": 1500,
						"y": 350
					}
				]
			},
			{
				"name": "Spider Ball Shaft",
				"sections": [
					{
						"name": "Spider Ball",
						"item_count": 1
					}
				],
				"map_locations": [
					{
						"map": "goldentemple",
						"x": 594,
						"y": 205
					},
					{
						"map": "sr388",
						"x": 1675,
						"y": 325
					}
				]
			},
			{
				"name": "Quad Missile Room",
				"sections": [
					{
						"name": "Missile Expansion",
						"item_count": 1
					},
					{
						"name": "Missile Expansion",
						"item_count": 1
					},
					{
						"name": "Missile Expansion",
						"item_count": 1
					},
					{
						"name": "Missile Expansion",
						"access_rules": [
							"{}",
							"bomb",
							"powerbomb"
						],
						"item_count": 1
					},
				],
				"map_locations": [
					{
						"map": "goldentemple",
						"x": 531,
						"y": 205
					},
					{
						"map": "sr388",
						"x": 1625,
						"y": 325
					}
				]
			},
			{
				"name": "Twin Chozo Altar",
				"sections": [
					{
						"name": "Missile Expansion",
						"item_count": 1
					},
					{
						"name": "Missile Expansion",
						"item_count": 1
					},
					{
						"name": "E-Tank",
						"item_count": 1
					},
				],
				"map_locations": [
					{
						"map": "goldentemple",
						"x": 416,
						"y": 115
					},
					{
						"map": "sr388",
						"x": 1525,
						"y": 250
					}
				]
			},
			{
				"name": "Golden Temple Exterior",
				"sections": [
					{
						"name": "Missile Expansion",
						"access_rules": [
							"spider",
							"bomb",
							"spacejump",
							"speed"
						],
						"item_count": 1
					}
				],
				"map_locations": [
					{
						"map": "goldentemple",
						"x": 447,
						"y": 25
					},
					{
						"map": "sr388",
						"x": 1550,
						"y": 175
					}
				]
			},
			{
				"name": "Pyramid",
				"sections": [
					{
						"name": "E-Tank",
						"access_rules": [
							"bomb",
							"powerbomb"
						],
						"item_count": 1
					}
				],
				"map_locations": [
					{
						"map": "goldentemple",
						"x": 447,
						"y": 175
					},
					{
						"map": "sr388",
						"x": 1550,
						"y": 300
					}
				]
			},
			{
				"name": "Ancient Guardian",
				"sections": [
					{
						"name": "Missile Expansion",
						"access_rules": [
							"bomb",
							"[highjump, powerbomb]",
							"spacejump, powerbomb"
						],
						"item_count": 1
					},
					{
						"name": "Power Bomb Expansion",
						"access_rules": [
							"bomb",
							"[highjump, powerbomb:2]",
							"spacejump, powerbomb:2"
						],
						"item_count": 1
					}
				],
				"map_locations": [
					{
						"map": "goldentemple",
						"x": 41,
						"y": 145
					},
					{
						"map": "sr388",
						"x": 1225,
						"y": 275
					}
				]
			},
			{
				"name": "Speed Mastery Room",
				"sections": [
					{
						"name": "Super Missile Expansion",
						"access_rules": [
							"bomb, spring, screw, speed, supermissile, emp",
							"powerbomb, spring, screw, speed, supermissile, emp"
						],
						"item_count": 1
					}
				],
				"map_locations": [
					{
						"map": "goldentemple",
						"x": 500,
						"y": 295
					},
					{
						"map": "sr388",
						"x": 1600,
						"y": 400
					}
				]
			},
			{
				"name": "Breeding Grounds",
				"sections": [
					{
						"name": "Alpha Metroid",
						"access_rules": [
							"bomb",
							"powerbomb"
						],
						"item_count": 1
					}
				],
				"map_locations": [
					{
						"map": "goldentemple",
						"x": 416,
						"y": 265
					},
					{
						"map": "sr388",
						"x": 1525,
						"y": 375
					}
				]
			},
			{
				"name": "Breeding Grounds",
				"sections": [
					{
						"name": "Alpha Metroid",
						"access_rules": [
							"bomb",
							"powerbomb"
						],
						"item_count": 1
					}
				],
				"map_locations": [
					{
						"map": "goldentemple",
						"x": 322,
						"y": 295
					},
					{
						"map": "sr388",
						"x": 1450,
						"y": 400
					}
				]
			},
			{
				"name": "Breeding Grounds",
				"sections": [
					{
						"name": "Alpha Metroid",
						"access_rules": [
							"bomb",
							"powerbomb"
						],
						"item_count": 1
					}
				],
				"map_locations": [
					{
						"map": "goldentemple",
						"x": 135,
						"y": 295
					},
					{
						"map": "sr388",
						"x": 1300,
						"y": 400
					}
				]
			},
			{
				"name": "Golden Temple Exterior",
				"sections": [
					{
						"name": "Alpha Metroid",
						"access_rules": [
							"bomb",
							"spider",
							"speed",
							"highjump, []",
							"spacejump"
						],
						"item_count": 1
					}
				],
				"map_locations": [
					{
						"map": "goldentemple",
						"x": 594,
						"y": 85
					},
					{
						"map": "sr388",
						"x": 1675,
						"y": 225
					}
				]
			}
		]
	}
]