[
	{
		"name": "Hydro Station",
		"color": "#d83890",
		"chest_unopened_img": "images/items/unopened.png",
		"chest_opened_img": "images/items/opened.png",
		"access_rules": [
			"classicp, bomb",
			"classicp, powerbomb",
			"classicp, screw",
			"classics, bomb",
			"classics, powerbomb",
			"classics, screw",
			"split",
			"am2random"
		],
		"children": [
			{
				"name": "Filter Room",
				"sections": [
					{
						"name": "Missile Expansion",
						"item_count": 1
					}
				],
				"map_locations": [
					{
						"map": "hydrostation",
						"x": 600,
						"y": 129
					},
					{
						"map": "sr388",
						"x": 875,
						"y": 475
					}
				]
			},
			{
				"name": "Hydro Station Exterior",
				"sections": [
					{
						"name": "Missile Expansion",
						"access_rules": [
							"[]",
							"bomb",
							"highjump, []",
							"spacejump",
							"speed",
							"spider"
						],
						"item_count": 1
					}
				],
				"map_locations": [
					{
						"map": "hydrostation",
						"x": 666,
						"y": 96
					},
					{
						"map": "sr388",
						"x": 925,
						"y": 450
					}
				]
			},
			{
				"name": "Arachnus",
				"sections": [
					{
						"name": "Spring Ball",
						"access_rules": [
							"bomb",
							"powerbomb:4"
						],
						"item_count": 1
					}
				],
				"map_locations": [
					{
						"map": "hydrostation",
						"x": 534,
						"y": 96
					},
					{
						"map": "sr388",
						"x": 825,
						"y": 450
					}
				]
			},
			{
				"name": "Varia Suit Room",
				"sections": [
					{
						"name": "Varia Suit",
						"access_rules": [
							"bomb",
							"powerbomb:2"
						],
						"item_count": 1
					}
				],
				"map_locations": [
					{
						"map": "hydrostation",
						"x": 468,
						"y": 162
					},
					{
						"map": "sr388",
						"x": 775,
						"y": 500
					}
				]
			},
			{
				"name": "Wave Beam Room",
				"sections": [
					{
						"name": "Wave Beam",
						"access_rules": [
							"bomb",
							"powerbomb:2"
						],
						"item_count": 1
					}
				],
				"map_locations": [
					{
						"map": "hydrostation",
						"x": 501,
						"y": 228
					},
					{
						"map": "sr388",
						"x": 800,
						"y": 550
					}
				]
			},
			{
				"name": "Filter Room",
				"sections": [
					{
						"name": "Missile Expansion",
						"access_rules": [
							"bomb",
							"{powerbomb}",
							"powerbomb:2"
						],
						"item_count": 1
					}
				],
				"map_locations": [
					{
						"map": "hydrostation",
						"x": 600,
						"y": 162
					},
					{
						"map": "sr388",
						"x": 875,
						"y": 500
					}
				]
			},
			{
				"name": "Alpha Metroid Room",
				"sections": [
					{
						"name": "Missile Expansion",
						"access_rules": [
							"[]",
							"bomb",
							"spider",
							"spacejump",
							"highjump",
							"gravity, speed"
						],
						"item_count": 1
					},
					{
						"name": "Alpha Metroid",
						"item_count": 1
					}
				],
				"map_locations": [
					{
						"map": "hydrostation",
						"x": 534,
						"y": 261
					},
					{
						"map": "sr388",
						"x": 825,
						"y": 575
					}
				]
			},
			{
				"name": "Drain Tunnel",
				"sections": [
					{
						"name": "Missile Expansion",
						"access_rules": [
							"bomb",
							"powerbomb"
						],
						"item_count": 1
					}
				],
				"map_locations": [
					{
						"map": "hydrostation",
						"x": 468,
						"y": 228
					},
					{
						"map": "sr388",
						"x": 775,
						"y": 550
					}
				]
			},
			{
				"name": "High Jump Room",
				"sections": [
					{
						"name": "High Jump Boots",
						"access_rules": [
							"bomb",
							"powerbomb",
							"screw"
						],
						"item_count": 1
					}
				],
				"map_locations": [
					{
						"map": "hydrostation",
						"x": 666,
						"y": 327
					},
					{
						"map": "sr388",
						"x": 925,
						"y": 625
					}
				]
			},
			{
				"name": "Behind High Jump Room",
				"sections": [
					{
						"name": "Missile Expansion",
						"access_rules": [
							"bomb",
							"{powerbomb}",
							"powerbomb, spider",
							"powerbomb, spacejump",
							"powerbomb, highjump"
						],
						"item_count": 1
					},
					{
						"name": "E-Tank",
						"access_rules": [
							"bomb",
							"powerbomb"
						],
						"item_count": 1
					}
				],
				"map_locations": [
					{
						"map": "hydrostation",
						"x": 600,
						"y": 327
					},
					{
						"map": "sr388",
						"x": 875,
						"y": 625
					}
				]
			},
			{
				"name": "Below Tower Transport",
				"sections": [
					{
						"name": "Missile Expansion",
						"access_rules": [
							"bomb",
							"{powerbomb}",
							"powerbomb:2"
						],
						"item_count": 1
					},
					{
						"name": "Missile Expansion",
						"access_rules": [
							"bomb",
							"{powerbomb}",
							"powerbomb, spider",
							"powerbomb, highjump",
							"powerbomb, spacejump"
						],
						"item_count": 1
					}
				],
				"map_locations": [
					{
						"map": "hydrostation",
						"x": 600,
						"y": 294
					},
					{
						"map": "sr388",
						"x": 875,
						"y": 600
					}
				]
			},
			{
				"name": "Behind High Jump Room",
				"sections": [
					{
						"name": "Missile Expansion",
						"access_rules": [
							"bomb",
							"powerbomb"
						],
						"item_count": 1
					}
				],
				"map_locations": [
					{
						"map": "hydrostation",
						"x": 567,
						"y": 327
					},
					{
						"map": "sr388",
						"x": 850,
						"y": 625
					}
				]
			},
			{
				"name": "Tendril Cave",
				"sections": [
					{
						"name": "E-Tank",
						"access_rules": [
							"bomb",
							"powerbomb, []",
							"powerbomb, highjump",
							"powerbomb, spacejump"
						],
						"item_count": 1
					}
				],
				"map_locations": [
					{
						"map": "hydrostation",
						"x": 237,
						"y": 327
					},
					{
						"map": "sr388",
						"x": 600,
						"y": 625
					}
				]
			},
			{
				"name": "Tendril Cave",
				"sections": [
					{
						"name": "Missile Expansion",
						"access_rules": [
							"speed, []",
							"speed, bomb",
							"speed, highjump",
							"speed, spacejump"
						],
						"item_count": 1
					},
					{
						"name": "Power Bomb Expansion",
						"access_rules": [
							"powerbomb, speed, []",
							"powerbomb, speed, bomb",
							"powerbomb, speed, highjump",
							"powerbomb, speed, spacejump",
							"powerbomb, screw, []",
							"powerbomb, screw, bomb",
							"powerbomb, screw, highjump",
							"powerbomb, screw, spacejump",
						],
						"item_count": 1
					}
				],
				"map_locations": [
					{
						"map": "hydrostation",
						"x": 87,
						"y": 228
					},
					{
						"map": "sr388",
						"x": 488,
						"y": 550
					}
				]
			},
			{
				"name": "Tendril Cave",
				"sections": [
					{
						"name": "Super Missile Expansion",
						"access_rules": [
							"{spider, emp}",
							"{bomb, emp}",
							"{powerbomb, emp}",
							"[pider, supermissile, speed, emp",
							"spider, supermissile, speed, highjump, emp",
							"spider, supermissile, speed, spacejump, emp",
							"bomb, supermissile, speed, emp",
							"powerbomb, supermissile, speed, emp",
							"powerbomb, supermissile, speed, highjump, emp",
							"powerbomb, supermissile, speed, spacejump, emp"
						],
						"item_count": 1
					}
				],
				"map_locations": [
					{
						"map": "hydrostation",
						"x": 237,
						"y": 195
					},
					{
						"map": "sr388",
						"x": 600,
						"y": 525
					}
				]
			},
			{
				"name": "Hydro Station Entrance",
				"sections": [
					{
						"name": "Alpha Metroid",
						"item_count": 1
					}
				],
				"map_locations": [
					{
						"map": "hydrostation",
						"x": 798,
						"y": 195
					},
					{
						"map": "sr388",
						"x": 1025,
						"y": 525
					}
				]
			},
			{
				"name": "Filter Room",
				"sections": [
					{
						"name": "Alpha Metroid",
						"item_count": 1
					}
				],
				"map_locations": [
					{
						"map": "hydrostation",
						"x": 567,
						"y": 129
					},
					{
						"map": "sr388",
						"x": 850,
						"y": 475
					}
				]
			},
			{
				"name": "Hydro Station Exterior",
				"sections": [
					{
						"name": "Alpha Metroid",
						"access_rules": [
							"bomb",
							"spacejump",
							"highjump",
							"speed",
							"spider"
						],
						"item_count": 1
					}
				],
				"map_locations": [
					{
						"map": "hydrostation",
						"x": 399,
						"y": 63
					},
					{
						"map": "sr388",
						"x": 725,
						"y": 425
					}
				]
			},
			{
				"name": "Tendril Cave",
				"sections": [
					{
						"name": "Alpha Metroid",
						"access_rules": [
							"[]",
							"bomb",
							"spacejump",
							"highjump"
						],
						"item_count": 1
					}
				],
				"map_locations": [
					{
						"map": "hydrostation",
						"x": 402,
						"y": 294
					},
					{
						"map": "sr388",
						"x": 725,
						"y": 600
					}
				]
			},
			{
				"name": "Tendril Cave",
				"sections": [
					{
						"name": "Alpha Metroid",
						"access_rules": [
							"[]",
							"bomb",
							"spacejump",
							"highjump"
						],
						"item_count": 1
					}
				],
				"map_locations": [
					{
						"map": "hydrostation",
						"x": 402,
						"y": 360
					},
					{
						"map": "sr388",
						"x": 725,
						"y": 650
					}
				]
			},
			{
				"name": "Tendril Cave",
				"sections": [
					{
						"name": "Alpha Metroid",
						"access_rules": [
							"[]",
							"bomb",
							"spacejump",
							"highjump"
						],
						"item_count": 1
					}
				],
				"map_locations": [
					{
						"map": "hydrostation",
						"x": 37,
						"y": 294
					},
					{
						"map": "sr388",
						"x": 450,
						"y": 600
					}
				]
			},
			{
				"name": "Tendril Cave",
				"sections": [
					{
						"name": "Gamma Metroid",
						"access_rules": [
							"[]",
							"bomb",
							"spacejump",
							"highjump"
						],
						"item_count": 1
					}
				],
				"map_locations": [
					{
						"map": "hydrostation",
						"x": 237,
						"y": 393
					},
					{
						"map": "sr388",
						"x": 600,
						"y": 675
					}
				]
			}
		]
	}
]