[
	{
		"name": "Industrial Complex",
		"color": "#d83890",
		"chest_unopened_img": "images/items/unopened.png",
		"chest_opened_img": "images/items/opened.png",
		"access_rules": [
			"classicp, bomb",
			"classicp, powerbomb",
			"classicp, screw",
			"classics, bomb",
			"classics, powerbomb",
			"classics, screw",
			"split",
			"am2random"
		],
		"children": [
			{
				"name": "Complex Entrance",
				"sections": [
					{
						"name": "Missile Expansion",
						"item_count": 1
					}
				],
				"map_locations": [
					{
						"map": "industrialcomplex",
						"x": 95,
						"y": 195
					},
					{
						"map": "sr388",
						"x": 1250,
						"y": 575
					}
				]
			},
			{
				"name": "Industrial Complex Exterior",
				"sections": [
					{
						"name": "Missile Expansion",
						"item_count": 1
					}
				],
				"map_locations": [
					{
						"map": "industrialcomplex",
						"x": 305,
						"y": 230
					},
					{
						"map": "sr388",
						"x": 1400,
						"y": 600
					}
				]
			},
			{
				"name": "Complex Entrance",
				"sections": [
					{
						"name": "Power Bomb Expansion",
						"access_rules": [
							"powerbomb, supermissile, emp"
						],
						"item_count": 1
					}
				],
				"map_locations": [
					{
						"map": "industrialcomplex",
						"x": 25,
						"y": 195
					},
					{
						"map": "sr388",
						"x": 1200,
						"y": 575
					}
				]
			},
			{
				"name": "Torizo",
				"sections": [
					{
						"name": "Space Jump",
						"item_count": 1
					}
				],
				"map_locations": [
					{
						"map": "industrialcomplex",
						"x": 410,
						"y": 195
					},
					{
						"map": "sr388",
						"x": 1475,
						"y": 575
					}
				]
			},
			{
				"name": "Upper Save Room",
				"sections": [
					{
						"name": "Missile Expansion",
						"item_count": 1
					}
				],
				"map_locations": [
					{
						"map": "industrialcomplex",
						"x": 540,
						"y": 125
					},
					{
						"map": "sr388",
						"x": 1575,
						"y": 525
					}
				]
			},
			{
				"name": "Upper Save Room",
				"sections": [
					{
						"name": "E-Tank",
						"item_count": 1
					}
				],
				"map_locations": [
					{
						"map": "industrialcomplex",
						"x": 540,
						"y": 160
					},
					{
						"map": "sr388",
						"x": 1575,
						"y": 550
					}
				]
			},
			{
				"name": "Industrial Complex Exterior",
				"sections": [
					{
						"name": "Missile Expansion",
						"access_rules": [
							"bomb",
							"powerbomb, speed",
							"powerbomb, spider",
							"powerbomb, spacejump",
							"{}"
						],
						"item_count": 1
					}
				],
				"map_locations": [
					{
						"map": "industrialcomplex",
						"x": 575,
						"y": 160
					},
					{
						"map": "sr388",
						"x": 1600,
						"y": 550
					}
				]
			},
			{
				"name": "Industrial Complex Exterior",
				"sections": [
					{
						"name": "Power Bomb Expansion",
						"access_rules": [
							"supermissile, powerbomb, speed"
						],
						"item_count": 1
					}
				],
				"map_locations": [
					{
						"map": "industrialcomplex",
						"x": 645,
						"y": 55
					},
					{
						"map": "sr388",
						"x": 1650,
						"y": 475
					}
				]
			},
			{
				"name": "Beta Metroid Room",
				"sections": [
					{
						"name": "Missile Expansion",
						"access_rules": [
							"speed"
						],
						"item_count": 1
					},
					{
						"name": "Beta Metroid",
						"item_count": 1
					}
				],
				"map_locations": [
					{
						"map": "industrialcomplex",
						"x": 540,
						"y": 230
					},
					{
						"map": "sr388",
						"x": 1575,
						"y": 600
					}
				]
			},
			{
				"name": "Speed Booster Room",
				"sections": [
					{
						"name": "Speed Booster",
						"access_rules": [
							"bomb",
							"speed",
							"powerbomb"
						],
						"item_count": 1
					}
				],
				"map_locations": [
					{
						"map": "industrialcomplex",
						"x": 375,
						"y": 300
					},
					{
						"map": "sr388",
						"x": 1450,
						"y": 650
					}
				]
			},
			{
				"name": "Alpha Metroid Room",
				"access_rules":[
					"speed, bomb",
					"speed, powerbomb"
				],
				"sections": [
					{
						"name": "E-tank",
						"item_count": 1
					},
					{
						"name": "Alpha Metroid",
						"item_count": 1
					}
				],
				"map_locations": [
					{
						"map": "industrialcomplex",
						"x": 610,
						"y": 265
					},
					{
						"map": "sr388",
						"x": 1625,
						"y": 625
					}
				]
			},
			{
				"name": "Spazer Beam Room",
				"sections": [
					{
						"name": "Spazer Beam",
						"item_count": 1
					}
				],
				"map_locations": [
					{
						"map": "industrialcomplex",
						"x": 340,
						"y": 230
					},
					{
						"map": "sr388",
						"x": 1425,
						"y": 600
					}
				]
			},
			{
				"name": "Industrial Complex Interior",
				"sections": [
					{
						"name": "Missile Expansion",
						"access_rules": [
							"speed"
						],
						"item_count": 1
					}
				],
				"map_locations": [
					{
						"map": "industrialcomplex",
						"x": 785,
						"y": 300
					},
					{
						"map": "sr388",
						"x": 1750,
						"y": 650
					}
				]
			},
			{
				"name": "Industrial Complex Interior",
				"sections": [
					{
						"name": "Missile Expansion",
						"access_rules": [
							"speed, bomb",
							"speed, powerbomb:2"
						],
						"item_count": 1
					}
				],
				"map_locations": [
					{
						"map": "industrialcomplex",
						"x": 785,
						"y": 335
					},
					{
						"map": "sr388",
						"x": 1750,
						"y": 675
					}
				]
			},
			{
				"name": "Industrial Complex Interior",
				"sections": [
					{
						"name": "Super Missile Expansion",
						"access_rules": [
							"speed, supermissile, bomb",
							"speed, supermissile, powerbomb:2"
						],
						"item_count": 1
					}
				],
				"map_locations": [
					{
						"map": "industrialcomplex",
						"x": 750,
						"y": 370
					},
					{
						"map": "sr388",
						"x": 1725,
						"y": 700
					}
				]
			},
			{
				"name": "Industrial Complex Interior",
				"sections": [
					{
						"name": "Super Missile",
						"access_rules": [
							"speed, bomb",
							"speed, powerbomb:2"
						],
						"item_count": 1
					}
				],
				"map_locations": [
					{
						"map": "industrialcomplex",
						"x": 785,
						"y": 510
					},
					{
						"map": "sr388",
						"x": 1750,
						"y": 800
					}
				]
			},
			{
				"name": "Overgrown Caverns",
				"sections": [
					{
						"name": "Super Missile Expansion",
						"access_rules": [
							"speed, bomb, supermissile",
							"speed, powerbomb, supermissile, highjump",
							"speed, powerbomb, supermissile, spacejump",
							"speed, powerbomb, supermissile, spider",
							"{bomb, supermissile}",
							"{powerbomb, supermissile, highjump}",
							"{powerbomb, supermissile, spacejump}",
							"{powerbomb, supermissile, spider}"
						],
						"item_count": 1
					}
				],
				"map_locations": [
					{
						"map": "industrialcomplex",
						"x": 445,
						"y": 370
					},
					{
						"map": "sr388",
						"x": 1500,
						"y": 700
					}
				]
			},
			{
				"name": "Industrial Complex Exterior",
				"sections": [
					{
						"name": "Beta Metroid",
						"access_rules": [
							"speed",
							"bomb",
							"spider",
							"spacejump",
							"highjump"
						],
						"item_count": 1
					}
				],
				"map_locations": [
					{
						"map": "industrialcomplex",
						"x": 820,
						"y": 230
					},
					{
						"map": "sr388",
						"x": 1775,
						"y": 600
					}
				]
			},
			{
				"name": "Industrial Complex Interior",
				"sections": [
					{
						"name": "Beta Metroid",
						"access_rules": [
							"speed, bomb",
							"speed, powerbomb:2"
						],
						"item_count": 1
					}
				],
				"map_locations": [
					{
						"map": "industrialcomplex",
						"x": 820,
						"y": 475
					},
					{
						"map": "sr388",
						"x": 1775,
						"y": 775
					}
				]
			},
			{
				"name": "Overgrown Caverns",
				"sections": [
					{
						"name": "Beta Metroid",
						"access_rules": [
							"supermissile",
							"speed, bomb"
						],
						"item_count": 1
					}
				],
				"map_locations": [
					{
						"map": "industrialcomplex",
						"x": 165,
						"y": 335
					},
					{
						"map": "sr388",
						"x": 1300,
						"y": 675
					}
				]
			},
			{
				"name": "Overgrown Caverns",
				"sections": [
					{
						"name": "Beta Metroid",
						"access_rules": [
							"supermissile",
							"speed, bomb"
						],
						"item_count": 1
					}
				],
				"map_locations": [
					{
						"map": "industrialcomplex",
						"x": 305,
						"y": 370
					},
					{
						"map": "sr388",
						"x": 1400,
						"y": 700
					}
				]
			},
			{
				"name": "Overgrown Caverns",
				"sections": [
					{
						"name": "Alpha Metroid",
						"access_rules": [
							"supermissile, bomb",
							"supermissile, powerbomb",
							"speed, bomb"
						],
						"item_count": 1
					}
				],
				"map_locations": [
					{
						"map": "industrialcomplex",
						"x": 305,
						"y": 265
					},
					{
						"map": "sr388",
						"x": 1400,
						"y": 625
					}
				]
			},
			{
				"name": "Overgrown Caverns",
				"sections": [
					{
						"name": "Beta Metroid",
						"access_rules": [
							"supermissile, bomb",
							"supermissile, powerbomb:2",
							"speed, bomb"
						],
						"item_count": 1
					}
				],
				"map_locations": [
					{
						"map": "industrialcomplex",
						"x": 375,
						"y": 265
					},
					{
						"map": "sr388",
						"x": 1450,
						"y": 625
					}
				]
			},
			{
				"name": "Overgrown Caverns",
				"sections": [
					{
						"name": "Beta Metroid",
						"access_rules": [
							"supermissile, bomb",
							"supermissile, powerbomb",
							"speed, bomb"
						],
						"item_count": 1
					}
				],
				"map_locations": [
					{
						"map": "industrialcomplex",
						"x": 305,
						"y": 475
					},
					{
						"map": "sr388",
						"x": 1375,
						"y": 775
					}
				]
			},
			{
				"name": "Overgrown Caverns",
				"sections": [
					{
						"name": "Beta Metroid",
						"access_rules": [
							"supermissile, bomb",
							"supermissile, powerbomb, spider",
							"supermissile, powerbomb, highjump",
							"supermissile, powerbomb, spacejump",
							"speed, bomb"
						],
						"item_count": 1
					}
				],
				"map_locations": [
					{
						"map": "industrialcomplex",
						"x": 515,
						"y": 545
					},
					{
						"map": "sr388",
						"x": 1550,
						"y": 825
					}
				]
			}
		]
	}
]