[
	{
		"name": "SR388 - Near Ship",
		"color": "#d83890",
		"chest_unopened_img": "images/items/unopened.png",
		"chest_opened_img": "images/items/opened.png",
		"children": [
			{
				"name": "The Surface",
				"sections": [
					{
						"name": "Alpha Metroid",
						"item_count": 1
					}
				],
				"map_locations": [
					{
						"map": "sr388",
						"x": 525,
						"y": 375
					}
				]
			},
			{
				"name": "Golden Temple",
				"sections": [
					{
						"name": "Missile Expansion",
						"access_rules": [
							"bomb",
							"powerbomb:2"
						],
						"item_count": 1
					},
					{
						"name": "Missile Expansion",
						"access_rules": [
							"bomb",
							"spacejump",
							"{powerbomb:2, highjump}",
							"powerbomb:2, highjump, screw",
							"powerbomb:2, speed"
						],
						"item_count": 1
					}
				],
				"map_locations": [
					{
						"map": "sr388",
						"x": 1150,
						"y": 413
					}
				]
			}
		]
	},
	{
		"name": "SR388 - Path",
		"color": "#d83890",
		"chest_unopened_img": "images/items/unopened.png",
		"chest_opened_img": "images/items/opened.png",
		"access_rules": [
			"classicp, bomb",
			"classicp, powerbomb",
			"classicp, screw",
			"classics, bomb",
			"classics, powerbomb",
			"classics, screw",
			"split",
			"am2random"
		],
		"children": [
			{
				"name": "Hydro Station",
				"sections": [
					{
						"name": "Missile Expansion",
						"access_rules": [
							"bomb",
							"powerbomb:2, spacejump",
							"powerbomb:2, highjump"
						],
						"item_count": 1
					}
				],
				"map_locations": [
					{
						"map": "sr388",
						"x": 1225,
						"y": 500
					}
				]
			},
			{
				"name": "Industrial Complex",
				"sections": [
					{
						"name": "Missile Expansion",
						"item_count": 1
					}
				],
				"map_locations": [
					{
						"map": "sr388",
						"x": 1200,
						"y": 600
					}
				]
			},
			{
				"name": "GFS Thoth Elevator",
				"sections": [
					{
						"name": "Super Missile Expansion",
						"item_count": 1
					}
				],
				"map_locations": [
					{
						"map": "sr388",
						"x": 1100,
						"y": 600
					}
				]
			},
			{
				"name": "Mining Tunnel",
				"sections": [
					{
						"name": "Missile Expansion",
						"access_rules": [
							"{}",
							"speed"
						],
						"item_count": 1
					}
				],
				"map_locations": [
					{
						"map": "sr388",
						"x": 1075,
						"y": 725
					}
				]
			},
			{
				"name": "The Tower",
				"sections": [
					{
						"name": "Missile Expansion",
						"access_rules": [
							"speed"
						],
						"item_count": 1
					}
				],
				"map_locations": [
					{
						"map": "sr388",
						"x": 1100,
						"y": 1000
					}
				]
			},
			{
				"name": "GFS Thoth",
				"sections": [
					{
						"name": "E-Tank",
						"access_rules": [
							"powerbomb"
						],
						"item_count": 1
					}
				],
				"map_locations": [
					{
						"map": "gfsthoth",
						"x": 530,
						"y": 90
					},
					{
						"map": "sr388",
						"x": 1200,
						"y": 125
					}
				]
			},
			{
				"name": "GFS Thoth",
				"sections": [
					{
						"name": "Power Bomb Expansion",
						"access_rules": [
							"powerbomb"
						],
						"item_count": 1
					}
				],
				"map_locations": [
					{
						"map": "gfsthoth",
						"x": 20,
						"y": 90
					},
					{
						"map": "sr388",
						"x": 1400,
						"y": 100
					}
				]
			},
			{
				"name": "GFS Thoth",
				"sections": [
					{
						"name": "Power Bomb Expansion",
						"access_rules": [
							"powerbomb"
						],
						"item_count": 1
					}
				],
				"map_locations": [
					{
						"map": "gfsthoth",
						"x": 805,
						"y": 60
					},
					{
						"map": "sr388",
						"x": 800,
						"y": 125
					}
				]
			},
			{
				"name": "Path to Research Site",
				"sections": [
					{
						"name": "Missile Expansion",
						"access_rules": [
							"speed, spring, gravity, metroid:38"
						],
						"item_count": 1
					}
				],
				"map_locations": [
					{
						"map": "sr388",
						"x": 875,
						"y": 1300
					}
				]
			},
			{
				"name": "Path to Research Site",
				"sections": [
					{
						"name": "Missile Expansion",
						"access_rules": [
							"bomb, metroid:38",
							"powerbomb, metroid:38"
						],
						"item_count": 1
					}
				],
				"map_locations": [
					{
						"map": "sr388",
						"x": 700,
						"y": 1325
					}
				]
			},
			{
				"name": "Research Site",
				"sections": [
					{
						"name": "Super Missile Expansion",
						"access_rules": [
							"metroid:39, ice"
						],
						"item_count": 1
					}
				],
				"map_locations": [
					{
						"map": "sr388",
						"x": 675,
						"y": 1150
					}
				]
			},
			{
				"name": "GFS Thoth Elevator",
				"sections": [
					{
						"name": "Alpha Metroids",
						"item_count": 2
					}
				],
				"map_locations": [
					{
						"map": "sr388",
						"x": 1050,
						"y": 600
					}
				]
			},
			{
				"name": "Mining Tunnel",
				"sections": [
					{
						"name": "Alpha Metroid",
						"access_rules": [
							"[supermissile, bomb]",
							"[supermissile, powerbomb:2]",
							"supermissile, bomb, spacejump",
							"supermissile, powerbomb:2, spacejump",
							"supermissile, bomb, spider",
							"supermissile, powerbomb:2, spider",
							"supermissile, bomb, speed",
							"supermissile, powerbomb:2, speed"
						],
						"item_count": 1
					}
				],
				"map_locations": [
					{
						"map": "sr388",
						"x": 1200,
						"y": 925
					}
				]
			},
			{
				"name": "Mining Tunnel",
				"sections": [
					{
						"name": "Gamma Metroid",
						"access_rules": [
							"[supermissile, bomb]",
							"[supermissile, powerbomb:2]",
							"supermissile, bomb, spacejump",
							"supermissile, powerbomb:2, spacejump",
							"supermissile, bomb, spider",
							"supermissile, powerbomb:2, spider",
							"supermissile, bomb, speed",
							"supermissile, powerbomb:2, speed"
						],
						"item_count": 1
					}
				],
				"map_locations": [
					{
						"map": "sr388",
						"x": 1425,
						"y": 925
					}
				]
			},
			{
				"name": "Research Site",
				"sections": [
					{
						"name": "Alpha Metroid",
						"access_rules": [
							"metroid:38, ice"
						],
						"item_count": 1
					}
				],
				"map_locations": [
					{
						"map": "sr388",
						"x": 437,
						"y": 1225
					}
				]
			},
			{
				"name": "Research Site",
				"sections": [
					{
						"name": "Omega Metroid",
						"access_rules": [
							"metroid:39, ice"
						],
						"item_count": 1
					}
				],
				"map_locations": [
					{
						"map": "sr388",
						"x": 613,
						"y": 1150
					}
				]
			},
			{
				"name": "Metroid Nest",
				"sections": [
					{
						"name": "Omega Metroid",
						"access_rules": [
							"metroid:40, ice, bomb",
							"metroid:40, ice, powerbomb:2",
							"metroid:40, ice, supermissile, powerbomb"
						],
						"item_count": 1
					}
				],
				"map_locations": [
					{
						"map": "sr388",
						"x": 350,
						"y": 837
					}
				]
			},
			{
				"name": "Metroid Nest",
				"sections": [
					{
						"name": "Omega Metroid",
						"access_rules": [
							"metroid:40, ice, bomb",
							"metroid:40, ice, powerbomb:2",
							"metroid:40, ice, supermissile, powerbomb"
						],
						"item_count": 1
					}
				],
				"map_locations": [
					{
						"map": "sr388",
						"x": 650,
						"y": 762
					}
				]
			},
			{
				"name": "Metroid Nest",
				"sections": [
					{
						"name": "Omega Metroid",
						"access_rules": [
							"metroid:40, ice, bomb",
							"metroid:40, ice, powerbomb:2",
							"metroid:40, ice, supermissile, powerbomb"
						],
						"item_count": 1
					}
				],
				"map_locations": [
					{
						"map": "sr388",
						"x": 375,
						"y": 712
					}
				]
			},
			{
				"name": "Queen Metroid's Nest",
				"sections": [
					{
						"name": "Queen Metroid",
						"access_rules": [
							"[metroid:43, ice, bomb]",
							"metroid:43, ice, bomb, spacejump"
						],
						"item_count": 1
					}
				],
				"map_locations": [
					{
						"map": "sr388",
						"x": 200,
						"y": 500
					}
				]
			},
		]
	}
]