[ // Dark Torvus
  {
    "name": "From Agon - Ground Level",
	"color": "#559966",
	"access_rules": [ "violet, seeker, bomb, boostball, spacejump, supermissile, lightbeam" ],
	"children": [
      {
        "name": "Dark Torvus Temple",
        "map_locations": [
          {
            "map": "darktorvus",
            "x": 675,
            "y": 1277
          }
        ],
        "sections": [
          {
            "name": "Chykka",
            "capture_item": true,
            "access_rules": [
				"darkbeam, grapple",
				"annihilator, grapple" ],
            "item_count": 1
          }
        ]
      },
      {
        "name": "Dark Torvus Arena",
        "map_locations": [
          {
            "map": "darktorvus",
            "x": 1115,
            "y": 92
          }
        ],
        "sections": [
          {
            "name": "Boost Guardian",
            "capture_item": true,
            "access_rules": [
			    "emerald, darkbeam, darksuit",
				"emerald, darkbeam, lightsuit" ],
            "item_count": 1
          }
        ]
      },
      {
        "name": "Putrid Alcove",
        "map_locations": [
          {
            "map": "darktorvus",
            "x": 1380,
            "y": 1066
          }
        ],
        "sections": [
          {
            "name": "Power Bomb",
            "capture_item": true,
            "access_rules": [
			    "darkbeam, powerbomb",
				"annihilator, powerbomb" ],
            "item_count": 1
          }
        ]
      },
      {
        "name": "Cache B",
        "map_locations": [
          {
            "map": "darktorvus",
            "x": 473,
            "y": 1305
          }
        ],
        "sections": [
          {
            "name": "E-Tank",
            "capture_item": true,
            "access_rules": [
				"darkbeam",
				"annihilator" ],
            "item_count": 1
          }
        ]
      },
      {
        "name": "Cache A",
        "map_locations": [
          {
            "map": "darktorvus",
            "x": 1475,
            "y": 1289
          }
        ],
        "sections": [
          {
            "name": "Beam Ammo Expansion",
            "capture_item": true,
            "access_rules": [
			    "darkbeam",
				"annihilator" ],
            "item_count": 1
          }
        ]
      },
      {
        "name": "Dark Torvus Arena",
        "map_locations": [
          {
            "map": "darktorvus",
            "x": 1139,
            "y": 312
          }
        ],
        "sections": [
          {
            "name": "Dark Torvus Bog Temple Key 1",
            "capture_item": true,
            "access_rules": [ "emerald, darkbeam" ],
            "item_count": 1
          }
        ]
      },
      {
        "name": "Venomous Pond",
        "map_locations": [
          {
            "map": "darktorvus",
            "x": 1110,
            "y": 1276
          }
        ],
        "sections": [
          {
            "name": "Dark Torvus Bog Temple Key 3",
            "capture_item": true,
            "access_rules": [
			    "darkbeam, grapple",
				"annihilator, grapple",
				"darkbeam, screwattack",
				"annihilator, screwattack" ],
            "item_count": 1
          }
        ]
      },
      {
        "name": "Poisoned Bog",
        "map_locations": [
          {
            "map": "darktorvus",
            "x": 1580,
            "y": 1200
          }
        ],
        "sections": [
          {
            "name": "Sky Temple Key 3",
            "capture_item": true,
            "access_rules": [
			    "darkbeam, lightsuit, gravity, darkvisor",
				"lightsuit, annihilator, gravity, darkvisor" ],
            "item_count": 1
          }
        ]
      }
	]
  },
  {
    "name": "From Agon - Depths",
	"color": "#559966",
	"access_rules": [ "violet, seeker, bomb, boostball, spacejump, supermissile" ],
	"children": [
      {
        "name": "Undertemple Access",
        "map_locations": [
          {
            "map": "darktorvus",
            "x": 2341,
            "y": 916
          }
        ],
        "sections": [
          {
            "name": "Dark Torvus Bog Temple Key 2",
            "capture_item": true,
            "access_rules": [
				"emerald, powerbomb, lightbeam, darkbeam",
				"emerald, powerbomb, lightbeam, annihilator",
				"emerald, gravity, lightbeam, darkbeam",
				"emerald, gravity, lightbeam, annihilator" ],
            "item_count": 1
          }
        ]
      },
      {
        "name": "Dungeon",
        "map_locations": [
          {
            "map": "darktorvus",
            "x": 3158,
            "y": 1373
          }
        ],
        "sections": [
          {
            "name": "Sky Temple Key 4",
            "capture_item": true,
            "access_rules": [ "emerald, powerbomb, lightbeam, darkbeam, lightsuit, darkvisor" ],
            "item_count": 1
          }
        ]
      },
      {
        "name": "Sacrificial Chamber",
        "map_locations": [
          {
            "map": "darktorvus",
            "x": 2862,
            "y": 692
          }
        ],
        "sections": [
          {
            "name": "Grapple Guardian",
            "capture_item": true,
            "access_rules": [
			    "emerald, lightbeam, darkbeam",
			    "emerald, lightbeam, annihilator" ],
            "item_count": 1
          }
        ]
      },
      {
        "name": "Undertemple",
        "map_locations": [
          {
            "map": "darktorvus",
            "x": 2229,
            "y": 1226
          }
        ],
        "sections": [
          {
            "name": "Power Bomb Guardian",
            "capture_item": true,
            "access_rules": [
				"emerald, spider, lightbeam, darkbeam, gravity",
			    "emerald, spider, annihilator, gravity" ],
            "item_count": 1
          },
          {
            "name": "Missile",
            "capture_item": true,
            "access_rules": [
				"emerald, spider, lightbeam, darkbeam, gravity, screwattack",
				"emerald, spider, annihilator, gravity, screwattack" ],
            "item_count": 1
          }
        ]
      },
      {
        "name": "Undertransit One",
        "map_locations": [
          {
            "map": "darktorvus",
            "x": 2513,
            "y": 923
          }
        ],
        "sections": [
          {
            "name": "Missile",
            "capture_item": true,
            "access_rules": [
			    "emerald, lightbeam, darkbeam, powerbomb, spider",
			    "emerald, lightbeam, annihilator, powerbomb, spider" ],
            "item_count": 1
          }
        ]
      }
    ]
  },
  {
    "name": "Dark Torvus Bog",
    "color": "#dd6688",
	"access_rules": [ "amber, violet, missile, lightbeam, darkbeam, bomb, spacejump" ],
    "children": [
      {
        "name": "Dark Torvus Temple",
        "map_locations": [
          {
            "map": "darktorvus",
            "x": 675,
            "y": 1277
          }
        ],
        "sections": [
          {
            "name": "Chykka",
            "capture_item": true,
            "access_rules": [
			    "seeker, supermissile, grapple",
				"seeker, darksuit, powerbomb, grapple",
				"seeker, lightsuit, powerbomb, grapple",
			    "seeker, supermissile, screwattack",
				"seeker, darksuit, powerbomb, screwattack",
				"seeker, lightsuit, powerbomb, screwattack" ],
            "item_count": 1
          }
        ]
      },
      {
        "name": "Dark Torvus Arena",
        "map_locations": [
          {
            "map": "darktorvus",
            "x": 1115,
            "y": 92
          }
        ],
        "sections": [
          {
            "name": "Boost Guardian",
            "capture_item": true,
            "access_rules": [
			    "emerald, supermissile, darksuit",
				"emerald, supermissile, lightsuit" ],
            "item_count": 1
          }
        ]
      },
      {
        "name": "Sacrificial Chamber",
        "map_locations": [
          {
            "map": "darktorvus",
            "x": 2862,
            "y": 692
          }
        ],
        "sections": [
          {
            "name": "Grapple Guardian",
            "capture_item": true,
            "access_rules": [
			    "emerald, seeker, supermissile",
			    "emerald, supermissile, gravity" ],
            "item_count": 1
          }
        ]
      },
      {
        "name": "Undertemple",
        "map_locations": [
          {
            "map": "darktorvus",
            "x": 2229,
            "y": 1226
          }
        ],
        "sections": [
          {
            "name": "Power Bomb Guardian",
            "capture_item": true,
            "access_rules": [
			    "emerald, spider, supermissile, gravity",
				"emerald, spider, supermissile, gravity"],
            "item_count": 1
          },
          {
            "name": "Missile",
            "capture_item": true,
            "access_rules": [ "emerald, supermissile, gravity, screwattack" ],
            "item_count": 1
          }
        ]
      },
      {
        "name": "Undertransit One",
        "map_locations": [
          {
            "map": "darktorvus",
            "x": 2513,
            "y": 923
          }
        ],
        "sections": [
          {
            "name": "Missile",
            "capture_item": true,
            "access_rules": [
			    "emerald, supermissile, powerbomb, spider, grapple",
			    "emerald, supermissile, powerbomb, spider, grapple, gravity",
			    "emerald, supermissile, powerbomb, spider, annihilator",
			    "emerald, supermissile, powerbomb, spider, annihilator, gravity" ],
            "item_count": 1
          }
        ]
      },
      {
        "name": "Putrid Alcove",
        "map_locations": [
          {
            "map": "darktorvus",
            "x": 1380,
            "y": 1066
          }
        ],
        "sections": [
          {
            "name": "Power Bomb",
            "capture_item": true,
            "access_rules": [
			    "supermissile, powerbomb",
				"darksuit, powerbomb",
				"lightsuit, powerbomb" ],
            "item_count": 1
          }
        ]
      },
      {
        "name": "Cache B",
        "map_locations": [
          {
            "map": "darktorvus",
            "x": 473,
            "y": 1305
          }
        ],
        "sections": [
          {
            "name": "E-Tank",
            "capture_item": true,
            "access_rules": [ "supermissile" ],
            "item_count": 1
          }
        ]
      },
      {
        "name": "Cache A",
        "map_locations": [
          {
            "map": "darktorvus",
            "x": 1475,
            "y": 1289
          }
        ],
        "sections": [
          {
            "name": "Beam Ammo Expansion",
            "capture_item": true,
            "access_rules": [
			    "supermissile",
				"darksuit, powerbomb",
				"lightsuit, powerbomb" ],
            "item_count": 1
          }
        ]
      },
      {
        "name": "Dark Torvus Arena",
        "map_locations": [
          {
            "map": "darktorvus",
            "x": 1139,
            "y": 312
          }
        ],
        "sections": [
          {
            "name": "Dark Torvus Bog Temple Key 1",
            "capture_item": true,
            "access_rules": [ "emerald, supermissile, boostball" ],
            "item_count": 1
          }
        ]
      },
      {
        "name": "Undertemple Access",
        "map_locations": [
          {
            "map": "darktorvus",
            "x": 2341,
            "y": 916
          }
        ],
        "sections": [
          {
            "name": "Dark Torvus Bog Temple Key 2",
            "capture_item": true,
            "access_rules": [
			    "emerald, supermissile, gravity",
				"emerald, supermissile, seeker, powerbomb" ],
            "item_count": 1
          }
        ]
      },
      {
        "name": "Venomous Pond",
        "map_locations": [
          {
            "map": "darktorvus",
            "x": 1110,
            "y": 1276
          }
        ],
        "sections": [
          {
            "name": "Dark Torvus Bog Temple Key 3",
            "capture_item": true,
            "access_rules": [
			    "supermissile, grapple",
				"darksuit, powerbomb, grapple",
				"lightsuit, powerbomb, grapple",
			    "supermissile, screwattack",
				"darksuit, powerbomb, screwattack",
				"lightsuit, powerbomb, screwattack" ],
            "item_count": 1
          }
        ]
      },
      {
        "name": "Poisoned Bog",
        "map_locations": [
          {
            "map": "darktorvus",
            "x": 1580,
            "y": 1200
          }
        ],
        "sections": [
          {
            "name": "Sky Temple Key 3",
            "capture_item": true,
            "access_rules": [
			    "supermissile, lightsuit, gravity, darkvisor",
				"lightsuit, powerbomb, gravity, darkvisor" ],
            "item_count": 1
          }
        ]
      },
      {
        "name": "Dungeon",
        "map_locations": [
          {
            "map": "darktorvus",
            "x": 3158,
            "y": 1373
          }
        ],
        "sections": [
          {
            "name": "Sky Temple Key 4",
            "capture_item": true,
            "access_rules": [
			    "emerald, seeker, supermissile, powerbomb, lightsuit, darkvisor",
			    "emerald, supermissile, powerbomb, gravity, lightsuit, darkvisor" ],
            "item_count": 1
          }
        ]
      }
    ]
  }
]