{
  "map_enabled": false,
  "auto_pin_capturing_locations": false,
  "auto_unpin_on_clear": false,
  "layout_swap_left_right": false,
  "disabled_image_filter": "grayscale,dim",
  "layouts": {
    "shared_item_grid": {
      "type": "itemgrid",
      "h_alignment": "center",
      "item_margin": "1,2",
	  "item_size": 60,
      "rows": [
        [ "varia", "gravity", "highjump", "spacejump", "screw", "speed" ],
        [ "charge", "wave", "ice", "plasma", "spazer" ],
        [ "bomb",  "spider", "spring", "easy", "classicp" ],
        [ "etank", "missile", "supermissile", "powerbomb", "metroid" ]
	  ]
    },
    "tracker_capture_item": {
      "type": "container",
      "content": {
        "type": "itemgrid",
        "h_alignment": "center",
        "item_margin": "1,2",
		"item_size": 60,
        "rows": [
          [ "varia", "gravity", "highjump", "spacejump", "screw", "speed" ],
          [ "charge", "wave", "ice", "plasma", "spazer" ],
          [ "bomb",  "spider", "spring", "easy", "classic" ],
          [ "etank", "missile", "supermissile", "powerbomb", "metroid" ]
        ]
      }
    },
  "tracker_default": {
    "type": "container",
    "background": "#000000",
    "dropshadow": true,
    "content": {
      "type": "array",
      "orientation": "vertical",
      "content": [
        {
          "type": "layout",
          "key": "shared_item_grid"
        }
      ]
    }
  }
 }
}