[
  {
    "name": "Game Difficulty",
    "type": "progressive",
    "allow_disabled": "false",
    "loop": "true",
    "stages": [
      {
        "name": "Easy",
        "img": "images/modes/diff_easy.png",
        "inherit_codes": "false",
        "codes": "easy"
      },
      {
        "name": "Normal",
        "img": "images/modes/diff_normal.png",
        "inherit_codes": "false",
        "codes": "normal"
      },
      {
        "name": "Hard",
        "img": "images/modes/diff_hard.png",
        "inherit_codes": "false",
        "codes": "hard"
      },
      {
        "name": "Fusion",
        "img": "images/modes/diff_fusion.png",
        "inherit_codes": "false",
        "codes": "fusion"
      }
    ]
  },
  {
    "name": "Rando Difficulty",
    "type": "progressive",
    "allow_disabled": "false",
    "loop": "true",
    "stages": [
      {
        "name": "Classic-P",
        "img": "images/modes/diff_classic-p.png",
        "inherit_codes": "false",
        "codes": "classicp"
      },
      {
        "name": "Classic-S",
        "img": "images/modes/diff_classic-s.png",
        "inherit_codes": "false",
        "codes": "classics"
      },
      {
        "name": "Split",
        "img": "images/modes/diff_split.png",
        "inherit_codes": "false",
        "codes": "split"
      },
      {
        "name": "AM2Random",
        "img": "images/modes/diff_am2random.png",
        "inherit_codes": "false",
        "codes": "am2random"
      }
    ]
  },	
  {
    "name": "Charge Beam",
    "type": "toggle",
    "loop": "true",
    "img": "images/items/chargebeam.png",
    "codes": "charge"
  },
  {
    "name": "Wave Beam",
    "type": "toggle",
    "loop": "true",
    "img": "images/items/wavebeam.png",
    "codes": "wave"
  },
  {
    "name": "Ice Beam",
    "type": "toggle",
    "loop": "true",
    "img": "images/items/icebeam.png",
    "codes": "ice"
  },
  {
    "name": "Plasma Beam",
    "type": "toggle",
    "loop": "true",
    "img": "images/items/plasmabeam.png",
    "codes": "plasma"
  },
  {
    "name": "Spazer Beam",
    "type": "toggle",
    "loop": "true",
    "img": "images/items/spazerbeam.png",
    "codes": "spazer"
  },
  {
    "name": "Varia Suit",
    "type": "toggle",
    "loop": "true",
    "img": "images/items/variasuit.png",
    "codes": "varia"
  },
  {
    "name": "Gravity Suit",
    "type": "toggle",
    "loop": "true",
    "img": "images/items/gravitysuit.png",
    "codes": "gravity"
  },
  {
    "name": "Bomb",
    "type": "toggle",
    "loop": "true",
    "img": "images/items/bomb.png",
    "codes": "bomb"
  },
  {
    "name": "Spring Ball",
    "type": "toggle",
    "loop": "true",
    "img": "images/items/springball.png",
    "codes": "spring"
  },
  {
    "name": "Spider Ball",
    "type": "toggle",
    "loop": "true",
    "img": "images/items/spiderball.png",
    "codes": "spider"
  },
  {
    "name": "High Jump",
    "type": "toggle",
    "loop": "true",
    "img": "images/items/highjump.png",
    "codes": "highjump"
  },
  {
    "name": "Space Jump",
    "type": "toggle",
    "loop": "true",
    "img": "images/items/spacejump.png",
    "codes": "spacejump"
  },
  {
    "name": "Speed Booster",
    "type": "toggle",
    "loop": "true",
    "img": "images/items/speedbooster.png",
    "codes": "speed"
  },
  {
    "name": "Screw Attack",
    "type": "toggle",
    "loop": "true",
    "img": "images/items/screwattack.png",
    "codes": "screw"
  },
  {
    "name": "Etanks",
    "type": "consumable",
    "img": "images/items/etank.png",
    "max_quantity": 10,
    "codes": "etank"
  },
  {
    "name": "Missile Capacity",
    "type": "consumable",
    "img": "images/items/missile.png",
    "max_quantity": 44,
    "codes": "missile"
  },
  {
    "name": "Super Missile Capacity",
    "type": "consumable",
    "img": "images/items/supermissile.png",
    "max_quantity": 10,
    "codes": "supermissile"
  },
  {
    "name": "Power Bomb Capacity",
    "type": "consumable",
    "img": "images/items/powerbomb.png",
    "max_quantity": 10,
    "codes": "powerbomb"
  },
  {
    "name": "Metroids",
    "type": "consumable",
    "img": "images/items/metroid.png",
    "max_quantity": 47,
    "codes": "metroid"
  },
]
