[	
	{
		"name": "TSA Translator Gate",
		"access_rules": [
			"@TAS Translator Gate, tsaviolet, violet",
			"@TAS Translator Gate, tsaamber, amber",
			"@TAS Translator Gate, tsaemerald, emerald",
			"@TAS Translator Gate, tsacobalt, cobalt",
			"missile, tsaviolet, violet",
			"missile, tsaamber, amber",
			"missile, tsaemerald, emerald",
			"missile, tsacobalt, cobalt"
		]
	},
	{
		"name": "TST Translator Gate",
		"access_rules": [
			"tstviolet, violet, @TAS Translator Gate, tsaviolet, violet",
			"tstviolet, violet, @TAS Translator Gate, tsaamber, amber",
			"tstviolet, violet, @TAS Translator Gate, tsaemerald, emerald",
			"tstviolet, violet, @TAS Translator Gate, tsacobalt, cobalt",
			"tstamber, amber, @TAS Translator Gate, tsaviolet, violet",
			"tstamber, amber, @TAS Translator Gate, tsaamber, amber",
			"tstamber, amber, @TAS Translator Gate, tsaemerald, emerald",
			"tstamber, amber, @TAS Translator Gate, tsacobalt, cobalt",
			"tstemerald, emerald, @TAS Translator Gate, tsaviolet, violet",
			"tstemerald, emerald, @TAS Translator Gate, tsaamber, amber",
			"tstemerald, emerald, @TAS Translator Gate, tsaemerald, emerald",
			"tstemerald, emerald, @TAS Translator Gate, tsacobalt, cobalt",
			"tstcobalt, cobalt, @TAS Translator Gate, tsaviolet, violet",
			"tstcobalt, cobalt, @TAS Translator Gate, tsaamber, amber",
			"tstcobalt, cobalt, @TAS Translator Gate, tsaemerald, emerald",
			"tstcobalt, cobalt, @TAS Translator Gate, tsacobalt, cobalt",
			"missile, tstviolet, violet",
			"missile, tstamber, amber",
			"missile, tstemerald, emerald",
			"missile, tstcobalt, cobalt"
		]
	},
	{
		"name": "TSS Translator Gate",
		"access_rules": [
			"tssviolet, violet, @TAS Translator Gate, tsaviolet, violet",
			"tssviolet, violet, @TAS Translator Gate, tsaamber, amber",
			"tssviolet, violet, @TAS Translator Gate, tsaemerald, emerald",
			"tssviolet, violet, @TAS Translator Gate, tsacobalt, cobalt",
			"tssamber, amber, @TAS Translator Gate, tsaviolet, violet",
			"tssamber, amber, @TAS Translator Gate, tsaamber, amber",
			"tssamber, amber, @TAS Translator Gate, tsaemerald, emerald",
			"tssamber, amber, @TAS Translator Gate, tsacobalt, cobalt",
			"tssemerald, emerald, @TAS Translator Gate, tsaviolet, violet",
			"tssemerald, emerald, @TAS Translator Gate, tsaamber, amber",
			"tssemerald, emerald, @TAS Translator Gate, tsaemerald, emerald",
			"tssemerald, emerald, @TAS Translator Gate, tsacobalt, cobalt",
			"tsscobalt, cobalt, @TAS Translator Gate, tsaviolet, violet",
			"tsscobalt, cobalt, @TAS Translator Gate, tsaamber, amber",
			"tsscobalt, cobalt, @TAS Translator Gate, tsaemerald, emerald",
			"tsscobalt, cobalt, @TAS Translator Gate, tsacobalt, cobalt",
			"missile, tssviolet, violet",
			"missile, tssamber, amber",
			"missile, tssemerald, emerald",
			"missile, tsscobalt, cobalt"
		]
	}
]