[	
	{
		"name": "Translator Gates: Torvus Bog",
		"color": "#cc8844",
		"chest_unopened_img": "images/Beams/unopened.png",
		"chest_opened_img": "images/Beams/opened.png",
		"children": [
			{
				"name": "Great Bridge",
				"map_locations": [
					{
						"map": "torvusbog",
						"x": 1120,
						"y": 1290
					}
				],
				"sections": [
					{
						"name": "Translator Gate",
						"capture_item": true,
						"access_rules": [
							"{@POE Translator Gate, darkbeam}",
							"{@IS Translator Gate, @TTG Translator Gate, bomb, spacejump, boostball, seeker, lightbeam, darkbeam}",
							"{@GFMC Translator Gate, @TTG Translator Gate, boostball, lightbeam, spacejump, bomb, powerbomb, seeker, darkbeam}",
							"@GB Translator Gate"
						],
						"item_count": 1
					}
				]
			},
			{
				"name": "Torvus Temple",
				"map_locations": [
					{
						"map": "torvusbog",
						"x": 650,
						"y": 1140
					}
				],
				"sections": [
					{
						"name": "Translator Gate",
						"capture_item": true,
						"access_rules": [
							"{@POE Translator Gate, darkbeam, bomb, supermissile}",
							"{@IS Translator Gate, bomb, spacejump, boostball, seeker}",
							"{@GFMC Translator Gate, boostball, lightbeam, spacejump, bomb, powerbomb, seeker}",
							"@TTG Translator Gate"
						],
						"item_count": 1
					}
				]
			},
			{
				"name": "Torvus Temple",
				"map_locations": [
					{
						"map": "torvusbog",
						"x": 679,
						"y": 1179
					}
				],
				"sections": [
					{
						"name": "Translator Elevator",
						"capture_item": true,
						"access_rules": [
							"{@POE Translator Gate, darkbeam, bomb, lightbeam, supermissile}",
							"{@IS Translator Gate, bomb, spacejump, boostball, seeker, supermissile, lightbeam, darkbeam}",
							"{@IS Translator Gate, bomb, spacejump, boostball, seeker, supermissile, lightbeam, annihilator}",
							"{@IS Translator Gate, bomb, spacejump, boostball, seeker, supermissile, lightbeam, screwattack}",
							"{@GFMC Translator Gate, boostball, lightbeam, spacejump, bomb, powerbomb, seeker, supermissile, darkbeam}",
							"{@GFMC Translator Gate, boostball, lightbeam, spacejump, bomb, powerbomb, seeker, supermissile, annihilator}",
							"{@GFMC Translator Gate, boostball, lightbeam, spacejump, bomb, powerbomb, seeker, supermissile, screwattack}",
							"@TTE Translator Elevator"
						],
						"item_count": 1
					}
				]
			}
		]
	}
]