[	
	{
		"name": "Translator Gates: Great Temple",
		"color": "#cc8844",
		"chest_unopened_img": "images/Beams/unopened.png",
		"chest_opened_img": "images/Beams/opened.png",
		"children": [
			{
				"name": "Temple Sanctuary",
				"map_locations": [
					{
						"map": "greattemple",
						"x": 605,
						"y": 521
					}
				],
				"sections": [
					{
						"name": "Translator Gate: Agon",
						"capture_item": true,
						"access_rules": [
							"{missile}",
							"{@TAS Translator Gate}",
							"@TSA Translator Gate"
						],
						"item_count": 1
					}
				]
			},
			{
				"name": "Temple Sanctuary",
				"map_locations": [
					{
						"map": "greattemple",
						"x": 405,
						"y": 521
					}
				],
				"sections": [
					{
						"name": "Translator Gate: Torvus",
						"capture_item": true,
						"access_rules": [
							"{missile}",
							"{@TSA Translator Gate}",
							"@TST Translator Gate"
						],
						"item_count": 1
					}
				]
			},
			{
				"name": "Temple Sanctuary",
				"map_locations": [
					{
						"map": "greattemple",
						"x": 505,
						"y": 400
					}
				],
				"sections": [
					{
						"name": "TSS Translator Gate",
						"capture_item": true,
						"access_rules": [
							"{missile}",
							"{@TSA Translator Gate}",
							"@TSS Translator Gate"
						],
						"item_count": 1
					}
				]
			}
		]
	}
]