[	
	{
		"name": "GB Translator Gate",
		"access_rules": [
			"@POE Translator Gate, darkbeam, gbviolet, violet",
			"IS Translator Gate, bomb, spacejump, boostball, seeker, supermissile, gbviolet, violet",
			"GFMC Translator Gate, boostball, lightbeam, spacejump, bomb, powerbomb, seeker, supermissile, gbviolet, violet",
			"IS Translator Gate, bomb, spacejump, boostball, seeker, lightbeam, darkbeam, gbviolet, violet",
			"GFMC Translator Gate, boostball, lightbeam, spacejump, bomb, powerbomb, seeker, darkbeam, gbviolet, violet",
			"@POE Translator Gate, darkbeam, gbamber, amber",
			"IS Translator Gate, bomb, spacejump, boostball, seeker, supermissile, gbamber, amber",
			"GFMC Translator Gate, boostball, lightbeam, spacejump, bomb, powerbomb, seeker, supermissile, gbamber, amber",
			"IS Translator Gate, bomb, spacejump, boostball, seeker, lightbeam, darkbeam, gbamber, amber",
			"GFMC Translator Gate, boostball, lightbeam, spacejump, bomb, powerbomb, seeker, darkbeam, gbamber, amber",
			"@POE Translator Gate, darkbeam, gbemerald, emerald",
			"IS Translator Gate, bomb, spacejump, boostball, seeker, supermissile, gbemerald, emerald",
			"GFMC Translator Gate, boostball, lightbeam, spacejump, bomb, powerbomb, seeker, supermissile, gbemerald, emerald",
			"IS Translator Gate, bomb, spacejump, boostball, seeker, lightbeam, darkbeam, gbemerald, emerald",
			"GFMC Translator Gate, boostball, lightbeam, spacejump, bomb, powerbomb, seeker, darkbeam, gbemerald, emerald",
			"@POE Translator Gate, darkbeam, gbcobalt, cobalt",
			"IS Translator Gate, bomb, spacejump, boostball, seeker, supermissile, gbcobalt, cobalt",
			"GFMC Translator Gate, boostball, lightbeam, spacejump, bomb, powerbomb, seeker, supermissile, gbcobalt, cobalt",
			"IS Translator Gate, bomb, spacejump, boostball, seeker, lightbeam, darkbeam, gbcobalt, cobalt",
			"GFMC Translator Gate, boostball, lightbeam, spacejump, bomb, powerbomb, seeker, darkbeam, gbcobalt, cobalt"
		]
	},
	{
		"name": "TTG Translator Gate",
		"access_rules": [
			"@POE Translator Gate, darkbeam, bomb, supermissile, ttgviolet, violet",
			"IS Translator Gate, bomb, spacejump, boostball, seeker, ttgviolet, violet",
			"GFMC Translator Gate, boostball, lightbeam, spacejump, bomb, powerbomb, seeker, ttgviolet, violet",
			"@POE Translator Gate, darkbeam, bomb, supermissile, ttgamber, amber",
			"IS Translator Gate, bomb, spacejump, boostball, seeker, ttgamber, amber",
			"GFMC Translator Gate, boostball, lightbeam, spacejump, bomb, powerbomb, seeker, ttgamber, amber",
			"@POE Translator Gate, darkbeam, bomb, supermissile, ttgemerald, emerald",
			"IS Translator Gate, bomb, spacejump, boostball, seeker, ttgemerald, emerald",
			"GFMC Translator Gate, boostball, lightbeam, spacejump, bomb, powerbomb, seeker, ttgemerald, emerald",
			"@POE Translator Gate, darkbeam, bomb, supermissile, ttgcobalt, cobalt",
			"IS Translator Gate, bomb, spacejump, boostball, seeker, ttgcobalt, cobalt",
			"GFMC Translator Gate, boostball, lightbeam, spacejump, bomb, powerbomb, seeker, ttgcobalt, cobalt"
		]
	},
	{
		"name": "TTE Translator Elevator",
		"access_rules": [
			"@POE Translator Gate, darkbeam, bomb, lightbeam, supermissile, tteviolet, violet",
			"IS Translator Gate, bomb, spacejump, boostball, seeker, supermissile, lightbeam, darkbeam, tteviolet, violet",
			"IS Translator Gate, bomb, spacejump, boostball, seeker, supermissile, lightbeam, annihilator, tteviolet, violet",
			"IS Translator Gate, bomb, spacejump, boostball, seeker, supermissile, lightbeam, screwattack, tteviolet, violet",
			"GFMC Translator Gate, boostball, lightbeam, spacejump, bomb, powerbomb, seeker, supermissile, darkbeam, tteviolet, violet",
			"GFMC Translator Gate, boostball, lightbeam, spacejump, bomb, powerbomb, seeker, supermissile, annihilator, tteviolet, violet",
			"GFMC Translator Gate, boostball, lightbeam, spacejump, bomb, powerbomb, seeker, supermissile, screwattack, tteviolet, violet",
			"@POE Translator Gate, darkbeam, bomb, lightbeam, supermissile, tteamber, amber",
			"IS Translator Gate, bomb, spacejump, boostball, seeker, supermissile, lightbeam, darkbeam, tteamber, amber",
			"IS Translator Gate, bomb, spacejump, boostball, seeker, supermissile, lightbeam, annihilator, tteamber, amber",
			"IS Translator Gate, bomb, spacejump, boostball, seeker, supermissile, lightbeam, screwattack, tteamber, amber",
			"GFMC Translator Gate, boostball, lightbeam, spacejump, bomb, powerbomb, seeker, supermissile, darkbeam, tteamber, amber",
			"GFMC Translator Gate, boostball, lightbeam, spacejump, bomb, powerbomb, seeker, supermissile, annihilator, tteamber, amber",
			"GFMC Translator Gate, boostball, lightbeam, spacejump, bomb, powerbomb, seeker, supermissile, screwattack, tteamber, amber",
			"@POE Translator Gate, darkbeam, bomb, lightbeam, supermissile, tteemerald, emerald",
			"IS Translator Gate, bomb, spacejump, boostball, seeker, supermissile, lightbeam, darkbeam, tteemerald, emerald",
			"IS Translator Gate, bomb, spacejump, boostball, seeker, supermissile, lightbeam, annihilator, tteemerald, emerald",
			"IS Translator Gate, bomb, spacejump, boostball, seeker, supermissile, lightbeam, screwattack, tteemerald, emerald",
			"GFMC Translator Gate, boostball, lightbeam, spacejump, bomb, powerbomb, seeker, supermissile, darkbeam, tteemerald, emerald",
			"GFMC Translator Gate, boostball, lightbeam, spacejump, bomb, powerbomb, seeker, supermissile, annihilator, tteemerald, emerald",
			"GFMC Translator Gate, boostball, lightbeam, spacejump, bomb, powerbomb, seeker, supermissile, screwattack, tteemerald, emerald",
			"@POE Translator Gate, darkbeam, bomb, lightbeam, supermissile, ttecobalt, cobalt",
			"IS Translator Gate, bomb, spacejump, boostball, seeker, supermissile, lightbeam, darkbeam, ttecobalt, cobalt",
			"IS Translator Gate, bomb, spacejump, boostball, seeker, supermissile, lightbeam, annihilator, ttecobalt, cobalt",
			"IS Translator Gate, bomb, spacejump, boostball, seeker, supermissile, lightbeam, screwattack, ttecobalt, cobalt",
			"GFMC Translator Gate, boostball, lightbeam, spacejump, bomb, powerbomb, seeker, supermissile, darkbeam, ttecobalt, cobalt",
			"GFMC Translator Gate, boostball, lightbeam, spacejump, bomb, powerbomb, seeker, supermissile, annihilator, ttecobalt, cobalt",
			"GFMC Translator Gate, boostball, lightbeam, spacejump, bomb, powerbomb, seeker, supermissile, screwattack, ttecobalt, cobalt"
		]
	}
]