[	
	{
		"name": "Translator Gates: Sanctuary",
		"color": "#cc8844",
		"chest_unopened_img": "images/Beams/unopened.png",
		"chest_opened_img": "images/Beams/opened.png",
		"children": [
			{
				"name": "Reactor Core",
				"map_locations": [
					{
						"map": "sanctuaryfortress",
						"x": 2147,
						"y": 255
					}
				],
				"sections": [
					{
						"name": "Translator Gate",
						"capture_item": true,
						"access_rules": [
							"{@GFMC Translator Gate, boostball, lightbeam, spacejump}",
							"{@IS Translator Gate, missile, lightbeam, bomb, powerbomb, spacejump, darkbeam, screwattack}",
							"{@IS Translator Gate, bomb, spacejump, seeker, supermissile, gravity, spider, boostball, powerbomb}",
							"{@POE Translator Gate, darkbeam, bomb, supermissile, gravity, boostball, spider, powerbomb}",
							"{@POE Translator Gate, darkbeam, bomb, supermissile, seeker, powerbomb, screwattack}",
							"@RC Translator Gate"
						],
						"item_count": 1
					}
				]
			},
			{
				"name": "Sanctuary Temple",
				"map_locations": [
					{
						"map": "sanctuaryfortress",
						"x": 1290,
						"y": 968
					}
				],
				"sections": [
					{
						"name": "Translator Gate",
						"capture_item": true,
						"access_rules": [
							"{@GFMC Translator Gate, boostball, lightbeam, spacejump, bomb, darkbeam, screwattack, annihilator}",
							"{@GFMC Translator Gate, boostball, lightbeam, spacejump, bomb, darkbeam, darkvisor, seeker, grapple}",
							"{@GFMC Translator Gate, boostball, lightbeam, spacejump, bomb, darkbeam, darkvisor, seeker, screwattack}",
							"{@GFMC Translator Gate, boostball, lightbeam, spacejump, echovisor, annihilator, spider, bomb, screwattack}",
							"{@GFMC Translator Gate, boostball, lightbeam, spacejump, echovisor, annihilator, spider, bomb, grapple}",
							"{@IS Translator Gate, missile, lightbeam, bomb, powerbomb, spacejump, darkbeam, screwattack, annihilator}",
							"{@IS Translator Gate, missile, lightbeam, bomb, powerbomb, spacejump, darkbeam, screwattack, darkvisor, seeker}",
							"{@IS Translator Gate, missile, lightbeam, bomb, powerbomb, spacejump, darkbeam, grapple, darkvisor, seeker}",
							"{@IS Translator Gate, bomb, spacejump, seeker, supermissile, gravity, spider, boostball, powerbomb, echovisor, annihilator, screwattack}",
							"{@IS Translator Gate, bomb, spacejump, seeker, supermissile, gravity, spider, boostball, powerbomb, echovisor, annihilator, grapple}",
							"{@IS Translator Gate, bomb, spacejump, seeker, supermissile, gravity, spider, boostball, powerbomb, darkbeam, darkvisor, screwattack}",
							"{@IS Translator Gate, bomb, spacejump, seeker, supermissile, gravity, spider, boostball, powerbomb, darkbeam, darkvisor, grapple}",
							"{@POE Translator Gate, darkbeam, bomb, supermissile, gravity, boostball, spider, powerbomb, screwattack, annihilator}",
							"{@POE Translator Gate, darkbeam, bomb, supermissile, gravity, boostball, spider, powerbomb, darkvisor, seeker, screwattack}",
							"{@POE Translator Gate, darkbeam, bomb, supermissile, gravity, boostball, spider, powerbomb, darkvisor, seeker, grapple}",
							"{@POE Translator Gate, darkbeam, bomb, supermissile, gravity, boostball, spider, powerbomb, echovisor, annihilator, screwattack}",
							"{@POE Translator Gate, darkbeam, bomb, supermissile, gravity, boostball, spider, powerbomb, echovisor, annihilator, grapple}",
							"{@POE Translator Gate, darkbeam, bomb, supermissile, seeker, powerbomb, screwattack, anniihilator}",
							"{@POE Translator Gate, darkbeam, bomb, supermissile, seeker, powerbomb, darkvisor, screwattack}",
							"{@POE Translator Gate, darkbeam, bomb, supermissile, seeker, powerbomb, darkvisor, grapple}",
							"@ST Translator Gate"
						],
						"item_count": 1
					}
				]
			}
		]
	}
]
