[
	{
		"name": "Translator Gates: Temple Grounds",
		"color": "#653162",
		"chest_unopened_img": "images/Beams/unopened.png",
		"chest_opened_img": "images/Beams/opened.png",
		"children": [
			{
				"name": "Hive Access Tunnel",
				"map_locations": [
					{
						"map": "templegrounds",
						"x": 1570,
						"y": 660
					}
				],
				"sections": [
					{
						"name": "Translator Gate",
						"capture_item": true,
						"access_rules": [
							"{}",
							"@HAT Translator Gate"
						],
						"item_count": 1
					}
				]
			},
			{
				"name": "Hive Transport Area",
				"map_locations": [
					{
						"map": "templegrounds",
						"x": 1520,
						"y": 540
					}
				],
				"sections": [
					{
						"name": "Translator Gate",
						"capture_item": true,
						"access_rules": [
							"{}",
							"@HTA Translator Gate"
						],
						"item_count": 1
					}
				]
			},
			{
				"name": "Industrial Site",
				"map_locations": [
					{
						"map": "templegrounds",
						"x": 1580,
						"y": 290
					}
				],
				"sections": [
					{
						"name": "Translator Gate",
						"capture_item": true,
						"access_rules": [
							"{}",
							"@IS Translator Gate"
						],
						"item_count": 1
					}
				]
			},
			{
				"name": "Temple Assembly Site",
				"map_locations": [
					{
						"map": "templegrounds",
						"x": 1200,
						"y": 420
					}
				],
				"sections": [
					{
						"name": "Translator Gate",
						"capture_item": true,
						"access_rules": [
							"{}",
							"@TAS Translator Gate"
						],
						"item_count": 1
					}
				]
			},
			{
				"name": "GFMC Compound",
				"map_locations": [
					{
						"map": "templegrounds",
						"x": 305,
						"y": 710
					}
				],
				"sections": [
					{
						"name": "Translator Gate",
						"capture_item": true,
						"access_rules": [
							"{}",
							"@GFMC Translator Gate"
						],
						"item_count": 1
					}
				]
			},
			{
				"name": "Meeting Grounds",
				"map_locations": [
					{
						"map": "templegrounds",
						"x": 1220,
						"y": 1050
					}
				],
				"sections": [
					{
						"name": "Translator Gate",
						"capture_item": true,
						"access_rules": [
							"{powerbomb, @TAS Translator Gate, lightbeam, tsaviolet, tstviolet, violet}",
							"{powerbomb, @TAS Translator Gate, lightbeam, tstamber, tsaviolet, violet, amber}",
							"{powerbomb, @TAS Translator Gate, lightbeam, tstemerald, tsaviolet, violet, emerald}",
							"{powerbomb, @TAS Translator Gate, lightbeam, tstcobalt, tsaviolet, violet, cobalt}",
							"{powerbomb, @TAS Translator Gate, lightbeam, tsaamber, amber, tstviolet, violet}",
							"{powerbomb, @TAS Translator Gate, lightbeam, tstamber, tsaamber, amber}",
							"{powerbomb, @TAS Translator Gate, lightbeam, tstemerald, tsaamber, amber, emerald}",
							"{powerbomb, @TAS Translator Gate, lightbeam, tstcobalt, tsaamber, amber, cobalt}",
							"{powerbomb, @TAS Translator Gate, lightbeam, tsaemerald, emerald, tstviolet, violet}",
							"{powerbomb, @TAS Translator Gate, lightbeam, tstamber, tsaemerald, emerald, amber}",
							"{powerbomb, @TAS Translator Gate, lightbeam, tstemerald, tsaemerald, emerald}",
							"{powerbomb, @TAS Translator Gate, lightbeam, tstcobalt, tsaemerald, cobalt}",
							"{powerbomb, @TAS Translator Gate, lightbeam, tsacobalt, cobalt, tstviolet, violet}",
							"{powerbomb, @TAS Translator Gate, lightbeam, tstamber, tsacobalt, cobalt, amber}",
							"{powerbomb, @TAS Translator Gate, lightbeam, tstemerald, tsacobalt, cobalt, emerald}",
							"{powerbomb, @TAS Translator Gate, lightbeam, tstcobalt, tsacobalt, cobalt}",
							"{missile, lightbeam, tstviolet, violet}",
							"{missile, lightbeam, tstamber, amber}",
							"{missile, lightbeam, tstemerald, emerald}",
							"{missile, lightbeam, tstcobalt, cobalt}",
							"{@HAT Translator Gate, lightbeam, spacejump, missile, supermissile, bomb}",
							"{@POE Translator Gate}",
							"@MG Translator Gate"
						],
						"item_count": 1
					}
				]
			},
			{
				"name": "Path of Eyes",
				"map_locations": [
					{
						"map": "templegrounds",
						"x": 1050,
						"y": 1410
					}
				],
				"sections": [
					{
						"name": "Translator Gate",
						"capture_item": true,
						"access_rules": [
							"{@MG Translator Gate, missile, supermissile spacejump}",
							"{@MG Translator Gate, darkbeam, bomb, spacejump, darksuit}",
							"{@MG Translator Gate, darkbeam, bomb, spacejump, lightsuit}",
							"{@MG Translator Gate, annihilator, bomb, spacejump, darksuit}",
							"{@MG Translator Gate, annihilator, bomb, spacejump, lightsuit}",
							"{@IS Translator Gate, bomb, spacejump, boostball, seeker, supermissile, darkbeam}",
							"{@IS Translator Gate, bomb, spacejump, boostball, seeker, supermissile, lightbeam}",
							"@POE Translator Gate"
						],
						"item_count": 1
					}
				]
			},
		]
	}
]
