[	
	{
		"name": "Translator Gates: Agon",
		"color": "#cc8844",
		"chest_unopened_img": "images/Beams/unopened.png",
		"chest_opened_img": "images/Beams/opened.png",
		"children": [
			{
				"name": "Mining Station A",
				"map_locations": [
					{
						"map": "agonwastes",
						"x": 1190,
						"y": 1325
					}
				],
				"sections": [
					{
						"name": "Translator Gate",
						"capture_item": true,
						"access_rules": [
							"{@IS Translator Gate}",
							"{@POE Translator Gate, darkbeam, supermissile, bomb, seeker}",
							"{@GFMC Translator Gate, boostball, lightbeam, spacejump, powerbomb}",
							"@MSA Translator Gate"
						],
						"item_count": 1
					}
				]
			},
			{
				"name": "Mining Plaza",
				"map_locations": [
					{
						"map": "agonwastes",
						"x": 600,
						"y": 1015
					}
				],
				"sections": [
					{
						"name": "Translator Gate",
						"capture_item": true,
						"access_rules": [
							"{@IS Translator Gate}",
							"{@POE Translator Gate, darkbeam, supermissile, bomb, seeker}",
							"{@GFMC Translator Gate, boostball, lightbeam, spacejump, powerbomb}",
							"@MP Translator Gate"
						],
						"item_count": 1
					}
				]
			}
		]
	}
]
