[
	{
		"name": "Distribution Center",
		"color": "#d83890",
		"chest_unopened_img": "images/items/unopened.png",
		"chest_opened_img": "images/items/opened.png",
		"access_rules": [
			"classicp, bomb",
			"classicp, powerbomb",
			"classics, bomb",
			"classics, powerbomb",
			"split",
			"am2random"
		],
		"children": [
			{
				"name": "Outside Distribution Center",
				"sections": [
					{
						"name": "Missile Expansion",
						"access_rules": [
							"speed, gravity"
						],
						"item_count": 1
					}
				],
				"map_locations": [
					{
						"map": "distributioncenter",
						"x": 120,
						"y": 220
					},
					{
						"map": "sr388",
						"x": 1275,
						"y": 1050
					}
				]
			},
			{
				"name": "Bottom of the Center",
				"sections": [
					{
						"name": "Missile Expansion",
						"access_rules": [
							"speed, gravity"
						],
						"item_count": 1
					}
				],
				"map_locations": [
					{
						"map": "distributioncenter",
						"x": 312,
						"y": 442
					},
					{
						"map": "sr388",
						"x": 1425,
						"y": 1225
					}
				]
			},
			{
				"name": "Bottom of the Center",
				"sections": [
					{
						"name": "Missile Expansion",
						"access_rules": [
							"speed, gravity"
						],
						"item_count": 1
					}
				],
				"map_locations": [
					{
						"map": "distributioncenter",
						"x": 504,
						"y": 538
					},
					{
						"map": "sr388",
						"x": 1575,
						"y": 1300
					}
				]
			},
			{
				"name": "Bottom of the Center",
				"sections": [
					{
						"name": "Super Missile Expansion",
						"access_rules": [
							"speed, gravity"
						],
						"item_count": 1
					}
				],
				"map_locations": [
					{
						"map": "distributioncenter",
						"x": 568,
						"y": 506
					},
					{
						"map": "sr388",
						"x": 1625,
						"y": 1275
					}
				]
			},
			{
				"name": "Bottom of the Center",
				"sections": [
					{
						"name": "E-Tank",
						"access_rules": [
							"speed, spacejump, powerbomb, gravity"
						],
						"item_count": 1
					}
				],
				"map_locations": [
					{
						"map": "distributioncenter",
						"x": 696,
						"y": 538
					},
					{
						"map": "sr388",
						"x": 1725,
						"y": 1300
					}
				]
			},
			{
				"name": "Screw Attack Room",
				"sections": [
					{
						"name": "Screw Attack",
						"item_count": 1
					}
				],
				"map_locations": [
					{
						"map": "distributioncenter",
						"x": 760,
						"y": 282
					},
					{
						"map": "sr388",
						"x": 1775,
						"y": 1100
					}
				]
			},
			{
				"name": "Ice Beam Room",
				"sections": [
					{
						"name": "Ice Beam",
						"access_rules": [
							"speed, gravity"
						],
						"item_count": 1
					}
				],
				"map_locations": [
					{
						"map": "distributioncenter",
						"x": 504,
						"y": 314
					},
					{
						"map": "sr388",
						"x": 1575,
						"y": 1125
					}
				]
			},
			{
				"name": "Inside Distribution Center",
				"sections": [
					{
						"name": "Super Missile Expansion",
						"access_rules": [
							"screw"
						],
						"item_count": 1
					}
				],
				"map_locations": [
					{
						"map": "distributioncenter",
						"x": 440,
						"y": 218
					},
					{
						"map": "sr388",
						"x": 1525,
						"y": 1050
					}
				]
			},
			{
				"name": "Inside Distribution Center",
				"sections": [
					{
						"name": "Power Bomb Expansion",
						"access_rules": [
							"powerbomb, speed"
						],
						"item_count": 1
					}
				],
				"map_locations": [
					{
						"map": "distributioncenter",
						"x": 344,
						"y": 240
					},
					{
						"map": "sr388",
						"x": 1450,
						"y": 1075
					}
				]
			},
			{
				"name": "Gravity Chamber",
				"sections": [
					{
						"name": "Missile Expansion",
						"access_rules": [
							"bomb",
							"powerbomb"
						],
						"item_count": 1
					}
				],
				"map_locations": [
					{
						"map": "distributioncenter",
						"x": 664,
						"y": 90
					},
					{
						"map": "sr388",
						"x": 1700,
						"y": 950
					}
				]
			},
			{
				"name": "Gravity Chamber",
				"sections": [
					{
						"name": "Gravity Suit",
						"access_rules": [
							"bomb",
							"powerbomb"
						],
						"item_count": 1
					}
				],
				"map_locations": [
					{
						"map": "distributioncenter",
						"x": 632,
						"y": 122
					},
					{
						"map": "sr388",
						"x": 1675,
						"y": 975
					}
				]
			},
			{
				"name": "Inside Distribution Center",
				"sections": [
					{
						"name": "Power Bomb Expansion",
						"access_rules": [
							"powerbomb, gravity, spacejump"
						],
						"item_count": 1
					}
				],
				"map_locations": [
					{
						"map": "distributioncenter",
						"x": 728,
						"y": 218
					},
					{
						"map": "sr388",
						"x": 1750,
						"y": 1050
					}
				]
			},
			{
				"name": "Bottom of the Center",
				"sections": [
					{
						"name": "Missile Expansion",
						"access_rules": [
							"bomb, spider",
							"bomb, spring",
							"powerbomb, spider",
							"powerbomb, spring"
						],
						"item_count": 1
					}
				],
				"map_locations": [
					{
						"map": "distributioncenter",
						"x": 600,
						"y": 442
					},
					{
						"map": "sr388",
						"x": 1625,
						"y": 1225
					}
				]
			},
			{
				"name": "Inside Distribution Center",
				"sections": [
					{
						"name": "Zeta Metroid",
						"access_rules": [
							"bomb",
							"powerbomb"
						],
						"item_count": 1
					}
				],
				"map_locations": [
					{
						"map": "distributioncenter",
						"x": 472,
						"y": 346
					},
					{
						"map": "sr388",
						"x": 1550,
						"y": 1150
					}
				]
			},
			{
				"name": "Inside Distribution Center",
				"sections": [
					{
						"name": "Alpha Metroids",
						"access_rules": [
							"screw, missile",
							"bomb, missile",
							"powerbomb, missile",
							"screw, supermissile",
							"bomb, supermissile",
							"powerbomb, supermissile",
							"screw, charge",
							"bomb, charge",
							"powerbomb, charge"
						],
						"item_count": 5
					}
				],
				"map_locations": [
					{
						"map": "distributioncenter",
						"x": 584,
						"y": 298
					},
					{
						"map": "sr388",
						"x": 1638,
						"y": 1112
					}
				]
			},
			{
				"name": "Bottom of the Center",
				"sections": [
					{
						"name": "Gamma Metroids",
						"access_rules": [
							"screw, speed"
						],
						"item_count": 2
					}
				],
				"map_locations": [
					{
						"map": "distributioncenter",
						"x": 696,
						"y": 378
					},
					{
						"map": "sr388",
						"x": 1725,
						"y": 1175
					}
				]
			}
		]
	}
]