[
	{
		"name": "SR388 - Near Ship",
		"color": "#d83890",
		"chest_unopened_img": "images/items/unopened.png",
		"chest_opened_img": "images/items/opened.png",
		"children": [
			{
				"name": "Near the Ship",
				"sections": [
					{
						"name": "Alpha Metroid",
						"item_count": 1
					}
				],
				"map_locations": [
					{
						"map": "sr388",
						"x": 525,
						"y": 375
					}
				]
			},
			{
				"name": "Near Golden Temple",
				"sections": [
					{
						"name": "Missile Expansion",
						"access_rules": [
							"bomb",
							"easy, powerbomb:2",
							"normal, powerbomb:2",
							"hard, powerbomb:3",
							"fusion, powerbomb:3"
						],
						"item_count": 1
					},
					{
						"name": "Missile Expansion",
						"access_rules": [
							"bomb",
							"bomb, spider",
							"easy, powerbomb:2",
							"normal, powerbomb:2",
							"hard, powerbomb:3",
							"fusion, powerbomb:3"
						],
						"item_count": 1
					}
				],
				"map_locations": [
					{
						"map": "sr388",
						"x": 1150,
						"y": 413
					}
				]
			}
		]
	},
	{
		"name": "SR388 - Path",
		"color": "#d83890",
		"chest_unopened_img": "images/items/unopened.png",
		"chest_opened_img": "images/items/opened.png",
		"access_rules": [
			"classicp, bomb",
			"classicp, powerbomb",
			"classics, bomb",
			"classics, powerbomb",
			"split",
			"am2random"
		],
		"children": [
			{
				"name": "Near Hydro Station",
				"sections": [
					{
						"name": "Missile Expansion",
						"access_rules": [
							"bomb"
						],
						"item_count": 1
					}
				],
				"map_locations": [
					{
						"map": "sr388",
						"x": 1225,
						"y": 500
					}
				]
			},
			{
				"name": "Near Industrial Complex",
				"sections": [
					{
						"name": "Missile Expansion",
						"item_count": 1
					}
				],
				"map_locations": [
					{
						"map": "sr388",
						"x": 1200,
						"y": 600
					}
				]
			},
			{
				"name": "Near GFS Thoth",
				"sections": [
					{
						"name": "Super Missile Expansion",
						"item_count": 1
					}
				],
				"map_locations": [
					{
						"map": "sr388",
						"x": 1100,
						"y": 600
					}
				]
			},
			{
				"name": "Near GFS Thoth",
				"sections": [
					{
						"name": "Missile Expansion",
						"access_rules": [
							"speed"
						],
						"item_count": 1
					}
				],
				"map_locations": [
					{
						"map": "sr388",
						"x": 1075,
						"y": 725
					}
				]
			},
			{
				"name": "Near The Tower",
				"sections": [
					{
						"name": "Missile Expansion",
						"access_rules": [
							"speed"
						],
						"item_count": 1
					}
				],
				"map_locations": [
					{
						"map": "sr388",
						"x": 1100,
						"y": 1000
					}
				]
			},
			{
				"name": "Inside GFS Thoth",
				"sections": [
					{
						"name": "E-Tank",
						"access_rules": [
							"powerbomb"
						],
						"item_count": 1
					}
				],
				"map_locations": [
					{
						"map": "gfsthoth",
						"x": 530,
						"y": 90
					},
					{
						"map": "sr388",
						"x": 1200,
						"y": 125
					}
				]
			},
			{
				"name": "Outside GFS Thoth",
				"sections": [
					{
						"name": "Power Bomb Expansion",
						"access_rules": [
							"powerbomb"
						],
						"item_count": 1
					}
				],
				"map_locations": [
					{
						"map": "gfsthoth",
						"x": 20,
						"y": 90
					},
					{
						"map": "sr388",
						"x": 1425,
						"y": 100
					}
				]
			},
			{
				"name": "Outside GFS Thoth",
				"sections": [
					{
						"name": "Power Bomb Expansion",
						"access_rules": [
							"powerbomb"
						],
						"item_count": 1
					}
				],
				"map_locations": [
					{
						"map": "gfsthoth",
						"x": 805,
						"y": 60
					},
					{
						"map": "sr388",
						"x": 800,
						"y": 125
					}
				]
			},
			{
				"name": "Path to Research Site",
				"sections": [
					{
						"name": "Missile Expansion",
						"access_rules": [
							"speed, spring, gravity, metroid:41"
						],
						"item_count": 1
					}
				],
				"map_locations": [
					{
						"map": "sr388",
						"x": 875,
						"y": 1300
					}
				]
			},
			{
				"name": "Path to Research Site",
				"sections": [
					{
						"name": "Missile Expansion",
						"access_rules": [
							"bomb, metroid:41",
							"powerbomb, metroid:41"
						],
						"item_count": 1
					}
				],
				"map_locations": [
					{
						"map": "sr388",
						"x": 700,
						"y": 1325
					}
				]
			},
			{
				"name": "Research Site",
				"sections": [
					{
						"name": "Super Missile Expansion",
						"access_rules": [
							"metroid:41"
						],
						"item_count": 1
					}
				],
				"map_locations": [
					{
						"map": "sr388",
						"x": 675,
						"y": 1150
					}
				]
			},
			{
				"name": "Near GFS Thoth",
				"sections": [
					{
						"name": "Alpha Metroids",
						"item_count": 2
					}
				],
				"map_locations": [
					{
						"map": "sr388",
						"x": 1050,
						"y": 600
					}
				]
			},
			{
				"name": "Mining Facility",
				"sections": [
					{
						"name": "Alpha Metroid",
						"access_rules": [
							"easy, supermissile, bomb",
							"easy, spacejump, supermissile, powerbomb",
							"easy, spider, supermissile, powerbomb",
							"easy, highjump, supermissile, powerbomb",
							"normal, supermissile, bomb, etank",
							"normal, spacejump, supermissile, powerbomb",
							"normal, spider, supermissile, powerbomb",
							"normal, highjump, supermissile, powerbomb, etank",
							"hard, supermissile, bomb, etank:2",
							"hard, spacejump, supermissile, powerbomb",
							"hard, spider, supermissile, powerbomb",
							"hard, highjump, supermissile, powerbomb, etank:2",
							"fusion, supermissile, bomb, etank:3",
							"fusion, spacejump, supermissile, powerbomb",
							"fusion, spider, supermissile, powerbomb",
							"fusion, highjump, supermissile, powerbomb, etank:3"
						],
						"item_count": 1
					}
				],
				"map_locations": [
					{
						"map": "sr388",
						"x": 1200,
						"y": 925
					}
				]
			},
			{
				"name": "Mining Facility",
				"sections": [
					{
						"name": "Gamma Metroid",
						"access_rules": [
							"easy, supermissile, bomb",
							"easy, spacejump, supermissile, powerbomb",
							"easy, spider, supermissile, powerbomb",
							"easy, speed, supermissile, powerbomb",
							"normal, supermissile, bomb, etank",
							"normal, spacejump, supermissile, powerbomb",
							"normal, spider, supermissile, powerbomb",
							"normal, speed, supermissile, powerbomb",
							"hard, supermissile, bomb, etank:2",
							"hard, spacejump, supermissile, powerbomb",
							"hard, spider, supermissile, powerbomb",
							"hard, speed, supermissile, powerbomb",
							"fusion, supermissile, bomb, etank:3",
							"fusion, spacejump, supermissile, powerbomb",
							"fusion, spider, supermissile, powerbomb",
							"fusion, speed, supermissile, powerbomb"
						],
						"item_count": 1
					}
				],
				"map_locations": [
					{
						"map": "sr388",
						"x": 1450,
						"y": 925
					}
				]
			},
			{
				"name": "Research Site",
				"sections": [
					{
						"name": "Alpha Metroid",
						"access_rules": [
							"metroid:41"
						],
						"item_count": 1
					}
				],
				"map_locations": [
					{
						"map": "sr388",
						"x": 437,
						"y": 1225
					}
				]
			},
			{
				"name": "Research Site",
				"sections": [
					{
						"name": "Omega Metroid",
						"access_rules": [
							"metroid:42"
						],
						"item_count": 1
					}
				],
				"map_locations": [
					{
						"map": "sr388",
						"x": 613,
						"y": 1150
					}
				]
			},
			{
				"name": "Metroid Nest",
				"sections": [
					{
						"name": "Omega Metroid",
						"access_rules": [
							"metroid:43"
						],
						"item_count": 1
					}
				],
				"map_locations": [
					{
						"map": "sr388",
						"x": 350,
						"y": 837
					}
				]
			},
			{
				"name": "Metroid Nest",
				"sections": [
					{
						"name": "Omega Metroid",
						"access_rules": [
							"metroid:43"
						],
						"item_count": 1
					}
				],
				"map_locations": [
					{
						"map": "sr388",
						"x": 650,
						"y": 762
					}
				]
			},
			{
				"name": "Metroid Nest",
				"sections": [
					{
						"name": "Omega Metroid",
						"access_rules": [
							"metroid:43"
						],
						"item_count": 1
					}
				],
				"map_locations": [
					{
						"map": "sr388",
						"x": 375,
						"y": 712
					}
				]
			},
			{
				"name": "Queen Metroid's Nest",
				"sections": [
					{
						"name": "Queen Metroid",
						"access_rules": [
							"metroid:46, ice, bomb"
						],
						"item_count": 1
					}
				],
				"map_locations": [
					{
						"map": "sr388",
						"x": 200,
						"y": 500
					}
				]
			},
		]
	}
]