[
	{
		"name": "The Tower",
		"color": "#d83890",
		"chest_unopened_img": "images/items/unopened.png",
		"chest_opened_img": "images/items/opened.png",
		"access_rules": [
			"classicp, bomb",
			"classicp, powerbomb",
			"classics, bomb",
			"classics, powerbomb",
			"split",
			"am2random"
		],
		"children": [
			{
				"name": "Tower Entrance",
				"sections": [
					{
						"name": "Missile Expansion",
						"item_count": 1
					}
				],
				"map_locations": [
					{
						"map": "thetower",
						"x": 260,
						"y": 335
					},
					{
						"map": "sr388",
						"x": 875,
						"y": 1025
					}
				]
			},
			{
				"name": "Tower Entrance",
				"sections": [
					{
						"name": "Missile Expansion",
						"access_rules": [
							"screw"
						],
						"item_count": 1
					}
				],
				"map_locations": [
					{
						"map": "thetower",
						"x": 300,
						"y": 355
					},
					{
						"map": "sr388",
						"x": 925,
						"y": 1050
					}
				]
			},
			{
				"name": "Power Plant",
				"sections": [
					{
						"name": "Power Bomb",
						"access_rules": [
							"easy",
							"normal",
							"hard, bomb",
							"hard, powerbomb:2",
							"fusion, bomb",
							"fusion, powerbomb:2",
						],
						"item_count": 1
					}
				],
				"map_locations": [
					{
						"map": "thetower",
						"x": 280,
						"y": 680
					},
					{
						"map": "sr388",
						"x": 900,
						"y": 1425
					}
				]
			},
			{
				"name": "Outside Power Plant",
				"sections": [
					{
						"name": "Power Bomb Expansion",
						"access_rules": [
							"powerbomb"
						],
						"item_count": 1
					}
				],
				"map_locations": [
					{
						"map": "thetower",
						"x": 150,
						"y": 335
					},
					{
						"map": "sr388",
						"x": 750,
						"y": 1025
					}
				]
			},
			{
				"name": "Ruined Power Plant",
				"sections": [
					{
						"name": "Missile Expansion",
						"access_rules": [
							"easy, powerbomb:2, speed, supermissile",
							"normal, powerbomb:2, speed, supermissile",
							"hard, powerbomb:3, speed, supermissile",
							"fusion, powerbomb:3, speed, supermissile",
						],
						"item_count": 1
					},
					{
						"name": "E-Tank",
						"access_rules": [
							"powerbomb:3"
						],
						"item_count": 1
					}
				],
				"map_locations": [
					{
						"map": "thetower",
						"x": 200,
						"y": 415
					},
					{
						"map": "sr388",
						"x": 825,
						"y": 1125
					}
				]
			},
			{
				"name": "Top of the Tower",
				"sections": [
					{
						"name": "Missile Expansion",
						"access_rules": [
							"spider, powerbomb",
							"spider, bomb"
						],
						"item_count": 1
					}
				],
				"map_locations": [
					{
						"map": "thetower",
						"x": 190,
						"y": 15
					},
					{
						"map": "sr388",
						"x": 800,
						"y": 650
					}
				]
			},
			{
				"name": "Top of the Tower",
				"sections": [
					{
						"name": "Missile Expansion",
						"access_rules": [
							"easy, powerbomb:3",
							"normal, powerbomb:3",
							"hard, powerbomb:5",
							"fusion, powerbomb:5",
							"bomb"
						],
						"item_count": 1
					}
				],
				"map_locations": [
					{
						"map": "thetower",
						"x": 210,
						"y": 75
					},
					{
						"map": "sr388",
						"x": 825,
						"y": 725
					}
				]
			},
			{
				"name": "Top of the Tower",
				"sections": [
					{
						"name": "E-Tank",
						"access_rules": [
							"easy, powerbomb:3",
							"normal, powerbomb:3",
							"hard, powerbomb:5",
							"fusion, powerbomb:5",
							"bomb"
						],
						"item_count": 1
					}
				],
				"map_locations": [
					{
						"map": "thetower",
						"x": 230,
						"y": 55
					},
					{
						"map": "sr388",
						"x": 850,
						"y": 700
					}
				]
			},
			{
				"name": "Inside the Tower",
				"sections": [
					{
						"name": "Super Missile Expansion",
						"access_rules": [
							"powerbomb"
						],
						"item_count": 1
					}
				],
				"map_locations": [
					{
						"map": "thetower",
						"x": 230,
						"y": 165
					},
					{
						"map": "sr388",
						"x": 850,
						"y": 825
					}
				]
			},
			{
				"name": "Inside the Tower",
				"sections": [
					{
						"name": "Plasma Beam",
						"access_rules": [
							"easy, powerbomb",
							"normal, powerbomb",
							"hard, powerbomb:2",
							"fusion, powerbomb:2",
						],
						"item_count": 1
					}
				],
				"map_locations": [
					{
						"map": "thetower",
						"x": 190,
						"y": 145
					},
					{
						"map": "sr388",
						"x": 800,
						"y": 800
					}
				]
			},
			{
				"name": "Outside the Tower",
				"sections": [
					{
						"name": "Zeta Metroid",
						"access_rules": [
							"spacejump",
							"spider"
						],
						"item_count": 1
					}
				],
				"map_locations": [
					{
						"map": "thetower",
						"x": 390,
						"y": 230
					},
					{
						"map": "sr388",
						"x": 1025,
						"y": 900
					}
				]
			},
			{
				"name": "Outside the Tower",
				"sections": [
					{
						"name": "Gamma Metroid",
						"access_rules": [
							"spacejump",
							"spider"
						],
						"item_count": 1
					}
				],
				"map_locations": [
					{
						"map": "thetower",
						"x": 280,
						"y": 155
					},
					{
						"map": "sr388",
						"x": 900,
						"y": 800
					}
				]
			},
			{
				"name": "Outside the Tower",
				"sections": [
					{
						"name": "Gamma Metroid",
						"access_rules": [
							"spacejump",
							"speed"
						],
						"item_count": 1
					}
				],
				"map_locations": [
					{
						"map": "thetower",
						"x": 370,
						"y": 35
					},
					{
						"map": "sr388",
						"x": 1000,
						"y": 675
					}
				]
			},
			{
				"name": "Inside the Tower",
				"sections": [
					{
						"name": "Zeta Metroid",
						"access_rules": [
							"bomb",
							"powerbomb"
						],
						"item_count": 1
					}
				],
				"map_locations": [
					{
						"map": "thetower",
						"x": 230,
						"y": 120
					},
					{
						"map": "sr388",
						"x": 850,
						"y": 750
					}
				]
			},
			{
				"name": "Outside Power Plant",
				"sections": [
					{
						"name": "Zeta Metroid",
						"access_rules": [
							"spacejump"
						],
						"item_count": 1
					}
				],
				"map_locations": [
					{
						"map": "thetower",
						"x": 25,
						"y": 335
					},
					{
						"map": "sr388",
						"x": 600,
						"y": 1025
					}
				]
			},
			{
				"name": "Outside Power Plant",
				"sections": [
					{
						"name": "Gamma Metroid",
						"access_rules": [
							"spacejump"
						],
						"item_count": 1
					}
				],
				"map_locations": [
					{
						"map": "thetower",
						"x": 25,
						"y": 210
					},
					{
						"map": "sr388",
						"x": 600,
						"y": 875
					}
				]
			}
		]
	}
]