﻿{
  "type": "array",
  "background": "#212121",
  "margin": "10",
  "content": [
    {
      "type": "array",
      "dropshadow": true,
      "orientation": "vertical",
      "content": [
        {
          "type": "itemgrid",
          "h_alignment": "center",
          "item_margin": "1,2",
          "item_size": 60,
          "rows": [
        [ "violet", "amber", "emerald", "cobalt" ],
		[ "skytemplekey", "agonkey", "torvuskey", "sanctuarykey" ],
        [ "bomb","powerbomb", "boostball", "spider", "darkvisor", "echovisor" ],
        [ "darksuit", "lightsuit", "spacejump", "gravity", "grapple", "screwattack" ],
        [ "darkbeam", "lightbeam", "annihilator", "darkammo", "lightammo", "etank" ],
        [ "darkburst","sunburst","sonicboom","missile","supermissile", "missileexp" ]
          ]
        }
      ]
    }
  ]
}