[
  {
    "name": "Transport to Agon Wastes",
	"type": "progressive",
	"loop": false,
	"allow_disabled": false,
	"stages": [
		{
			"img": "images/Elevators/TGAElevator.png",
			"codes": "tgaelevator"
		}
	]
  },
  {
    "name": "Elevators: TGA",
    "type": "progressive",
    "loop": true,
	"stages": [
		{
			"img": "images/Elevators/TGAElevator.png",
			"codes": "tgatgaelevator"
		},
		{
			"img": "images/Elevators/TGTElevator.png",
			"inherit_codes": false,
			"codes": "tgatgtelevator"
		},
		{
			"img": "images/Elevators/TGSElevator.png",
			"inherit_codes": false,
			"codes": "tgatgselevator"
		},
		{
			"img": "images/Elevators/TGGAElevator.png",
			"inherit_codes": false,
			"codes": "tgatggaelevator"
		},
		{
			"img": "images/Elevators/TGGBElevator.png",
			"inherit_codes": false,
			"codes": "tgatggbelevator"
		},
		{
			"img": "images/Elevators/TGGCElevator.png",
			"inherit_codes": false,
			"codes": "tgatggcelevator"
		},
		{
			"img": "images/Elevators/GTAElevator.png",
			"inherit_codes": false,
			"codes": "tgagtaelevator"
		},
		{
			"img": "images/Elevators/GTBElevator.png",
			"inherit_codes": false,
			"codes": "tgagtbelevator"
		},
		{
			"img": "images/Elevators/GTCElevator.png",
			"inherit_codes": false,
			"codes": "tgagtcelevator"
		},
		{
			"img": "images/Elevators/AWTGElevator.png",
			"inherit_codes": false,
			"codes": "tgaawtgelevator"
		},
		{
			"img": "images/Elevators/AWTElevator.png",
			"inherit_codes": false,
			"codes": "tgaawtelevator"
		},
		{
			"img": "images/Elevators/AWSElevator.png",
			"inherit_codes": false,
			"codes": "tgaawselevator"
		},
		{
			"img": "images/Elevators/TBTGElevator.png",
			"inherit_codes": false,
			"codes": "tgatbtgelevator"
		},
		{
			"img": "images/Elevators/TBAElevator.png",
			"inherit_codes": false,
			"codes": "tgatbaelevator"
		},
		{
			"img": "images/Elevators/TBSElevator.png",
			"inherit_codes": false,
			"codes": "tgatbselevator"
		},
		{
			"img": "images/Elevators/SFTGElevator.png",
			"inherit_codes": false,
			"codes": "tgasftgelevator"
		},
		{
			"img": "images/Elevators/SFAElevator.png",
			"inherit_codes": false,
			"codes": "tgasfaelevator"
		},
		{
			"img": "images/Elevators/SFTElevator.png",
			"inherit_codes": false,
			"codes": "tgasftelevator"
		}
	]
  },
  {
    "name": "Transport to Torvus Bog",
	"type": "progressive",
	"loop": false,
	"allow_disabled": false,
	"stages": [
		{
			"img": "images/Elevators/TGTElevator.png",
			"codes": "tgtelevator"
		}
	]
  },
  {
    "name": "Elevators: TGT",
    "type": "progressive",
    "loop": true,
	"stages": [
		{
			"img": "images/Elevators/TGAElevator.png",
			"codes": "tgttgaelevator"
		},
		{
			"img": "images/Elevators/TGTElevator.png",
			"inherit_codes": false,
			"codes": "tgttgtelevator"
		},
		{
			"img": "images/Elevators/TGSElevator.png",
			"inherit_codes": false,
			"codes": "tgttgselevator"
		},
		{
			"img": "images/Elevators/TGGAElevator.png",
			"inherit_codes": false,
			"codes": "tgttggaelevator"
		},
		{
			"img": "images/Elevators/TGGBElevator.png",
			"inherit_codes": false,
			"codes": "tgttggbelevator"
		},
		{
			"img": "images/Elevators/TGGCElevator.png",
			"inherit_codes": false,
			"codes": "tgttggcelevator"
		},
		{
			"img": "images/Elevators/GTAElevator.png",
			"inherit_codes": false,
			"codes": "tgtgtaelevator"
		},
		{
			"img": "images/Elevators/GTBElevator.png",
			"inherit_codes": false,
			"codes": "tgtgtbelevator"
		},
		{
			"img": "images/Elevators/GTCElevator.png",
			"inherit_codes": false,
			"codes": "tgtgtcelevator"
		},
		{
			"img": "images/Elevators/AWTGElevator.png",
			"inherit_codes": false,
			"codes": "tgtawtgelevator"
		},
		{
			"img": "images/Elevators/AWTElevator.png",
			"inherit_codes": false,
			"codes": "tgtawtelevator"
		},
		{
			"img": "images/Elevators/AWSElevator.png",
			"inherit_codes": false,
			"codes": "tgtawselevator"
		},
		{
			"img": "images/Elevators/TBTGElevator.png",
			"inherit_codes": false,
			"codes": "tgttbtgelevator"
		},
		{
			"img": "images/Elevators/TBAElevator.png",
			"inherit_codes": false,
			"codes": "tgttbaelevator"
		},
		{
			"img": "images/Elevators/TBSElevator.png",
			"inherit_codes": false,
			"codes": "tgttbselevator"
		},
		{
			"img": "images/Elevators/SFTGElevator.png",
			"inherit_codes": false,
			"codes": "tgtsftgelevator"
		},
		{
			"img": "images/Elevators/SFAElevator.png",
			"inherit_codes": false,
			"codes": "tgtsfaelevator"
		},
		{
			"img": "images/Elevators/SFTElevator.png",
			"inherit_codes": false,
			"codes": "tgtsftelevator"
		}
	]
  },
  {
    "name": "Transport to Sanctuary Fortress",
	"type": "progressive",
	"loop": false,
	"allow_disabled": false,
	"stages": [
		{
			"img": "images/Elevators/TGSElevator.png",
			"codes": "tgselevator"
		}
	]
  },
  {
    "name": "Elevators: TGS",
    "type": "progressive",
    "loop": true,
	"stages": [
		{
			"img": "images/Elevators/TGAElevator.png",
			"codes": "tgstgaelevator"
		},
		{
			"img": "images/Elevators/TGTElevator.png",
			"inherit_codes": false,
			"codes": "tgstgtelevator"
		},
		{
			"img": "images/Elevators/TGSElevator.png",
			"inherit_codes": false,
			"codes": "tgstgselevator"
		},
		{
			"img": "images/Elevators/TGGAElevator.png",
			"inherit_codes": false,
			"codes": "tgstggaelevator"
		},
		{
			"img": "images/Elevators/TGGBElevator.png",
			"inherit_codes": false,
			"codes": "tgstggbelevator"
		},
		{
			"img": "images/Elevators/TGGCElevator.png",
			"inherit_codes": false,
			"codes": "tgstggcelevator"
		},
		{
			"img": "images/Elevators/GTAElevator.png",
			"inherit_codes": false,
			"codes": "tgsgtaelevator"
		},
		{
			"img": "images/Elevators/GTBElevator.png",
			"inherit_codes": false,
			"codes": "tgsgtbelevator"
		},
		{
			"img": "images/Elevators/GTCElevator.png",
			"inherit_codes": false,
			"codes": "tgsgtcelevator"
		},
		{
			"img": "images/Elevators/AWTGElevator.png",
			"inherit_codes": false,
			"codes": "tgsawtgelevator"
		},
		{
			"img": "images/Elevators/AWTElevator.png",
			"inherit_codes": false,
			"codes": "tgsawtelevator"
		},
		{
			"img": "images/Elevators/AWSElevator.png",
			"inherit_codes": false,
			"codes": "tgsawselevator"
		},
		{
			"img": "images/Elevators/TBTGElevator.png",
			"inherit_codes": false,
			"codes": "tgstbtgelevator"
		},
		{
			"img": "images/Elevators/TBAElevator.png",
			"inherit_codes": false,
			"codes": "tgstbaelevator"
		},
		{
			"img": "images/Elevators/TBSElevator.png",
			"inherit_codes": false,
			"codes": "tgstbselevator"
		},
		{
			"img": "images/Elevators/SFTGElevator.png",
			"inherit_codes": false,
			"codes": "tgssftgelevator"
		},
		{
			"img": "images/Elevators/SFAElevator.png",
			"inherit_codes": false,
			"codes": "tgssfaelevator"
		},
		{
			"img": "images/Elevators/SFTElevator.png",
			"inherit_codes": false,
			"codes": "tgssftelevator"
		}
	]
  },
  {
    "name": "Temple Transport A",
	"type": "progressive",
	"loop": false,
	"allow_disabled": false,
	"stages": [
		{
			"img": "images/Elevators/TGGAElevator.png",
			"codes": "tggaelevator"
		}
	]
  },
  {
    "name": "Elevators: TGGA",
    "type": "progressive",
    "loop": true,
	"stages": [
		{
			"img": "images/Elevators/TGAElevator.png",
			"codes": "tggatgaelevator"
		},
		{
			"img": "images/Elevators/TGTElevator.png",
			"inherit_codes": false,
			"codes": "tggatgtelevator"
		},
		{
			"img": "images/Elevators/TGSElevator.png",
			"inherit_codes": false,
			"codes": "tggatgselevator"
		},
		{
			"img": "images/Elevators/TGGAElevator.png",
			"inherit_codes": false,
			"codes": "tggatggaelevator"
		},
		{
			"img": "images/Elevators/TGGBElevator.png",
			"inherit_codes": false,
			"codes": "tggatggbelevator"
		},
		{
			"img": "images/Elevators/TGGCElevator.png",
			"inherit_codes": false,
			"codes": "tggatggcelevator"
		},
		{
			"img": "images/Elevators/GTAElevator.png",
			"inherit_codes": false,
			"codes": "tggagtaelevator"
		},
		{
			"img": "images/Elevators/GTBElevator.png",
			"inherit_codes": false,
			"codes": "tggagtbelevator"
		},
		{
			"img": "images/Elevators/GTCElevator.png",
			"inherit_codes": false,
			"codes": "tggagtcelevator"
		},
		{
			"img": "images/Elevators/AWTGElevator.png",
			"inherit_codes": false,
			"codes": "tggaawtgelevator"
		},
		{
			"img": "images/Elevators/AWTElevator.png",
			"inherit_codes": false,
			"codes": "tggaawtelevator"
		},
		{
			"img": "images/Elevators/AWSElevator.png",
			"inherit_codes": false,
			"codes": "tggaawselevator"
		},
		{
			"img": "images/Elevators/TBTGElevator.png",
			"inherit_codes": false,
			"codes": "tggatbtgelevator"
		},
		{
			"img": "images/Elevators/TBAElevator.png",
			"inherit_codes": false,
			"codes": "tggatbaelevator"
		},
		{
			"img": "images/Elevators/TBSElevator.png",
			"inherit_codes": false,
			"codes": "tggatbselevator"
		},
		{
			"img": "images/Elevators/SFTGElevator.png",
			"inherit_codes": false,
			"codes": "tggasftgelevator"
		},
		{
			"img": "images/Elevators/SFAElevator.png",
			"inherit_codes": false,
			"codes": "tggasfaelevator"
		},
		{
			"img": "images/Elevators/SFTElevator.png",
			"inherit_codes": false,
			"codes": "tggasftelevator"
		}
	]
  },
  {
    "name": "Temple Transport B",
	"type": "progressive",
	"loop": false,
	"allow_disabled": false,
	"stages": [
		{
			"img": "images/Elevators/TGGBElevator.png",
			"codes": "tggbelevator"
		}
	]
  },
  {
    "name": "Elevators: TGGB",
    "type": "progressive",
    "loop": true,
	"stages": [
		{
			"img": "images/Elevators/TGAElevator.png",
			"codes": "tggbtgaelevator"
		},
		{
			"img": "images/Elevators/TGTElevator.png",
			"inherit_codes": false,
			"codes": "tggbtgtelevator"
		},
		{
			"img": "images/Elevators/TGSElevator.png",
			"inherit_codes": false,
			"codes": "tggbtgselevator"
		},
		{
			"img": "images/Elevators/TGGAElevator.png",
			"inherit_codes": false,
			"codes": "tggbtggaelevator"
		},
		{
			"img": "images/Elevators/TGGBElevator.png",
			"inherit_codes": false,
			"codes": "tggbtggbelevator"
		},
		{
			"img": "images/Elevators/TGGCElevator.png",
			"inherit_codes": false,
			"codes": "tggbtggcelevator"
		},
		{
			"img": "images/Elevators/GTAElevator.png",
			"inherit_codes": false,
			"codes": "tggbgtaelevator"
		},
		{
			"img": "images/Elevators/GTBElevator.png",
			"inherit_codes": false,
			"codes": "tggbgtbelevator"
		},
		{
			"img": "images/Elevators/GTCElevator.png",
			"inherit_codes": false,
			"codes": "tggbgtcelevator"
		},
		{
			"img": "images/Elevators/AWTGElevator.png",
			"inherit_codes": false,
			"codes": "tggbawtgelevator"
		},
		{
			"img": "images/Elevators/AWTElevator.png",
			"inherit_codes": false,
			"codes": "tggbawtelevator"
		},
		{
			"img": "images/Elevators/AWSElevator.png",
			"inherit_codes": false,
			"codes": "tggbawselevator"
		},
		{
			"img": "images/Elevators/TBTGElevator.png",
			"inherit_codes": false,
			"codes": "tggbtbtgelevator"
		},
		{
			"img": "images/Elevators/TBAElevator.png",
			"inherit_codes": false,
			"codes": "tggbtbaelevator"
		},
		{
			"img": "images/Elevators/TBSElevator.png",
			"inherit_codes": false,
			"codes": "tggbtbselevator"
		},
		{
			"img": "images/Elevators/SFTGElevator.png",
			"inherit_codes": false,
			"codes": "tggbsftgelevator"
		},
		{
			"img": "images/Elevators/SFAElevator.png",
			"inherit_codes": false,
			"codes": "tggbsfaelevator"
		},
		{
			"img": "images/Elevators/SFTElevator.png",
			"inherit_codes": false,
			"codes": "tggbsftelevator"
		}
	]
  },
  {
    "name": "Temple Transport C",
	"type": "progressive",
	"loop": false,
	"allow_disabled": false,
	"stages": [
		{
			"img": "images/Elevators/TGGCElevator.png",
			"codes": "tggcelevator"
		}
	]
  },
  {
    "name": "Elevators: TGGC",
    "type": "progressive",
    "loop": true,
	"stages": [
		{
			"img": "images/Elevators/TGAElevator.png",
			"codes": "tggctgaelevator"
		},
		{
			"img": "images/Elevators/TGTElevator.png",
			"inherit_codes": false,
			"codes": "tggctgtelevator"
		},
		{
			"img": "images/Elevators/TGSElevator.png",
			"inherit_codes": false,
			"codes": "tggctgselevator"
		},
		{
			"img": "images/Elevators/TGGAElevator.png",
			"inherit_codes": false,
			"codes": "tggctggaelevator"
		},
		{
			"img": "images/Elevators/TGGBElevator.png",
			"inherit_codes": false,
			"codes": "tggctggbelevator"
		},
		{
			"img": "images/Elevators/TGGCElevator.png",
			"inherit_codes": false,
			"codes": "tggctggcelevator"
		},
		{
			"img": "images/Elevators/GTAElevator.png",
			"inherit_codes": false,
			"codes": "tggcgtaelevator"
		},
		{
			"img": "images/Elevators/GTBElevator.png",
			"inherit_codes": false,
			"codes": "tggcgtbelevator"
		},
		{
			"img": "images/Elevators/GTCElevator.png",
			"inherit_codes": false,
			"codes": "tggcgtcelevator"
		},
		{
			"img": "images/Elevators/AWTGElevator.png",
			"inherit_codes": false,
			"codes": "tggcawtgelevator"
		},
		{
			"img": "images/Elevators/AWTElevator.png",
			"inherit_codes": false,
			"codes": "tggcawtelevator"
		},
		{
			"img": "images/Elevators/AWSElevator.png",
			"inherit_codes": false,
			"codes": "tggcawselevator"
		},
		{
			"img": "images/Elevators/TBTGElevator.png",
			"inherit_codes": false,
			"codes": "tggctbtgelevator"
		},
		{
			"img": "images/Elevators/TBAElevator.png",
			"inherit_codes": false,
			"codes": "tggctbaelevator"
		},
		{
			"img": "images/Elevators/TBSElevator.png",
			"inherit_codes": false,
			"codes": "tggctbselevator"
		},
		{
			"img": "images/Elevators/SFTGElevator.png",
			"inherit_codes": false,
			"codes": "tggcsftgelevator"
		},
		{
			"img": "images/Elevators/SFAElevator.png",
			"inherit_codes": false,
			"codes": "tggcsfaelevator"
		},
		{
			"img": "images/Elevators/SFTElevator.png",
			"inherit_codes": false,
			"codes": "tggcsftelevator"
		}
	]
  },
  {
    "name": "Temple Transport A",
	"type": "progressive",
	"loop": false,
	"allow_disabled": false,
	"stages": [
		{
			"img": "images/Elevators/GTAElevator.png",
			"codes": "gtaelevator"
		}
	]
  },
  {
    "name": "Elevators: GTA",
    "type": "progressive",
    "loop": true,
	"stages": [
		{
			"img": "images/Elevators/TGAElevator.png",
			"codes": "gtatgaelevator"
		},
		{
			"img": "images/Elevators/TGTElevator.png",
			"inherit_codes": false,
			"codes": "gtatgtelevator"
		},
		{
			"img": "images/Elevators/TGSElevator.png",
			"inherit_codes": false,
			"codes": "gtatgselevator"
		},
		{
			"img": "images/Elevators/TGGAElevator.png",
			"inherit_codes": false,
			"codes": "gtatggaelevator"
		},
		{
			"img": "images/Elevators/TGGBElevator.png",
			"inherit_codes": false,
			"codes": "gtatggbelevator"
		},
		{
			"img": "images/Elevators/TGGCElevator.png",
			"inherit_codes": false,
			"codes": "gtatggcelevator"
		},
		{
			"img": "images/Elevators/GTAElevator.png",
			"inherit_codes": false,
			"codes": "gtagtaelevator"
		},
		{
			"img": "images/Elevators/GTBElevator.png",
			"inherit_codes": false,
			"codes": "gtagtbelevator"
		},
		{
			"img": "images/Elevators/GTCElevator.png",
			"inherit_codes": false,
			"codes": "gtagtcelevator"
		},
		{
			"img": "images/Elevators/AWTGElevator.png",
			"inherit_codes": false,
			"codes": "gtaawtgelevator"
		},
		{
			"img": "images/Elevators/AWTElevator.png",
			"inherit_codes": false,
			"codes": "gtaawtelevator"
		},
		{
			"img": "images/Elevators/AWSElevator.png",
			"inherit_codes": false,
			"codes": "gtaawselevator"
		},
		{
			"img": "images/Elevators/TBTGElevator.png",
			"inherit_codes": false,
			"codes": "gtatbtgelevator"
		},
		{
			"img": "images/Elevators/TBAElevator.png",
			"inherit_codes": false,
			"codes": "gtatbaelevator"
		},
		{
			"img": "images/Elevators/TBSElevator.png",
			"inherit_codes": false,
			"codes": "gtatbselevator"
		},
		{
			"img": "images/Elevators/SFTGElevator.png",
			"inherit_codes": false,
			"codes": "gtasftgelevator"
		},
		{
			"img": "images/Elevators/SFAElevator.png",
			"inherit_codes": false,
			"codes": "gtasfaelevator"
		},
		{
			"img": "images/Elevators/SFTElevator.png",
			"inherit_codes": false,
			"codes": "gtasftelevator"
		}
	]
  },
  {
    "name": "Temple Transport B",
	"type": "progressive",
	"loop": false,
	"allow_disabled": false,
	"stages": [
		{
			"img": "images/Elevators/GTBElevator.png",
			"codes": "gtbelevator"
		}
	]
  },
  {
    "name": "Elevators: GTB",
    "type": "progressive",
    "loop": true,
	"stages": [
		{
			"img": "images/Elevators/TGAElevator.png",
			"codes": "gtbtgaelevator"
		},
		{
			"img": "images/Elevators/TGTElevator.png",
			"inherit_codes": false,
			"codes": "gtbtgtelevator"
		},
		{
			"img": "images/Elevators/TGSElevator.png",
			"inherit_codes": false,
			"codes": "gtbtgselevator"
		},
		{
			"img": "images/Elevators/TGGAElevator.png",
			"inherit_codes": false,
			"codes": "gtbtggaelevator"
		},
		{
			"img": "images/Elevators/TGGBElevator.png",
			"inherit_codes": false,
			"codes": "gtbtggbelevator"
		},
		{
			"img": "images/Elevators/TGGCElevator.png",
			"inherit_codes": false,
			"codes": "gtbtggcelevator"
		},
		{
			"img": "images/Elevators/GTAElevator.png",
			"inherit_codes": false,
			"codes": "gtbgtaelevator"
		},
		{
			"img": "images/Elevators/GTBElevator.png",
			"inherit_codes": false,
			"codes": "gtbgtbelevator"
		},
		{
			"img": "images/Elevators/GTCElevator.png",
			"inherit_codes": false,
			"codes": "gtbgtcelevator"
		},
		{
			"img": "images/Elevators/AWTGElevator.png",
			"inherit_codes": false,
			"codes": "gtbawtgelevator"
		},
		{
			"img": "images/Elevators/AWTElevator.png",
			"inherit_codes": false,
			"codes": "gtbawtelevator"
		},
		{
			"img": "images/Elevators/AWSElevator.png",
			"inherit_codes": false,
			"codes": "gtbawselevator"
		},
		{
			"img": "images/Elevators/TBTGElevator.png",
			"inherit_codes": false,
			"codes": "gtbtbtgelevator"
		},
		{
			"img": "images/Elevators/TBAElevator.png",
			"inherit_codes": false,
			"codes": "gtbtbaelevator"
		},
		{
			"img": "images/Elevators/TBSElevator.png",
			"inherit_codes": false,
			"codes": "gtbtbselevator"
		},
		{
			"img": "images/Elevators/SFTGElevator.png",
			"inherit_codes": false,
			"codes": "gtbsftgelevator"
		},
		{
			"img": "images/Elevators/SFAElevator.png",
			"inherit_codes": false,
			"codes": "gtbsfaelevator"
		},
		{
			"img": "images/Elevators/SFTElevator.png",
			"inherit_codes": false,
			"codes": "gtbsftelevator"
		}
	]
  },
  {
    "name": "Temple Transport C",
	"type": "progressive",
	"loop": false,
	"allow_disabled": false,
	"stages": [
		{
			"img": "images/Elevators/GTCElevator.png",
			"codes": "gtcelevator"
		}
	]
  },
  {
    "name": "Elevators: TGGC",
    "type": "progressive",
    "loop": true,
	"stages": [
		{
			"img": "images/Elevators/TGAElevator.png",
			"codes": "gtctgaelevator"
		},
		{
			"img": "images/Elevators/TGTElevator.png",
			"inherit_codes": false,
			"codes": "gtctgtelevator"
		},
		{
			"img": "images/Elevators/TGSElevator.png",
			"inherit_codes": false,
			"codes": "gtctgselevator"
		},
		{
			"img": "images/Elevators/TGGAElevator.png",
			"inherit_codes": false,
			"codes": "gtctggaelevator"
		},
		{
			"img": "images/Elevators/TGGBElevator.png",
			"inherit_codes": false,
			"codes": "gtctggbelevator"
		},
		{
			"img": "images/Elevators/TGGCElevator.png",
			"inherit_codes": false,
			"codes": "gtctggcelevator"
		},
		{
			"img": "images/Elevators/GTAElevator.png",
			"inherit_codes": false,
			"codes": "gtcgtaelevator"
		},
		{
			"img": "images/Elevators/GTBElevator.png",
			"inherit_codes": false,
			"codes": "gtcgtbelevator"
		},
		{
			"img": "images/Elevators/GTCElevator.png",
			"inherit_codes": false,
			"codes": "gtcgtcelevator"
		},
		{
			"img": "images/Elevators/AWTGElevator.png",
			"inherit_codes": false,
			"codes": "gtcawtgelevator"
		},
		{
			"img": "images/Elevators/AWTElevator.png",
			"inherit_codes": false,
			"codes": "gtcawtelevator"
		},
		{
			"img": "images/Elevators/AWSElevator.png",
			"inherit_codes": false,
			"codes": "gtcawselevator"
		},
		{
			"img": "images/Elevators/TBTGElevator.png",
			"inherit_codes": false,
			"codes": "gtctbtgelevator"
		},
		{
			"img": "images/Elevators/TBAElevator.png",
			"inherit_codes": false,
			"codes": "gtctbaelevator"
		},
		{
			"img": "images/Elevators/TBSElevator.png",
			"inherit_codes": false,
			"codes": "gtctbselevator"
		},
		{
			"img": "images/Elevators/SFTGElevator.png",
			"inherit_codes": false,
			"codes": "gtcsftgelevator"
		},
		{
			"img": "images/Elevators/SFAElevator.png",
			"inherit_codes": false,
			"codes": "gtcsfaelevator"
		},
		{
			"img": "images/Elevators/SFTElevator.png",
			"inherit_codes": false,
			"codes": "gtcsftelevator"
		}
	]
  },
  {
    "name": "Transport to Temple Grounds",
	"type": "progressive",
	"loop": false,
	"allow_disabled": false,
	"stages": [
		{
			"img": "images/Elevators/AWTGElevator.png",
			"codes": "awtgelevator"
		}
	]
  },
  {
    "name": "Elevators: AWTG",
    "type": "progressive",
    "loop": true,
	"stages": [
		{
			"img": "images/Elevators/TGAElevator.png",
			"codes": "awtgtgaelevator"
		},
		{
			"img": "images/Elevators/TGTElevator.png",
			"inherit_codes": false,
			"codes": "awtgtgtelevator"
		},
		{
			"img": "images/Elevators/TGSElevator.png",
			"inherit_codes": false,
			"codes": "awtgtgselevator"
		},
		{
			"img": "images/Elevators/TGGAElevator.png",
			"inherit_codes": false,
			"codes": "awtgtggaelevator"
		},
		{
			"img": "images/Elevators/TGGBElevator.png",
			"inherit_codes": false,
			"codes": "awtgtggbelevator"
		},
		{
			"img": "images/Elevators/TGGCElevator.png",
			"inherit_codes": false,
			"codes": "awtgtggcelevator"
		},
		{
			"img": "images/Elevators/GTAElevator.png",
			"inherit_codes": false,
			"codes": "awtggtaelevator"
		},
		{
			"img": "images/Elevators/GTBElevator.png",
			"inherit_codes": false,
			"codes": "awtggtbelevator"
		},
		{
			"img": "images/Elevators/GTCElevator.png",
			"inherit_codes": false,
			"codes": "awtggtcelevator"
		},
		{
			"img": "images/Elevators/AWTGElevator.png",
			"inherit_codes": false,
			"codes": "awtgawtgelevator"
		},
		{
			"img": "images/Elevators/AWTElevator.png",
			"inherit_codes": false,
			"codes": "awtgawtelevator"
		},
		{
			"img": "images/Elevators/AWSElevator.png",
			"inherit_codes": false,
			"codes": "awtgawselevator"
		},
		{
			"img": "images/Elevators/TBTGElevator.png",
			"inherit_codes": false,
			"codes": "awtgtbtgelevator"
		},
		{
			"img": "images/Elevators/TBAElevator.png",
			"inherit_codes": false,
			"codes": "awtgtbaelevator"
		},
		{
			"img": "images/Elevators/TBSElevator.png",
			"inherit_codes": false,
			"codes": "awtgtbselevator"
		},
		{
			"img": "images/Elevators/SFTGElevator.png",
			"inherit_codes": false,
			"codes": "awtgsftgelevator"
		},
		{
			"img": "images/Elevators/SFAElevator.png",
			"inherit_codes": false,
			"codes": "awtgsfaelevator"
		},
		{
			"img": "images/Elevators/SFTElevator.png",
			"inherit_codes": false,
			"codes": "awtgsftelevator"
		}
	]
  },
  {
    "name": "Transport to Torvus Bog",
	"type": "progressive",
	"loop": false,
	"allow_disabled": false,
	"stages": [
		{
			"img": "images/Elevators/AWTElevator.png",
			"codes": "awtelevator"
		}
	]
  },
  {
    "name": "Elevators: AWT",
    "type": "progressive",
    "loop": true,
	"stages": [
		{
			"img": "images/Elevators/TGAElevator.png",
			"codes": "awttgaelevator"
		},
		{
			"img": "images/Elevators/TGTElevator.png",
			"inherit_codes": false,
			"codes": "awttgtelevator"
		},
		{
			"img": "images/Elevators/TGSElevator.png",
			"inherit_codes": false,
			"codes": "awttgselevator"
		},
		{
			"img": "images/Elevators/TGGAElevator.png",
			"inherit_codes": false,
			"codes": "awttggaelevator"
		},
		{
			"img": "images/Elevators/TGGBElevator.png",
			"inherit_codes": false,
			"codes": "awttggbelevator"
		},
		{
			"img": "images/Elevators/TGGCElevator.png",
			"inherit_codes": false,
			"codes": "awttggcelevator"
		},
		{
			"img": "images/Elevators/GTAElevator.png",
			"inherit_codes": false,
			"codes": "awtgtaelevator"
		},
		{
			"img": "images/Elevators/GTBElevator.png",
			"inherit_codes": false,
			"codes": "awtgtbelevator"
		},
		{
			"img": "images/Elevators/GTCElevator.png",
			"inherit_codes": false,
			"codes": "awtgtcelevator"
		},
		{
			"img": "images/Elevators/AWTGElevator.png",
			"inherit_codes": false,
			"codes": "awtawtgelevator"
		},
		{
			"img": "images/Elevators/AWTElevator.png",
			"inherit_codes": false,
			"codes": "awtawtelevator"
		},
		{
			"img": "images/Elevators/AWSElevator.png",
			"inherit_codes": false,
			"codes": "awtawselevator"
		},
		{
			"img": "images/Elevators/TBTGElevator.png",
			"inherit_codes": false,
			"codes": "awttbtgelevator"
		},
		{
			"img": "images/Elevators/TBAElevator.png",
			"inherit_codes": false,
			"codes": "awttbaelevator"
		},
		{
			"img": "images/Elevators/TBSElevator.png",
			"inherit_codes": false,
			"codes": "awttbselevator"
		},
		{
			"img": "images/Elevators/SFTGElevator.png",
			"inherit_codes": false,
			"codes": "awtsftgelevator"
		},
		{
			"img": "images/Elevators/SFAElevator.png",
			"inherit_codes": false,
			"codes": "awtsfaelevator"
		},
		{
			"img": "images/Elevators/SFTElevator.png",
			"inherit_codes": false,
			"codes": "awtsftelevator"
		}
	]
  },
  {
    "name": "Transport to Sanctuary Fortress",
	"type": "progressive",
	"loop": false,
	"allow_disabled": false,
	"stages": [
		{
			"img": "images/Elevators/AWSElevator.png",
			"codes": "awselevator"
		}
	]
  },
  {
    "name": "Elevators: AWS",
    "type": "progressive",
    "loop": true,
	"stages": [
		{
			"img": "images/Elevators/TGAElevator.png",
			"codes": "awstgaelevator"
		},
		{
			"img": "images/Elevators/TGTElevator.png",
			"inherit_codes": false,
			"codes": "awstgtelevator"
		},
		{
			"img": "images/Elevators/TGSElevator.png",
			"inherit_codes": false,
			"codes": "awstgselevator"
		},
		{
			"img": "images/Elevators/TGGAElevator.png",
			"inherit_codes": false,
			"codes": "awstggaelevator"
		},
		{
			"img": "images/Elevators/TGGBElevator.png",
			"inherit_codes": false,
			"codes": "awstggbelevator"
		},
		{
			"img": "images/Elevators/TGGCElevator.png",
			"inherit_codes": false,
			"codes": "awstggcelevator"
		},
		{
			"img": "images/Elevators/GTAElevator.png",
			"inherit_codes": false,
			"codes": "awsgtaelevator"
		},
		{
			"img": "images/Elevators/GTBElevator.png",
			"inherit_codes": false,
			"codes": "awsgtbelevator"
		},
		{
			"img": "images/Elevators/GTCElevator.png",
			"inherit_codes": false,
			"codes": "awsgtcelevator"
		},
		{
			"img": "images/Elevators/AWTGElevator.png",
			"inherit_codes": false,
			"codes": "awsawtgelevator"
		},
		{
			"img": "images/Elevators/AWTElevator.png",
			"inherit_codes": false,
			"codes": "awsawtelevator"
		},
		{
			"img": "images/Elevators/AWSElevator.png",
			"inherit_codes": false,
			"codes": "awsawselevator"
		},
		{
			"img": "images/Elevators/TBTGElevator.png",
			"inherit_codes": false,
			"codes": "awstbtgelevator"
		},
		{
			"img": "images/Elevators/TBAElevator.png",
			"inherit_codes": false,
			"codes": "awstbaelevator"
		},
		{
			"img": "images/Elevators/TBSElevator.png",
			"inherit_codes": false,
			"codes": "awstbselevator"
		},
		{
			"img": "images/Elevators/SFTGElevator.png",
			"inherit_codes": false,
			"codes": "awssftgelevator"
		},
		{
			"img": "images/Elevators/SFAElevator.png",
			"inherit_codes": false,
			"codes": "awssfaelevator"
		},
		{
			"img": "images/Elevators/SFTElevator.png",
			"inherit_codes": false,
			"codes": "awssftelevator"
		}
	]
  },
  {
    "name": "Transport to Agon Wastes",
	"type": "progressive",
	"loop": false,
	"allow_disabled": false,
	"stages": [
		{
			"img": "images/Elevators/TBAElevator.png",
			"codes": "tbaelevator"
		}
	]
  },
  {
    "name": "Elevators: TBA",
    "type": "progressive",
    "loop": true,
	"stages": [
		{
			"img": "images/Elevators/TGAElevator.png",
			"codes": "tbatgaelevator"
		},
		{
			"img": "images/Elevators/TGTElevator.png",
			"inherit_codes": false,
			"codes": "tbatgtelevator"
		},
		{
			"img": "images/Elevators/TGSElevator.png",
			"inherit_codes": false,
			"codes": "tbatgselevator"
		},
		{
			"img": "images/Elevators/TGGAElevator.png",
			"inherit_codes": false,
			"codes": "tbatggaelevator"
		},
		{
			"img": "images/Elevators/TGGBElevator.png",
			"inherit_codes": false,
			"codes": "tbatggbelevator"
		},
		{
			"img": "images/Elevators/TGGCElevator.png",
			"inherit_codes": false,
			"codes": "tbatggcelevator"
		},
		{
			"img": "images/Elevators/GTAElevator.png",
			"inherit_codes": false,
			"codes": "tbagtaelevator"
		},
		{
			"img": "images/Elevators/GTBElevator.png",
			"inherit_codes": false,
			"codes": "tbagtbelevator"
		},
		{
			"img": "images/Elevators/GTCElevator.png",
			"inherit_codes": false,
			"codes": "tbagtcelevator"
		},
		{
			"img": "images/Elevators/AWTGElevator.png",
			"inherit_codes": false,
			"codes": "tbaawtgelevator"
		},
		{
			"img": "images/Elevators/AWTElevator.png",
			"inherit_codes": false,
			"codes": "tbaawtelevator"
		},
		{
			"img": "images/Elevators/AWSElevator.png",
			"inherit_codes": false,
			"codes": "tbaawselevator"
		},
		{
			"img": "images/Elevators/TBTGElevator.png",
			"inherit_codes": false,
			"codes": "tbatbtgelevator"
		},
		{
			"img": "images/Elevators/TBAElevator.png",
			"inherit_codes": false,
			"codes": "tbatbaelevator"
		},
		{
			"img": "images/Elevators/TBSElevator.png",
			"inherit_codes": false,
			"codes": "tbatbselevator"
		},
		{
			"img": "images/Elevators/SFTGElevator.png",
			"inherit_codes": false,
			"codes": "tbasftgelevator"
		},
		{
			"img": "images/Elevators/SFAElevator.png",
			"inherit_codes": false,
			"codes": "tbasfaelevator"
		},
		{
			"img": "images/Elevators/SFTElevator.png",
			"inherit_codes": false,
			"codes": "tbasftelevator"
		}
	]
  },
  {
    "name": "Transport to Temple Grounds",
	"type": "progressive",
	"loop": false,
	"allow_disabled": false,
	"stages": [
		{
			"img": "images/Elevators/TBTGElevator.png",
			"codes": "tbtgelevator"
		}
	]
  },
  {
    "name": "Elevators: TBTG",
    "type": "progressive",
    "loop": true,
	"stages": [
		{
			"img": "images/Elevators/TGAElevator.png",
			"codes": "tbtgtgaelevator"
		},
		{
			"img": "images/Elevators/TGTElevator.png",
			"inherit_codes": false,
			"codes": "tbtgtgtelevator"
		},
		{
			"img": "images/Elevators/TGSElevator.png",
			"inherit_codes": false,
			"codes": "tbtgtgselevator"
		},
		{
			"img": "images/Elevators/TGGAElevator.png",
			"inherit_codes": false,
			"codes": "tbtgtggaelevator"
		},
		{
			"img": "images/Elevators/TGGBElevator.png",
			"inherit_codes": false,
			"codes": "tbtgtggbelevator"
		},
		{
			"img": "images/Elevators/TGGCElevator.png",
			"inherit_codes": false,
			"codes": "tbtgtggcelevator"
		},
		{
			"img": "images/Elevators/GTAElevator.png",
			"inherit_codes": false,
			"codes": "tbtggtaelevator"
		},
		{
			"img": "images/Elevators/GTBElevator.png",
			"inherit_codes": false,
			"codes": "tbtggtbelevator"
		},
		{
			"img": "images/Elevators/GTCElevator.png",
			"inherit_codes": false,
			"codes": "tbtggtcelevator"
		},
		{
			"img": "images/Elevators/AWTGElevator.png",
			"inherit_codes": false,
			"codes": "tbtgawtgelevator"
		},
		{
			"img": "images/Elevators/AWTElevator.png",
			"inherit_codes": false,
			"codes": "tbtgawtelevator"
		},
		{
			"img": "images/Elevators/AWSElevator.png",
			"inherit_codes": false,
			"codes": "tbtgawselevator"
		},
		{
			"img": "images/Elevators/TBTGElevator.png",
			"inherit_codes": false,
			"codes": "tbtgtbtgelevator"
		},
		{
			"img": "images/Elevators/TBAElevator.png",
			"inherit_codes": false,
			"codes": "tbtgtbaelevator"
		},
		{
			"img": "images/Elevators/TBSElevator.png",
			"inherit_codes": false,
			"codes": "tbtgtbselevator"
		},
		{
			"img": "images/Elevators/SFTGElevator.png",
			"inherit_codes": false,
			"codes": "tbtgsftgelevator"
		},
		{
			"img": "images/Elevators/SFAElevator.png",
			"inherit_codes": false,
			"codes": "tbtgsfaelevator"
		},
		{
			"img": "images/Elevators/SFTElevator.png",
			"inherit_codes": false,
			"codes": "tbtgsftelevator"
		}
	]
  },
  {
    "name": "Transport to Sanctuary Fortress",
	"type": "progressive",
	"loop": false,
	"allow_disabled": false,
	"stages": [
		{
			"img": "images/Elevators/TBSElevator.png",
			"codes": "tbselevator"
		}
	]
  },
  {
    "name": "Elevators: TBS",
    "type": "progressive",
    "loop": true,
	"stages": [
		{
			"img": "images/Elevators/TGAElevator.png",
			"codes": "tbstgaelevator"
		},
		{
			"img": "images/Elevators/TGTElevator.png",
			"inherit_codes": false,
			"codes": "tbstgtelevator"
		},
		{
			"img": "images/Elevators/TGSElevator.png",
			"inherit_codes": false,
			"codes": "tbstgselevator"
		},
		{
			"img": "images/Elevators/TGGAElevator.png",
			"inherit_codes": false,
			"codes": "tbstggaelevator"
		},
		{
			"img": "images/Elevators/TGGBElevator.png",
			"inherit_codes": false,
			"codes": "tbstggbelevator"
		},
		{
			"img": "images/Elevators/TGGCElevator.png",
			"inherit_codes": false,
			"codes": "tbstggcelevator"
		},
		{
			"img": "images/Elevators/GTAElevator.png",
			"inherit_codes": false,
			"codes": "tbsgtaelevator"
		},
		{
			"img": "images/Elevators/GTBElevator.png",
			"inherit_codes": false,
			"codes": "tbsgtbelevator"
		},
		{
			"img": "images/Elevators/GTCElevator.png",
			"inherit_codes": false,
			"codes": "tbsgtcelevator"
		},
		{
			"img": "images/Elevators/AWTGElevator.png",
			"inherit_codes": false,
			"codes": "tbsawtgelevator"
		},
		{
			"img": "images/Elevators/AWTElevator.png",
			"inherit_codes": false,
			"codes": "tbsawtelevator"
		},
		{
			"img": "images/Elevators/AWSElevator.png",
			"inherit_codes": false,
			"codes": "tbsawselevator"
		},
		{
			"img": "images/Elevators/TBTGElevator.png",
			"inherit_codes": false,
			"codes": "tbstbtgelevator"
		},
		{
			"img": "images/Elevators/TBAElevator.png",
			"inherit_codes": false,
			"codes": "tbstbaelevator"
		},
		{
			"img": "images/Elevators/TBSElevator.png",
			"inherit_codes": false,
			"codes": "tbstbselevator"
		},
		{
			"img": "images/Elevators/SFTGElevator.png",
			"inherit_codes": false,
			"codes": "tbssftgelevator"
		},
		{
			"img": "images/Elevators/SFAElevator.png",
			"inherit_codes": false,
			"codes": "tbssfaelevator"
		},
		{
			"img": "images/Elevators/SFTElevator.png",
			"inherit_codes": false,
			"codes": "tbssftelevator"
		}
	]
  },
  {
    "name": "Transport to Agon Wastes",
	"type": "progressive",
	"loop": false,
	"allow_disabled": false,
	"stages": [
		{
			"img": "images/Elevators/SFAElevator.png",
			"codes": "sfaelevator"
		}
	]
  },
  {
    "name": "Elevators: SFA",
    "type": "progressive",
    "loop": true,
	"stages": [
		{
			"img": "images/Elevators/TGAElevator.png",
			"codes": "sfatgaelevator"
		},
		{
			"img": "images/Elevators/TGTElevator.png",
			"inherit_codes": false,
			"codes": "sfatgtelevator"
		},
		{
			"img": "images/Elevators/TGSElevator.png",
			"inherit_codes": false,
			"codes": "sfatgselevator"
		},
		{
			"img": "images/Elevators/TGGAElevator.png",
			"inherit_codes": false,
			"codes": "sfatggaelevator"
		},
		{
			"img": "images/Elevators/TGGBElevator.png",
			"inherit_codes": false,
			"codes": "sfatggbelevator"
		},
		{
			"img": "images/Elevators/TGGCElevator.png",
			"inherit_codes": false,
			"codes": "sfatggcelevator"
		},
		{
			"img": "images/Elevators/GTAElevator.png",
			"inherit_codes": false,
			"codes": "sfagtaelevator"
		},
		{
			"img": "images/Elevators/GTBElevator.png",
			"inherit_codes": false,
			"codes": "sfagtbelevator"
		},
		{
			"img": "images/Elevators/GTCElevator.png",
			"inherit_codes": false,
			"codes": "sfagtcelevator"
		},
		{
			"img": "images/Elevators/AWTGElevator.png",
			"inherit_codes": false,
			"codes": "sfaawtgelevator"
		},
		{
			"img": "images/Elevators/AWTElevator.png",
			"inherit_codes": false,
			"codes": "sfaawtelevator"
		},
		{
			"img": "images/Elevators/AWSElevator.png",
			"inherit_codes": false,
			"codes": "sfaawselevator"
		},
		{
			"img": "images/Elevators/TBTGElevator.png",
			"inherit_codes": false,
			"codes": "sfatbtgelevator"
		},
		{
			"img": "images/Elevators/TBAElevator.png",
			"inherit_codes": false,
			"codes": "sfatbaelevator"
		},
		{
			"img": "images/Elevators/TBSElevator.png",
			"inherit_codes": false,
			"codes": "sfatbselevator"
		},
		{
			"img": "images/Elevators/SFTGElevator.png",
			"inherit_codes": false,
			"codes": "sfasftgelevator"
		},
		{
			"img": "images/Elevators/SFAElevator.png",
			"inherit_codes": false,
			"codes": "sfasfaelevator"
		},
		{
			"img": "images/Elevators/SFTElevator.png",
			"inherit_codes": false,
			"codes": "sfasftelevator"
		}
	]
  },
  {
    "name": "Transport to Torvus Bog",
	"type": "progressive",
	"loop": false,
	"allow_disabled": false,
	"stages": [
		{
			"img": "images/Elevators/SFTElevator.png",
			"codes": "sftelevator"
		}
	]
  },
  {
    "name": "Elevators: SFT",
    "type": "progressive",
    "loop": true,
	"stages": [
		{
			"img": "images/Elevators/TGAElevator.png",
			"codes": "sfttgaelevator"
		},
		{
			"img": "images/Elevators/TGTElevator.png",
			"inherit_codes": false,
			"codes": "sfttgtelevator"
		},
		{
			"img": "images/Elevators/TGSElevator.png",
			"inherit_codes": false,
			"codes": "sfttgselevator"
		},
		{
			"img": "images/Elevators/TGGAElevator.png",
			"inherit_codes": false,
			"codes": "sfttggaelevator"
		},
		{
			"img": "images/Elevators/TGGBElevator.png",
			"inherit_codes": false,
			"codes": "sfttggbelevator"
		},
		{
			"img": "images/Elevators/TGGCElevator.png",
			"inherit_codes": false,
			"codes": "sfttggcelevator"
		},
		{
			"img": "images/Elevators/GTAElevator.png",
			"inherit_codes": false,
			"codes": "sftgtaelevator"
		},
		{
			"img": "images/Elevators/GTBElevator.png",
			"inherit_codes": false,
			"codes": "sftgtbelevator"
		},
		{
			"img": "images/Elevators/GTCElevator.png",
			"inherit_codes": false,
			"codes": "sftgtcelevator"
		},
		{
			"img": "images/Elevators/AWTGElevator.png",
			"inherit_codes": false,
			"codes": "sftawtgelevator"
		},
		{
			"img": "images/Elevators/AWTElevator.png",
			"inherit_codes": false,
			"codes": "sftawtelevator"
		},
		{
			"img": "images/Elevators/AWSElevator.png",
			"inherit_codes": false,
			"codes": "sftawselevator"
		},
		{
			"img": "images/Elevators/TBTGElevator.png",
			"inherit_codes": false,
			"codes": "sfttbtgelevator"
		},
		{
			"img": "images/Elevators/TBAElevator.png",
			"inherit_codes": false,
			"codes": "sfttbaelevator"
		},
		{
			"img": "images/Elevators/TBSElevator.png",
			"inherit_codes": false,
			"codes": "sfttbselevator"
		},
		{
			"img": "images/Elevators/SFTGElevator.png",
			"inherit_codes": false,
			"codes": "sftsftgelevator"
		},
		{
			"img": "images/Elevators/SFAElevator.png",
			"inherit_codes": false,
			"codes": "sftsfaelevator"
		},
		{
			"img": "images/Elevators/SFTElevator.png",
			"inherit_codes": false,
			"codes": "sftsftelevator"
		}
	]
  },
  {
    "name": "Transport to Temple Grounds",
	"type": "progressive",
	"loop": false,
	"allow_disabled": false,
	"stages": [
		{
			"img": "images/Elevators/SFTGElevator.png",
			"codes": "sftgelevator"
		}
	]
  },
  {
    "name": "Elevators: SFTG",
    "type": "progressive",
    "loop": true,
	"stages": [
		{
			"img": "images/Elevators/TGAElevator.png",
			"codes": "sftgtgaelevator"
		},
		{
			"img": "images/Elevators/TGTElevator.png",
			"inherit_codes": false,
			"codes": "sftgtgtelevator"
		},
		{
			"img": "images/Elevators/TGSElevator.png",
			"inherit_codes": false,
			"codes": "sftgtgselevator"
		},
		{
			"img": "images/Elevators/TGGAElevator.png",
			"inherit_codes": false,
			"codes": "sftgtggaelevator"
		},
		{
			"img": "images/Elevators/TGGBElevator.png",
			"inherit_codes": false,
			"codes": "sftgtggbelevator"
		},
		{
			"img": "images/Elevators/TGGCElevator.png",
			"inherit_codes": false,
			"codes": "sftgtggcelevator"
		},
		{
			"img": "images/Elevators/GTAElevator.png",
			"inherit_codes": false,
			"codes": "sftggtaelevator"
		},
		{
			"img": "images/Elevators/GTBElevator.png",
			"inherit_codes": false,
			"codes": "sftggtbelevator"
		},
		{
			"img": "images/Elevators/GTCElevator.png",
			"inherit_codes": false,
			"codes": "sftggtcelevator"
		},
		{
			"img": "images/Elevators/AWTGElevator.png",
			"inherit_codes": false,
			"codes": "sftgawtgelevator"
		},
		{
			"img": "images/Elevators/AWTElevator.png",
			"inherit_codes": false,
			"codes": "sftgawtelevator"
		},
		{
			"img": "images/Elevators/AWSElevator.png",
			"inherit_codes": false,
			"codes": "sftgawselevator"
		},
		{
			"img": "images/Elevators/TBTGElevator.png",
			"inherit_codes": false,
			"codes": "sftgtbtgelevator"
		},
		{
			"img": "images/Elevators/TBAElevator.png",
			"inherit_codes": false,
			"codes": "sftgtbaelevator"
		},
		{
			"img": "images/Elevators/TBSElevator.png",
			"inherit_codes": false,
			"codes": "sftgtbselevator"
		},
		{
			"img": "images/Elevators/SFTGElevator.png",
			"inherit_codes": false,
			"codes": "sftgsftgelevator"
		},
		{
			"img": "images/Elevators/SFAElevator.png",
			"inherit_codes": false,
			"codes": "sftgsfaelevator"
		},
		{
			"img": "images/Elevators/SFTElevator.png",
			"inherit_codes": false,
			"codes": "sftgsftelevator"
		}
	]
  }
]
