[
  {
    "name": "Hive Access Tunnel Gate",
    "type": "progressive",
	"allow_disabled": false,
    "loop": false,
	"stages": [
		{
			"img": "images/Gates/HiveAccessTunnel.png",
			"codes": "hiveaccesstunnelgate"
		}
	]
  },
  {
    "name": "Hive Transport Area Gate",
    "type": "progressive",
	"allow_disabled": false,
    "loop": false,
	"stages": [
		{
			"img": "images/Gates/HiveTransportArea.png",
			"codes": "hivetransportareagate"
		}
	]
  },
  {
    "name": "Meeting Grounds Gate",
    "type": "progressive",
	"allow_disabled": false,
    "loop": false,
	"stages": [
		{
			"img": "images/Gates/MeetingGrounds.png",
			"codes": "meetinggroundsgate"
		}
	]
  },
  {
    "name": "Industrial Site Gate",
    "type": "progressive",
	"allow_disabled": false,
    "loop": false,
	"stages": [
		{
			"img": "images/Gates/IndustrialSite.png",
			"codes": "industrialsitegate"
		}
	]
  },
  {
    "name": "Path of Eyes Gate",
    "type": "progressive",
	"allow_disabled": false,
    "loop": false,
	"stages": [
		{
			"img": "images/Gates/PathOfEyes.png",
			"codes": "pathofeyesgate"
		}
	]
  },
  {
    "name": "Temple Assembly Site Gate",
    "type": "progressive",
	"allow_disabled": false,
    "loop": false,
	"stages": [
		{
			"img": "images/Gates/TempleAssemblySite.png",
			"codes": "templeassemblysitegate"
		}
	]
  },
  {
    "name": "GFMC Compound Gate",
    "type": "progressive",
	"allow_disabled": false,
    "loop": false,
	"stages": [
		{
			"img": "images/Gates/GFMCCompound.png",
			"codes": "gfmccompoundgate"
		}
	]
  },
  {
    "name": "Temple Sanctuary: Agon Gate",
    "type": "progressive",
	"allow_disabled": false,
    "loop": false,
	"stages": [
		{
			"img": "images/Gates/TempleSanctuaryAgon.png",
			"codes": "templesanctuaryagongate"
		}
	]
  },
  {
    "name": "Temple Sanctuary: Torvus Gate",
    "type": "progressive",
	"allow_disabled": false,
    "loop": false,
	"stages": [
		{
			"img": "images/Gates/TempleSanctuaryTorvus.png",
			"codes": "templesanctuarytorvusgate"
		}
	]
  },
  {
    "name": "Temple Sanctuary: Sanctuary Gate",
    "type": "progressive",
	"allow_disabled": false,
    "loop": false,
	"stages": [
		{
			"img": "images/Gates/TempleSanctuarySanctuary.png",
			"codes": "templesanctuarysanctuarygate"
		}
	]
  },
  {
    "name": "Mining Plaza Gate",
    "type": "progressive",
	"allow_disabled": false,
    "loop": false,
	"stages": [
		{
			"img": "images/Gates/MiningPlaza.png",
			"codes": "miningplazagate"
		}
	]
  },
  {
    "name": "Mining Station A Gate",
    "type": "progressive",
	"allow_disabled": false,
    "loop": false,
	"stages": [
		{
			"img": "images/Gates/MiningStationA.png",
			"codes": "miningstationagate"
		}
	]
  },
  {
    "name": "Great Bridge Gate",
    "type": "progressive",
	"allow_disabled": false,
    "loop": false,
	"stages": [
		{
			"img": "images/Gates/GreatBridge.png",
			"codes": "greatbridgegate"
		}
	]
  },
  {
    "name": "Torvus Temple Gate",
    "type": "progressive",
	"allow_disabled": false,
    "loop": false,
	"stages": [
		{
			"img": "images/Gates/TorvusTempleGate.png",
			"codes": "torvustemplegate"
		}
	]
  },
  {
    "name": "Torvus Temple Elevator",
    "type": "progressive",
	"allow_disabled": false,
    "loop": false,
	"stages": [
		{
			"img": "images/Gates/TorvusTempleElevator.png",
			"codes": "torvustempleelevator"
		}
	]
  },
  {
    "name": "Reactor Core Gate",
    "type": "progressive",
	"allow_disabled": false,
    "loop": false,
	"stages": [
		{
			"img": "images/Gates/ReactorCore.png",
			"codes": "reactorcoregate"
		}
	]
  },
  {
    "name": "Sanctuary Temple Gate",
    "type": "progressive",
	"allow_disabled": false,
    "loop": false,
	"stages": [
		{
			"img": "images/Gates/SanctuaryTemple.png",
			"codes": "sanctuarytemplegate"
		}
	]
  },
  {
    "name": "Hive Access Tunnel Gate Violet",
    "type": "toggle",
    "loop": true,
    "img": "images/Suit/violet.png",
    "initial_active_state": true,
    "codes": "hatviolet"
  },
  {
    "name": "Hive Access Tunnel Gate Amber",
    "type": "toggle",
    "loop": true,
    "img": "images/Suit/amber.png",
    "codes": "hatamber"
  },
  {
    "name": "Hive Access Tunnel Gate Emerald",
    "type": "toggle",
    "loop": true,
    "img": "images/Suit/emerald.png",
    "codes": "hatemerald"
  },
  {
    "name": "Hive Access Tunnel Gate Cobalt",
    "type": "toggle",
    "loop": true,
    "img": "images/Suit/cobalt.png",
    "codes": "hatcobalt"
  },
  {
    "name": "Hive Trasnport Area Gate Violet",
    "type": "toggle",
    "loop": true,
    "img": "images/Suit/violet.png",
    "initial_active_state": true,
    "codes": "htaviolet"
  },
  {
    "name": "Hive Trasnport Area Gate Amber",
    "type": "toggle",
    "loop": true,
    "img": "images/Suit/amber.png",
    "codes": "htaamber"
  },
  {
    "name": "Hive Trasnport Area Gate Emerald",
    "type": "toggle",
    "loop": true,
    "img": "images/Suit/emerald.png",
    "codes": "htaemerald"
  },
  {
    "name": "Hive Trasnport Area Gate Cobalt",
    "type": "toggle",
    "loop": true,
    "img": "images/Suit/cobalt.png",
    "codes": "htacobalt"
  },
  {
    "name": "Meeting Grounds Gate Violet",
    "type": "toggle",
    "loop": true,
    "img": "images/Suit/violet.png",
    "initial_active_state": true,
    "codes": "mgviolet"
  },
  {
    "name": "Meeting Grounds Gate Amber",
    "type": "toggle",
    "loop": true,
    "img": "images/Suit/amber.png",
    "codes": "mgamber"
  },
  {
    "name": "Meeting Grounds Gate Emerald",
    "type": "toggle",
    "loop": true,
    "img": "images/Suit/emerald.png",
    "codes": "mgemerald"
  },
  {
    "name": "Meeting Grounds Gate Cobalt",
    "type": "toggle",
    "loop": true,
    "img": "images/Suit/cobalt.png",
    "codes": "mgcobalt"
  },
  {
    "name": "Industrial Site Gate Violet",
    "type": "toggle",
    "loop": true,
    "img": "images/Suit/violet.png",
    "initial_active_state": true,
    "codes": "isviolet"
  },
  {
    "name": "Industrial Site Gate Amber",
    "type": "toggle",
    "loop": true,
    "img": "images/Suit/amber.png",
    "codes": "isamber"
  },
  {
    "name": "Industrial Site Gate Emerald",
    "type": "toggle",
    "loop": true,
    "img": "images/Suit/emerald.png",
    "codes": "isemerald"
  },
  {
    "name": "Industrial Site Gate Cobalt",
    "type": "toggle",
    "loop": true,
    "img": "images/Suit/cobalt.png",
    "codes": "iscobalt"
  },
  {
    "name": "Path of Eyes Gate Violet",
    "type": "toggle",
    "loop": true,
    "img": "images/Suit/violet.png",
    "codes": "poeviolet"
  },
  {
    "name": "Path of Eyes Gate Amber",
    "type": "toggle",
    "loop": true,
    "img": "images/Suit/amber.png",
    "initial_active_state": true,
    "codes": "poeamber"
  },
  {
    "name": "Path of Eyes Gate Emerald",
    "type": "toggle",
    "loop": true,
    "img": "images/Suit/emerald.png",
    "codes": "poeemerald"
  },
  {
    "name": "Path of Eyes Gate Cobalt",
    "type": "toggle",
    "loop": true,
    "img": "images/Suit/cobalt.png",
    "codes": "poecobalt"
  },
  {
    "name": "Temple Assembly Site Gate Violet",
    "type": "toggle",
    "loop": true,
    "img": "images/Suit/violet.png",
    "initial_active_state": true,
    "codes": "tasviolet"
  },
  {
    "name": "Temple Assembly Site Gate Amber",
    "type": "toggle",
    "loop": true,
    "img": "images/Suit/amber.png",
    "codes": "tasamber"
  },
  {
    "name": "Temple Assembly Site Gate Emerald",
    "type": "toggle",
    "loop": true,
    "img": "images/Suit/emerald.png",
    "codes": "tasemerald"
  },
  {
    "name": "Temple Assembly Site Gate Cobalt",
    "type": "toggle",
    "loop": true,
    "img": "images/Suit/cobalt.png",
    "codes": "tascobalt"
  },
  {
    "name": "GFMC Compound Gate Violet",
    "type": "toggle",
    "loop": true,
    "img": "images/Suit/violet.png",
    "initial_active_state": true,
    "codes": "gfmcviolet"
  },
  {
    "name": "GFMC Compound Gate Amber",
    "type": "toggle",
    "loop": true,
    "img": "images/Suit/amber.png",
    "codes": "gfmcamber"
  },
  {
    "name": "GFMC Compound Gate Emerald",
    "type": "toggle",
    "loop": true,
    "img": "images/Suit/emerald.png",
    "codes": "gfmcemerald"
  },
  {
    "name": "GFMC Compound Gate Cobalt",
    "type": "toggle",
    "loop": true,
    "img": "images/Suit/cobalt.png",
    "codes": "gfmccobalt"
  },
  {
    "name": "Temple Sanctuary: Agon Gate Violet",
    "type": "toggle",
    "loop": true,
    "img": "images/Suit/violet.png",
    "initial_active_state": true,
    "codes": "tsaviolet"
  },
  {
    "name": "Temple Sanctuary: Agon Gate Amber",
    "type": "toggle",
    "loop": true,
    "img": "images/Suit/amber.png",
    "codes": "tsaamber"
  },
  {
    "name": "Temple Sanctuary: Agon Gate Emerald",
    "type": "toggle",
    "loop": true,
    "img": "images/Suit/emerald.png",
    "codes": "tsaemerald"
  },
  {
    "name": "Temple Sanctuary: Agon Gate Cobalt",
    "type": "toggle",
    "loop": true,
    "img": "images/Suit/cobalt.png",
    "codes": "tsacobalt"
  },
  {
    "name": "Temple Sanctuary: Torvus Gate Violet",
    "type": "toggle",
    "loop": true,
    "img": "images/Suit/violet.png",
    "codes": "tstviolet"
  },
  {
    "name": "Temple Sanctuary: Torvus Gate Amber",
    "type": "toggle",
    "loop": true,
    "img": "images/Suit/amber.png",
    "initial_active_state": true,
    "codes": "tstamber"
  },
  {
    "name": "Temple Sanctuary: Torvus Gate Emerald",
    "type": "toggle",
    "loop": true,
    "img": "images/Suit/emerald.png",
    "codes": "tstemerald"
  },
  {
    "name": "Temple Sanctuary: Torvus Gate Cobalt",
    "type": "toggle",
    "loop": true,
    "img": "images/Suit/cobalt.png",
    "codes": "tstcobalt"
  },
  {
    "name": "Temple Sanctuary: Sanctuary Gate Violet",
    "type": "toggle",
    "loop": true,
    "img": "images/Suit/violet.png",
    "codes": "tssviolet"
  },
  {
    "name": "Temple Sanctuary: Sanctuary Gate Amber",
    "type": "toggle",
    "loop": true,
    "img": "images/Suit/amber.png",
    "codes": "tssamber"
  },
  {
    "name": "Temple Sanctuary: Sanctuary Gate Emerald",
    "type": "toggle",
    "loop": true,
    "img": "images/Suit/emerald.png",
    "initial_active_state": true,
    "codes": "tssemerald"
  },
  {
    "name": "Temple Sanctuary: Sanctuary Gate Cobalt",
    "type": "toggle",
    "loop": true,
    "img": "images/Suit/cobalt.png",
    "codes": "tsscobalt"
  },
  {
    "name": "Mining Plaza Gate Violet",
    "type": "toggle",
    "loop": true,
    "img": "images/Suit/violet.png",
    "codes": "mpviolet"
  },
  {
    "name": "Mining Plaza Gate Amber",
    "type": "toggle",
    "loop": true,
    "img": "images/Suit/amber.png",
    "initial_active_state": true,
    "codes": "mpamber"
  },
  {
    "name": "Mining Plaza Gate Emerald",
    "type": "toggle",
    "loop": true,
    "img": "images/Suit/emerald.png",
    "codes": "mpemerald"
  },
  {
    "name": "Mining Plaza Gate Cobalt",
    "type": "toggle",
    "loop": true,
    "img": "images/Suit/cobalt.png",
    "codes": "mpcobalt"
  },
  {
    "name": "Mining Station A Gate Violet",
    "type": "toggle",
    "loop": true,
    "img": "images/Suit/violet.png",
    "codes": "msaviolet"
  },
  {
    "name": "Mining Station A Gate Amber",
    "type": "toggle",
    "loop": true,
    "img": "images/Suit/amber.png",
    "initial_active_state": true,
    "codes": "msaamber"
  },
  {
    "name": "Mining Station A Gate Emerald",
    "type": "toggle",
    "loop": true,
    "img": "images/Suit/emerald.png",
    "codes": "msaemerald"
  },
  {
    "name": "Mining Station A Gate Cobalt",
    "type": "toggle",
    "loop": true,
    "img": "images/Suit/cobalt.png",
    "codes": "msacobalt"
  },
  {
    "name": "Great Bridge Gate Violet",
    "type": "toggle",
    "loop": true,
    "img": "images/Suit/violet.png",
    "codes": "gbviolet"
  },
  {
    "name": "Great Bridge Gate Amber",
    "type": "toggle",
    "loop": true,
    "img": "images/Suit/amber.png",
    "codes": "gbamber"
  },
  {
    "name": "Great Bridge Gate Emerald",
    "type": "toggle",
    "loop": true,
    "img": "images/Suit/emerald.png",
    "initial_active_state": true,
    "codes": "gbemerald"
  },
  {
    "name": "Great Bridge Gate Cobalt",
    "type": "toggle",
    "loop": true,
    "img": "images/Suit/cobalt.png",
    "codes": "gbcobalt"
  },
  {
    "name": "Torvus Temple Gate Violet",
    "type": "toggle",
    "loop": true,
    "img": "images/Suit/violet.png",
    "codes": "ttgviolet"
  },
  {
    "name": "Torvus Temple Gate Amber",
    "type": "toggle",
    "loop": true,
    "img": "images/Suit/amber.png",
    "codes": "ttgamber"
  },
  {
    "name": "Torvus Temple Gate Emerald",
    "type": "toggle",
    "loop": true,
    "img": "images/Suit/emerald.png",
    "initial_active_state": true,
    "codes": "ttgemerald"
  },
  {
    "name": "Torvus Temple Gate Cobalt",
    "type": "toggle",
    "loop": true,
    "img": "images/Suit/cobalt.png",
    "codes": "ttgcobalt"
  },
  {
    "name": "Torvus Temple Elevator Violet",
    "type": "toggle",
    "loop": true,
    "img": "images/Suit/violet.png",
    "codes": "tteviolet"
  },
  {
    "name": "Torvus Temple Elevator Amber",
    "type": "toggle",
    "loop": true,
    "img": "images/Suit/amber.png",
    "codes": "tteamber"
  },
  {
    "name": "Torvus Temple Elevator Emerald",
    "type": "toggle",
    "loop": true,
    "img": "images/Suit/emerald.png",
    "initial_active_state": true,
    "codes": "tteemerald"
  },
  {
    "name": "Torvus Temple Elevator Cobalt",
    "type": "toggle",
    "loop": true,
    "img": "images/Suit/cobalt.png",
    "codes": "ttecobalt"
  },
  {
    "name": "Reactor Core Gate Violet",
    "type": "toggle",
    "loop": true,
    "img": "images/Suit/violet.png",
    "codes": "rcviolet"
  },
  {
    "name": "Reactor Core Gate Amber",
    "type": "toggle",
    "loop": true,
    "img": "images/Suit/amber.png",
    "codes": "rcamber"
  },
  {
    "name": "Reactor Core Gate Emerald",
    "type": "toggle",
    "loop": true,
    "img": "images/Suit/emerald.png",
    "codes": "rcemerald"
  },
  {
    "name": "Reactor Core Gate Cobalt",
    "type": "toggle",
    "loop": true,
    "img": "images/Suit/cobalt.png",
    "initial_active_state": true,
    "codes": "rccobalt"
  },
  {
    "name": "Sanctuary Temple Gate Violet",
    "type": "toggle",
    "loop": true,
    "img": "images/Suit/violet.png",
    "codes": "stviolet"
  },
  {
    "name": "Sanctuary Temple Gate Amber",
    "type": "toggle",
    "loop": true,
    "img": "images/Suit/amber.png",
    "codes": "stamber"
  },
  {
    "name": "Sanctuary Temple Gate Emerald",
    "type": "toggle",
    "loop": true,
    "img": "images/Suit/emerald.png",
    "codes": "stemerald"
  },
  {
    "name": "Sanctuary Temple Gate Cobalt",
    "type": "toggle",
    "loop": true,
    "img": "images/Suit/cobalt.png",
    "initial_active_state": true,
    "codes": "stcobalt"
  }
]