[
	{
		"name": "Temple Grounds",
		"color": "#653162"
	},
	{
		"name": "Sky Temple Grounds",
		"color": "#dd6688"
	},
	{
		"name": "Agon Wastes",
		"color": "#cc8844"
	},
	{
		"name": "Dark Agon Wastes",
		"color": "#dd6688"
	},
	{
		"name": "Torvus Bog",
		"color": "#559966"
	},
	{
		"name": "Dark Torvus Bog",
		"color": "#dd6688"
	},
	{
		"name": "Sanctuary Fortress",
		"color": "#88eeff"
	},
	{
		"name": "Ing Hive",
		"color": "#dd6688"
	},
	{
		"name": "Great Temple",
		"color": "#653162"
	},
	{
		"name": "Sky Temple",
		"color": "#dd6688"
	}
]