[
  {
    "name": "Dark Beam",
    "type": "toggle",
    "loop": true,
    "img": "images/Beams/darkbeam.png",
    "codes": "darkbeam"
  },
  {
    "name": "Light Beam",
    "type": "toggle",
    "loop": true,
    "img": "images/Beams/lightbeam.png",
    "codes": "lightbeam"
  },
  {
    "name": "Annihilator Beam",
    "type": "toggle",
    "loop": true,
    "img": "images/Beams/annihilator.png",
    "codes": "annihilator,annihilatorbeam"
  },
  {
    "name": "Charge Beam",
    "type": "toggle",
    "loop": true,
    "img": "images/Beams/chargebeam.png",
    "codes": "charge,chargebeam"
  },
  {
    "name": "Super Missile",
    "type": "toggle",
    "loop": true,
    "img": "images/Missiles/supermissile.png",
    "codes": "superitem,super,supermissile,supermissiles"
  },
  {
    "name": "Missiles",
    "type": "progressive",
    "loop": false,
	"stages": [
		{
			"img": "images/Missiles/missile.png",
			"codes": "missile,missiles"
		},
		{
			"img": "images/Missiles/seekermissile.png",
			"codes": "seeker,seekermissile"
		}
	]
  },
  {
    "name": "Darkburst",
    "type": "toggle",
    "loop": true,
    "img": "images/Missiles/darkburst.png",
    "codes": "darkburst,darkitem,darkcombo"
  },
  {
    "name": "Sunburst",
    "type": "toggle",
    "loop": true,
    "img": "images/Missiles/sunburst.png",
    "codes": "sun,sunitem,sunburst,lightcombo"
  },
  {
    "name": "Sonic Boom",
    "type": "toggle",
    "loop": true,
    "img": "images/Missiles/sonicboom.png",
    "codes": "sonic,sonicitem,sonicboom,annihilatorcombo"
  },
  {
    "name": "Grapple",
    "type": "toggle",
    "loop": true,
    "img": "images/Beams/grapple.png",
    "codes": "grapple,grapplebeam"
  },
  {
    "name": "Screw Attack",
    "type": "toggle",
    "loop": true,
    "img": "images/Suit/screwattack.png",
    "codes": "screw,screwattack"
  },
  {
    "name": "Dark Suit",
    "type": "toggle",
    "loop": true,
    "img": "images/Suit/darksuit.png",
    "codes": "darksuit"
  },
  {
    "name": "Light Suit",
    "type": "toggle",
    "loop": true,
    "img": "images/Suit/lightsuit.png",
    "codes": "lightsuit"
  },
  {
    "name": "Gravity Boost",
    "type": "toggle",
    "loop": true,
    "img": "images/Suit/gravityboost.png",
    "codes": "gravity,gravityboost,gravityitem"
  },
  {
    "name": "Bomb",
    "type": "toggle",
    "loop": true,
    "img": "images/Morph/bomb.png",
    "codes": "bomb,bombs"
  },
  {
    "name": "Boost Ball",
    "type": "toggle",
    "loop": true,
    "img": "images/Morph/boostball.png",
    "codes": "boost,boostball"
  },
  {
    "name": "Spider Ball",
    "type": "toggle",
    "loop": true,
    "img": "images/Morph/spider.png",
    "codes": "spider,spiderball"
  },
  {
    "name": "Space Jump Boots",
    "type": "toggle",
    "loop": true,
    "img": "images/Suit/spacejump.png",
    "codes": "space,spacejump,spacejumpboots"
  },
  {
    "name": "Scan Visor",
    "type": "toggle",
    "loop": true,
    "img": "images/Suit/scanvisor.png",
    "codes": "scan,scanvisor"
  },
  {
    "name": "Dark Visor",
    "type": "toggle",
    "loop": true,
    "img": "images/Suit/darkvisor.png",
    "codes": "darkvisor"
  },
  {
    "name": "Echo Visor",
    "type": "toggle",
    "loop": true,
    "img": "images/Suit/echovisor.png",
    "codes": "echo,echovisor"
  },
  {
    "name": "E-Tanks",
    "type": "consumable",
    "img": "images/Suit/etank.png",
    "max_quantity": 14,
    "codes": "etank,etanks"
  },
  {
    "name": "Missile Capacity",
    "type": "consumable",
    "img": "images/Missiles/missileexp.png",
    "max_quantity": 245,
    "increment": 5,
    "codes": "missileexp,missileexps"
  },
  {
    "name": "Power Bomb Capacity",
    "type": "consumable",
    "img": "images/Morph/powerbomb.png",
    "max_quantity": 10,
    "codes": "powerbomb,powerbombs,pb,pbs"
  },
  {
    "name": "Beam Ammo Expansion",
    "type": "consumable",
    "img": "images/Beams/beamammo.png",
    "max_quantity": 200,
	"increment": 10,
    "codes": "beamammo,beamexpansion,ammo"
  },
  {
    "name": "Dark Beam Ammo Expansion",
    "type": "consumable",
    "img": "images/Beams/darkammo.png",
    "max_quantity": 200,
	"increment": 10,
    "codes": "darkammo,darkbeamexpansion"
  },
  {
    "name": "Light Beam Ammo Expansion",
    "type": "consumable",
    "img": "images/Beams/lightammo.png",
    "max_quantity": 200,
	"increment": 10,
    "codes": "lightammo,lightbeamexpansion"
  },
  {
    "name": "Violet Translator",
    "type": "toggle",
    "loop": true,
    "img": "images/Suit/violet.png",
    "codes": "violet"
  },
  {
    "name": "Amber Translator",
    "type": "toggle",
    "loop": true,
    "img": "images/Suit/amber.png",
    "codes": "amber"
  },
  {
    "name": "Emerald Translator",
    "type": "toggle",
    "loop": true,
    "img": "images/Suit/emerald.png",
    "codes": "emerald"
  },
  {
    "name": "Cobalt Translator",
    "type": "toggle",
    "loop": true,
    "img": "images/Suit/cobalt.png",
    "codes": "cobalt"
  },
  {
    "name": "Agon Temple Key",
    "type": "consumable",
    "img": "images/Keys/agonkey.png",
    "max_quantity": 3,
    "codes": "agonkey"
  },
  {
    "name": "Torvus Temple Key",
    "type": "consumable",
    "img": "images/Keys/torvuskey.png",
    "max_quantity": 3,
    "codes": "torvuskey"
  },
  {
    "name": "Ing Hive Key",
    "type": "consumable",
    "img": "images/Keys/sanctuarykey.png",
    "max_quantity": 3,
    "codes": "sanctuarykey"
  },
  {
    "name": "Sky Temple Key",
    "type": "consumable",
    "img": "images/Keys/skykey.png",
    "max_quantity": 9,
    "codes": "skytemplekey"
  },
  {
	"name": "Bomb Guardian",
	"type": "toggle",
    "loop": true,
	"img": "images/Guardians/bombguard.png",
	"codes": "bombguardian"
  },
  {
	"name": "Jump Guardian",
	"type": "toggle",
    "loop": true,
	"img": "images/Guardians/jumpguard.png",
	"codes": "jumpguardian"
  },
  {
	"name": "Boost Guardian",
	"type": "toggle",
    "loop": true,
	"img": "images/Guardians/boostguard.png",
	"codes": "boostguardian"
  },
  {
	"name": "Grapple Guardian",
	"type": "toggle",
    "loop": true,
	"img": "images/Guardians/grappleguard.png",
	"codes": "grappleguardian"
  },
  {
	"name": "Spider Guardian",
	"type": "toggle",
    "loop": true,
	"img": "images/Guardians/spiderguard.png",
	"codes": "spiderguardian"
  },
  {
	"name": "Power Bomb Guardian",
	"type": "toggle",
    "loop": true,
	"img": "images/Guardians/powerguard.png",
	"codes": "powerguardian"
  },
  {
	"name": "Amorbis",
	"type": "toggle",
    "loop": true,
	"img": "images/Guardians/amorbis.png",
	"codes": "amorbis"
  },
  {
	"name": "Chykka",
	"type": "toggle",
    "loop": true,
	"img": "images/Guardians/chykka.png",
	"codes": "chykka"
  },
  {
	"name": "Quadraxis",
	"type": "toggle",
    "loop": true,
	"img": "images/Guardians/quadraxis.png",
	"codes": "quadraxis"
  }
]