﻿[
  {
    "name": "templegrounds",
    "location_size": 20,
    "location_border_thickness": 5,
    "img": "images/Maps/map_templegrounds.png"
},
  {
    "name": "skytg",
    "location_size": 20,
    "location_border_thickness": 5,
    "img": "images/Maps/map_skytg.png"
},
  {
    "name": "agonwastes",
    "location_size": 20,
    "location_border_thickness": 5,
    "img": "images/Maps/map_agon.png"
},
  {
    "name": "darkagon",
    "location_size": 20,
    "location_border_thickness": 5,
    "img": "images/Maps/map_darkagon.png"
},
  {
    "name": "torvusbog",
    "location_size": 20,
    "location_border_thickness": 5,
    "img": "images/Maps/map_torvus.png"
},
  {
    "name": "darktorvus",
    "location_size": 20,
    "location_border_thickness": 5,
    "img": "images/Maps/map_darktorvus.png"
},
  {
    "name": "sanctuaryfortress",
    "location_size": 20,
    "location_border_thickness": 5,
    "img": "images/Maps/map_sanctuary.png"
},
  {
    "name": "inghive",
    "location_size": 20,
    "location_border_thickness": 5,
    "img": "images/Maps/map_inghive.png"
},
  {
    "name": "greattemple",
    "location_size": 20,
    "location_border_thickness": 5,
    "img": "images/Maps/map_temple.png"
}
]