{
	"options_popup": {
		"type": "tabbed",
		"tabs": [
			{
				"title": "Translator Gates",
				"content": {
					"type": "array",
					"orientation": "vertical",
					"content": [
						{
							"type": "scroll",
							"horizontal_scrollbar_visibility": "auto",
							"vertical_scrollbar_visibility": "auto",
							"max_height": 500,
							"content": [
								{
									"type": "array",
									"orientation": "vertical",
									"item_margin": "1,2",
									"content": [
										{
											"type": "item",
											"item": "hiveaccesstunnelgate",
											"width": 200,
											"height": 16
										},
										{
											"type": "itemgrid",
											"item_size": 30,
											"rows": [
												[ "hatviolet", "hatamber", "hatemerald", "hatcobalt" ]
											]
										},
										{
											"type": "item",
											"item": "meetinggroundsgate",
											"width": 200,
											"height": 16
										},
										{
											"type": "itemgrid",
											"item_size": 30,
											"rows": [
												[ "mgviolet", "mgamber", "mgemerald", "mgcobalt" ]
											]
										},
										{
											"type": "item",
											"item": "hivetransportareagate",
											"width": 200,
											"height": 16
										},
										{
											"type": "itemgrid",
											"item_size": 30,
											"rows": [
												[ "htaviolet", "htaamber", "htaemerald", "htacobalt" ]
											]
										},
										{
											"type": "item",
											"item": "industrialsitegate",
											"width": 200,
											"height": 16
										},
										{
											"type": "itemgrid",
											"item_size": 30,
											"rows": [
												[ "isviolet", "isamber", "isemerald", "iscobalt" ]
											]
										},
										{
											"type": "item",
											"item": "pathofeyesgate",
											"width": 200,
											"height": 16
										},
										{
											"type": "itemgrid",
											"item_size": 30,
											"rows": [
												[ "poeviolet", "poeamber", "poeemerald", "poecobalt" ]
											]
										},
										{
											"type": "item",
											"item": "templeassemblysitegate",
											"width": 200,
											"height": 16
										},
										{
											"type": "itemgrid",
											"item_size": 30,
											"rows": [
												[ "tasviolet", "tasamber", "tasemerald", "tascobalt" ]
											]
										},
										{
											"type": "item",
											"item": "gfmccompoundgate",
											"width": 200,
											"height": 16
										},
										{
											"type": "itemgrid",
											"item_size": 30,
											"rows": [
												[ "gfmcviolet", "gfmcamber", "gfmcemerald", "gfmccobalt" ]
											]
										},
										{
											"type": "item",
											"item": "templesanctuaryagongate",
											"width": 200,
											"height": 16
										},
										{
											"type": "itemgrid",
											"item_size": 30,
											"rows": [
												[ "tsaviolet", "tsaamber", "tsaemerald", "tsacobalt" ]
											]
										},
										{
											"type": "item",
											"item": "templesanctuarytorvusgate",
											"width": 200,
											"height": 16
										},
										{
											"type": "itemgrid",
											"item_size": 30,
											"rows": [
												[ "tstviolet", "tstamber", "tstemerald", "tstcobalt" ]
											]
										},
										{
											"type": "item",
											"item": "templesanctuarysanctuarygate",
											"width": 200,
											"height": 16
										},
										{
											"type": "itemgrid",
											"item_size": 30,
											"rows": [
												[ "tssviolet", "tssamber", "tssemerald", "tsscobalt" ]
											]
										},
										{
											"type": "item",
											"item": "miningplazagate",
											"width": 200,
											"height": 16
										},
										{
											"type": "itemgrid",
											"item_size": 30,
											"rows": [
												[ "mpviolet", "mpamber", "mpemerald", "mpcobalt" ]
											]
										},
										{
											"type": "item",
											"item": "miningstationagate",
											"width": 200,
											"height": 16
										},
										{
											"type": "itemgrid",
											"item_size": 30,
											"rows": [
												[ "msaviolet", "msaamber", "msaemerald", "msacobalt" ]
											]
										},
										{
											"type": "item",
											"item": "greatbridgegate",
											"width": 200,
											"height": 16
										},
										{
											"type": "itemgrid",
											"item_size": 30,
											"rows": [
												[ "gbviolet", "gbamber", "gbemerald", "gbcobalt" ]
											]
										},
										{
											"type": "item",
											"item": "torvustemplegate",
											"width": 200,
											"height": 16
										},
										{
											"type": "itemgrid",
											"item_size": 30,
											"rows": [
												[ "ttgviolet", "ttgamber", "ttgemerald", "ttgcobalt" ]
											]
										},
										{
											"type": "item",
											"item": "torvustempleelevator",
											"width": 200,
											"height": 16
										},
										{
											"type": "itemgrid",
											"item_size": 30,
											"rows": [
												[ "tteviolet", "tteamber", "tteemerald", "ttecobalt" ]
											]
										},
										{
											"type": "item",
											"item": "reactorcoregate",
											"width": 200,
											"height": 16
										},
										{
											"type": "itemgrid",
											"item_size": 30,
											"rows": [
												[ "rcviolet", "rcamber", "rcemerald", "rccobalt" ]
											]
										},
										{
											"type": "item",
											"item": "sanctuarytemplegate",
											"width": 200,
											"height": 16
										},
										{
											"type": "itemgrid",
											"item_size": 30,
											"rows": [
												[ "stviolet", "stamber", "stemerald", "stcobalt" ]
											]
										}
									]
								}
							]
						}
					]
				}
			},
			{
				"title": "Guardians",
				"content": {
					"type": "array",
					"orientation": "vertical",
					"content": [
						{
							"type": "itemgrid",
							"item_size": 50,
							"rows": [
								[ "charge", "scanvisor" ]
							]
						},
						{
							"type": "itemgrid",
							"item_size": 50,
							"rows": [
								[ "amorbis", "chykka", "quadraxis" ],
								[ "bombguardian", "jumpguardian", "boostguardian" ],
								[ "grappleguardian", "spiderguardian", "powerguardian" ]
							]
						}
					]
				}
			}
		]
	}
}
