{
  "map_enabled": true,
  "auto_pin_capturing_locations": false,
  "auto_unpin_on_clear": true,
  "layout_swap_left_right": false,
  "disabled_image_filter": "dim",
  "layouts": {
    "shared_item_grid": {
      "type": "itemgrid",
      "h_alignment": "center",
      "item_margin": "1,2",
	  "item_size": 40,
      "rows": [
        [ "violet", "amber", "emerald", "cobalt" ],
		[ "skytemplekey", "agonkey", "torvuskey", "sanctuarykey" ],
        [ "bomb","powerbomb", "boostball", "spider", "darkvisor", "echovisor" ],
        [ "darksuit", "lightsuit", "spacejump", "gravity", "grapple", "screwattack" ],
        [ "darkbeam", "lightbeam", "annihilator", "darkammo", "lightammo", "etank" ],
        [ "darkburst","sunburst","sonicboom","missile","supermissile", "missileexp" ]
      ]
    },
    "tracker_capture_item": {
      "type": "container",
      "content": {
        "type": "itemgrid",
        "h_alignment": "center",
        "item_margin": "1,2",
		"item_size": 40,
        "rows": [
        [ "violet", "amber", "emerald", "cobalt" ],
		[ "skytemplekey", "agonkey", "torvuskey", "sanctuarykey" ],
        [ "bomb","powerbomb", "boostball", "spider", "darkvisor", "echovisor" ],
        [ "darksuit", "lightsuit", "spacejump", "gravity", "grapple", "screwattack" ],
        [ "darkbeam", "lightbeam", "annihilator", "darkammo", "lightammo", "etank" ],
        [ "darkburst","sunburst","sonicboom","missile","supermissile", "missileexp" ]
        ]
      }
    },
    "tracker_default": {
      "type": "container",
      "background": "#000000",
      "content": {
        "type": "dock",
        "dropshadow": true,
        "content": [
          {
            "type": "dock",
            "dock": "left",
            "v_alignment": "stretch",
            "content": [
              {
                "type": "group",
                "header": "Items",
                "dock": "top",
				"scale": 1,
                "content": {
                  "type": "layout",
                  "key": "shared_item_grid"
                }
              },
              {
                "type": "group",
                "header": "Pinned Locations",
                "content": {
                  "type": "recentpins",
                  "style": "wrap",
                  "h_alignment": "stretch",
                  "v_alignment": "stretch",
                  "orientation": "vertical",
                  "compact": true
                }
              }
            ]
          },
        {
          "type": "tabbed",
          "tabs": [
            {
              "title": "Temple Grounds",
              "icon": "images/Icons/icon_temple.png",
              "content": {
                "type": "map",
                "maps": [
                  "templegrounds"
                ]
              }
            },
            {
              "title": "Agon Wastes",
              "icon": "images/Icons/icon_agon.png",
              "content": {
                "type": "map",
                "maps": [
                  "agonwastes"
                ]
              }
            },
            {
              "title": "Torvus Bog",
              "icon": "images/Icons/icon_torvus.png",
              "content": {
                "type": "map",
                "maps": [
                  "torvusbog"
                ]
              }
            },
            {
              "title": "Sanctuary Fortress",
              "icon": "images/Icons/icon_sanctuary.png",
              "content": {
                "type": "map",
                "maps": [
                  "sanctuaryfortress"
                ]
              }
            },
            {
              "title": "Great Temple",
              "icon": "images/Icons/icon_temple.png",
              "content": {
                "type": "map",
                "maps": [
                  "greattemple"
                ]
              }
            }
          ]
        }
        ]
      }
    },
    "tracker_horizontal": {
      "type": "container",
      "background": "#000000",
      "content": {
        "type": "dock",
        "dropshadow": true,
        "content": [
          {
            "type": "dock",
            "dock": "left",
            "content": [
              {
                "type": "group",
                "header": "Items",
                "dock": "left",
				"scale": 1,
                "margin": "0,0,5,0",
                "content": {
                  "type": "layout",
                  "h_alignment": "center",
                  "v_alignment": "center",
                  "key": "shared_item_grid"
                }
              },
              {
                "type": "group",
                "header": "Pinned Locations",
                "content": {
                  "type": "recentpins",
                  "style": "wrap",
                  "h_alignment": "stretch",
                  "v_alignment": "stretch",
                  "orientation": "horizontal",
                  "compact": true
                }
              }
            ]
          },
        {
          "type": "tabbed",
          "tabs": [
            {
              "title": "Temple Grounds",
              "icon": "images/Icons/icon_temple.png",
              "content": {
                "type": "map",
                "maps": [
                  "templegrounds"
                ]
              }
            },
			{
              "title": "Sky Temple Grounds",
              "icon": "images/Icons/icon_dark.png",
              "content": {
                "type": "map",
                "maps": [
                  "skytg"
                ]
              }
            },
            {
              "title": "Agon Wastes",
              "icon": "images/Icons/icon_agon.png",
              "content": {
                "type": "map",
                "maps": [
                  "agonwastes"
                ]
              }
            },
			{
              "title": "Dark Agon",
              "icon": "images/Icons/icon_dark.png",
              "content": {
                "type": "map",
                "maps": [
                  "darkagon"
                ]
              }
            },
            {
              "title": "Torvus Bog",
              "icon": "images/Icons/icon_torvus.png",
              "content": {
                "type": "map",
                "maps": [
                  "torvusbog"
                ]
              }
            },
			{
              "title": "Dark Torvus",
              "icon": "images/Icons/icon_dark.png",
              "content": {
                "type": "map",
                "maps": [
                  "darktorvus"
                ]
              }
            },
            {
              "title": "Sanctuary Fortress",
              "icon": "images/Icons/icon_sanctuary.png",
              "content": {
                "type": "map",
                "maps": [
                  "sanctuaryfortress"
                ]
              }
            },
			{
              "title": "Ing Hive",
              "icon": "images/Icons/icon_dark.png",
              "content": {
                "type": "map",
                "maps": [
                  "inghive"
                ]
              }
            },
            {
              "title": "Great Temple",
              "icon": "images/Icons/icon_temple.png",
              "content": {
                "type": "map",
                "maps": [
                  "greattemple"
                ]
              }
            }
          ]
        }
      ]
    }
  }
 } 
}