{
  "map_enabled": true,
  "auto_pin_capturing_locations": false,
  "auto_unpin_on_clear": true,
  "layout_swap_left_right": false,
  "disabled_image_filter": "dim",
  "layouts": {
    "shared_item_grid": {
      "type": "itemgrid",
      "h_alignment": "center",
      "item_margin": "1,2",
	  "item_size": 40,
      "rows": [
        [ "violet", "amber", "emerald", "cobalt" ],
		[ "skytemplekey", "agonkey", "torvuskey", "sanctuarykey" ],
        [ "bomb","powerbomb", "boostball", "spider", "darkvisor", "echovisor" ],
        [ "darksuit", "lightsuit", "spacejump", "gravity", "grapple", "screwattack" ],
        [ "darkbeam", "lightbeam", "annihilator", "darkammo", "lightammo", "etank" ],
        [ "darkburst","sunburst","sonicboom","missile","supermissile", "missileexp" ]
      ]
    },
    "tracker_capture_item": {
      "type": "container",
      "content": {
        "type": "itemgrid",
        "h_alignment": "center",
        "item_margin": "1,2",
		"item_size": 40,
        "rows": [
        [ "violet", "amber", "emerald", "cobalt" ],
		[ "skytemplekey", "agonkey", "torvuskey", "sanctuarykey" ],
        [ "bomb","powerbomb", "boostball", "spider", "darkvisor", "echovisor" ],
        [ "darksuit", "lightsuit", "spacejump", "gravity", "grapple", "screwattack" ],
        [ "darkbeam", "lightbeam", "annihilator", "darkammo", "lightammo", "etank" ],
        [ "darkburst","sunburst","sonicboom","missile","supermissile", "missileexp" ]
        ]
      }
    },
    "tracker_default": {
      "type": "container",
      "background": "#000000",
      "content": {
        "type": "dock",
        "dropshadow": false,
        "content": [
          {
            "type": "dock",
            "dock": "left",
            "v_alignment": "stretch",
		    "margin": "0,0,3,0",
            "content": [
              {
                "type": "group",
                "header": "Items",
                "dock": "top",
                "header_content": {
                  "type": "button_popup",
                  "style": "settings",
                  "popup_background": "#FF212121",
                  "layout": "options_popup"
                },
                "content": {
                  "type": "layout",
                  "key": "shared_item_grid"
                }
              },
              {
                "type": "group",
                "header": "Pinned Locations",
	   		    "dock": "left",
                "content": {
                  "type": "recentpins",
                  "style": "wrap",
                  "h_alignment": "stretch",
                  "v_alignment": "stretch",
                  "compact": true
                }
              }
            ]
          },
          {
            "type": "tabbed",
            "tabs": [
              {
                "title": "Temple Grounds",
                "icon": "images/Icons/icon_temple.png",
                "content": {
                  "type": "map",
                  "maps": [
                    "templegrounds"
                  ]
                }
              },
              {
                "title": "Great Temple",
                "icon": "images/Icons/icon_temple.png",
                "content": {
                  "type": "map",
                  "maps": [
                    "greattemple"
                  ]
                }
              },
              {
                "title": "Agon Wastes",
                "icon": "images/Icons/icon_agon.png",
                "content": {
                  "type": "map",
                  "maps": [
                    "agonwastes"
                  ]
                }
              },
              {
                "title": "Torvus Bog",
                "icon": "images/Icons/icon_torvus.png",
                "content": {
                  "type": "map",
                  "maps": [
                    "torvusbog"
                  ]
                }
              },
              {
                "title": "Sanctuary Fortress",
                "icon": "images/Icons/icon_sanctuary.png",
                "content": {
                  "type": "map",
                  "maps": [
                    "sanctuaryfortress"
                  ]
                }
              },
              {
                "title": "Sky Temple Grounds",
                "icon": "images/Icons/icon_dark.png",
                "content": {
                  "type": "map",
                  "maps": [
                    "skytemplegrounds"
                  ]
                }
              },
              {
                "title": "Dark Agon",
                "icon": "images/Icons/icon_dark.png",
                "content": {
                  "type": "map",
                  "maps": [
                    "darkagon"
                  ]
                }
              },
              {
                "title": "Dark Torvus",
                "icon": "images/Icons/icon_dark.png",
                "content": {
                  "type": "map",
                  "maps": [
                    "darktorvus"
                  ]
                }
              },
              {
                "title": "Ing Hive",
                "icon": "images/Icons/icon_dark.png",
                "content": {
                  "type": "map",
                  "maps": [
                    "inghive"
                  ]
                }
              }
            ]
          }
        ]
      }
    },
    "tracker_horizontal": {
      "type": "container",
      "background": "#000000",
      "content": {
        "type": "dock",
        "dropshadow": false,
        "content": [
          {
            "type": "dock",
            "dock": "left",
            "v_alignment": "stretch",
		    "margin": "0,0,3,0",
            "content": [
              {
                "type": "group",
                "header": "Items",
                "dock": "top",
                "header_content": {
                  "type": "button_popup",
                  "style": "settings",
                  "popup_background": "#FF212121",
                  "layout": "options_popup"
                },
                "content": {
                  "type": "layout",
                  "key": "shared_item_grid"
                }
              },
              {
                "type": "group",
                "header": "Pinned Locations",
	   		    "dock": "left",
                "content": {
                  "type": "recentpins",
                  "style": "wrap",
                  "h_alignment": "stretch",
                  "v_alignment": "stretch",
                  "compact": true
                }
              }
            ]
          },
          {
            "type": "tabbed",
            "tabs": [
              {
                "title": "Temple Grounds",
                "icon": "images/Icons/icon_temple.png",
                "content": {
                  "type": "map",
                  "maps": [
                    "templegrounds"
                  ]
                }
              },
              {
                "title": "Great Temple",
                "icon": "images/Icons/icon_temple.png",
                "content": {
                  "type": "map",
                  "maps": [
                    "greattemple"
                  ]
                }
              },
              {
                "title": "Agon Wastes",
                "icon": "images/Icons/icon_agon.png",
                "content": {
                  "type": "map",
                  "maps": [
                    "agonwastes"
                  ]
                }
              },
              {
                "title": "Torvus Bog",
                "icon": "images/Icons/icon_torvus.png",
                "content": {
                  "type": "map",
                  "maps": [
                    "torvusbog"
                  ]
                }
              },
              {
                "title": "Sanctuary Fortress",
                "icon": "images/Icons/icon_sanctuary.png",
                "content": {
                  "type": "map",
                  "maps": [
                    "sanctuaryfortress"
                  ]
                }
              },
              {
                "title": "Sky Temple Grounds",
                "icon": "images/Icons/icon_dark.png",
                "content": {
                  "type": "map",
                  "maps": [
                    "skytg"
                  ]
                }
              },
              {
                "title": "Dark Agon",
                "icon": "images/Icons/icon_dark.png",
                "content": {
                  "type": "map",
                  "maps": [
                    "darkagon"
                  ]
                }
              },
              {
                "title": "Dark Torvus",
                "icon": "images/Icons/icon_dark.png",
                "content": {
                  "type": "map",
                  "maps": [
                    "darktorvus"
                  ]
                }
              },
              {
                "title": "Ing Hive",
                "icon": "images/Icons/icon_dark.png",
                "content": {
                  "type": "map",
                  "maps": [
                    "inghive"
                  ]
                }
              }
            ]
          }
        ]
      }
    }
  }
}