{
  "map_enabled": false,
  "auto_pin_capturing_locations": false,
  "auto_unpin_on_clear": false,
  "layout_swap_left_right": false,
  "disabled_image_filter": "dim",
  "layouts": {
    "shared_item_grid": {
      "type": "itemgrid",
      "h_alignment": "center",
      "item_margin": "1,2",
	  "item_size": 60,
      "rows": [
        [ "violet", "amber", "emerald", "cobalt" ],
		[ "skytemplekey", "agonkey", "torvuskey", "sanctuarykey" ],
        [ "darksuit", "lightsuit", "spacejump", "gravity", "grapple", "screw" ],
        [ "darkburst","sunburst","sonicboom","missile","supermissile", "missileexp" ],
        [ "darkbeam", "lightbeam", "annihilator", "chargebeam", "darkammo", "lightammo", "etank" ],
        [ "bomb", "powerbomb", "boostball", "spiderball", "scanvisor", "darkvisor", "echovisor" ],
		[ "bombguardian", "jumpguardian", "boostguardian", "grappleguardian", "spiderguardian", "powerguardian" ],
		[ "amorbis", "chykka", "quadraxis" ]
		]
    },
    "tracker_capture_item": {
      "type": "container",
      "content": {
        "type": "itemgrid",
        "h_alignment": "center",
        "item_margin": "1,2",
		"item_size": 60,
        "rows": [
        [ "violet", "amber", "emerald", "cobalt" ],
		[ "skytemplekey", "agonkey", "torvuskey", "sanctuarykey" ],
        [ "darksuit", "lightsuit", "spacejump", "gravity", "grapple", "screw" ],
        [ "darkburst","sunburst","sonicboom","missile","supermissile", "missileexp" ],
        [ "darkbeam", "lightbeam", "annihilator", "chargebeam", "darkammo", "lightammo", "etank" ],
        [ "bomb", "powerbomb", "boostball", "spiderball", "scanvisor", "darkvisor", "echovisor" ],
		[ "bombguardian", "jumpguardian", "boostguardian", "grappleguardian", "spiderguardian", "powerguardian" ],
		[ "amorbis", "chykka", "quadraxis" ]
        ]
      }
    },
  "tracker_default": {
    "type": "container",
    "background": "#000000",
    "dropshadow": true,
    "content": {
      "type": "array",
      "orientation": "vertical",
      "content": [
        {
          "type": "layout",
          "key": "shared_item_grid"
        }
      ]
    }
  }
 }
}