﻿{
  "map_enabled": true,
  "auto_pin_capturing_locations": false,
  "auto_unpin_on_clear": true,
  "layout_swap_left_right": false,
  "disabled_image_filter": "grayscale,dim",
  "shared_item_grid": {
    "type": "array",
    "orientation": "vertical",
    "margin": "0,0",
    "content": [
      {
        "type": "array",
        "orientation": "horizontal",
        "margin": "0,0",
        "content": [
          {
            "type": "itemgrid",
            "item_margin": "6,1",
            "h_alignment": "center",
            "rows": [
              [ "varia", "gravity", "highjump", "spacejump", "screw", "speed" ],
              [ "charge", "wave", "ice", "plasma", "spazer" ],
              [ "bomb",  "spider", "spring", "easy", "classicp" ],
              [ "etank", "missile", "supermissile", "powerbomb", "metroid" ]
            ]
          }
        ]
      }
    ]
  },
  "tracker_capture_item": {
    "type": "container",
    "content": {
      "type": "layout",
      "key": "shared_item_grid"
    }
  },
  "tracker_default": {
    "type": "container",
    "background": "#000000",
    "content": {
      "type": "dock",
      "dropshadow": true,
      "content": [
        {
          "type": "dock",
          "dock": "left",
          "v_alignment": "stretch",
          "content": [
            {
              "type": "group",
              "header": "Items",
              "dock": "top",
              "content": {
                "type": "layout",
                "key": "shared_item_grid"
              }
            },
            {
              "type": "group",
              "header": "Pinned Locations",
              "content": {
                "type": "recentpins",
                "style": "wrap",
                "h_alignment": "stretch",
                "v_alignment": "stretch",
                "orientation": "vertical",
                "compact": true
              }
            }
          ]
        },
        {
          "type": "tabbed",
          "tabs": [
            {
              "title": "SR388",
              "icon": "images/icons/sr388.png",
			  "content": {
                "type": "map",
                "maps": [
                  "sr388"
                ]
              }
            },
            {
              "title": "Golden Temple",
              "icon": "images/icons/goldentemple.png",
              "content": {
                "type": "map",
                "maps": [
                  "goldentemple"
                ]
              }
            },
            {
              "title": "Hydro Station",
              "icon": "images/icons/hydrostation.png",
              "content": {
                "type": "map",
                "maps": [
                  "hydrostation"
                ]
              }
            },
            {
              "title": "Industrial Complex",
              "icon": "images/icons/industrialcomplex.png",
              "content": {
                "type": "map",
                "maps": [
                  "industrialcomplex"
                ]
              }
            },
            {
              "title": "The Tower",
              "icon": "images/icons/thetower.png",
              "content": {
                "type": "map",
                "maps": [
                  "thetower"
                ]
              }
            },
            {
              "title": "Distribution Center",
              "icon": "images/icons/distributioncenter.png",
              "content": {
                "type": "map",
                "maps": [
                  "distributioncenter"
                ]
              }
            },
            {
              "title": "GFS Thoth",
              "icon": "images/icons/gfsthoth.png",
              "content": {
                "type": "map",
                "maps": [
                  "gfsthoth"
                ]
              }
            }
          ]
        }
      ]
    }
  },
  "tracker_horizontal": {
    "type": "container",
    "background": "#000000",
    "content": {
      "type": "dock",
      "dropshadow": true,
      "content": [
        {
          "type": "dock",
          "dock": "bottom",
          "content": [
            {
              "type": "group",
              "header": "Items",
              "dock": "left",
              "margin": "0,0,3,0",
              "content": {
                "type": "layout",
                "h_alignment": "center",
                "v_alignment": "center",
                "key": "shared_item_grid"
              }
            },
            {
              "type": "group",
              "header": "Pinned Locations",
              "content": {
                "type": "recentpins",
                "style": "wrap",
                "h_alignment": "stretch",
                "v_alignment": "stretch",
                "orientation": "horizontal",
                "compact": true
              }
            }
          ]
        },
        {
          "type": "tabbed",
          "tabs": [
            {
              "title": "SR388",
              "icon": "images/icons/sr388.png",
			  "content": {
                "type": "map",
                "maps": [
                  "sr388"
                ]
              }
            },
            {
              "title": "Golden Temple",
              "icon": "images/icons/goldentemple.png",
              "content": {
                "type": "map",
                "maps": [
                  "goldentemple"
                ]
              }
            },
            {
              "title": "Hydro Station",
              "icon": "images/icons/hydrostation.png",
              "content": {
                "type": "map",
                "maps": [
                  "hydrostation"
                ]
              }
            },
            {
              "title": "Industrial Complex",
              "icon": "images/icons/industrialcomplex.png",
              "content": {
                "type": "map",
                "maps": [
                  "industrialcomplex"
                ]
              }
            },
            {
              "title": "The Tower",
              "icon": "images/icons/thetower.png",
              "content": {
                "type": "map",
                "maps": [
                  "thetower"
                ]
              }
            },
            {
              "title": "Distribution Center",
              "icon": "images/icons/distributioncenter.png",
              "content": {
                "type": "map",
                "maps": [
                  "distributioncenter"
                ]
              }
            },
            {
              "title": "GFS Thoth",
              "icon": "images/icons/gfsthoth.png",
              "content": {
                "type": "map",
                "maps": [
                  "gfsthoth"
                ]
              }
            }
          ]
        }
      ]
    }
  }
}
